"Program","Year","Period","Week Ending","Geo Level","State","State ANSI","Ag District","Ag District Code","County","County ANSI","Zip Code","Region","watershed_code","Watershed","Commodity","Domain","Domain Category","CABBAGE, FRESH MARKET - APPLICATIONS, MEASURED IN LB  -  <b>VALUE</b>","CABBAGE, FRESH MARKET - APPLICATIONS, MEASURED IN LB  -  <b>CV (%)</b>","CABBAGE, FRESH MARKET - APPLICATIONS, MEASURED IN LB / ACRE / APPLICATION, AVG  -  <b>VALUE</b>","CABBAGE, FRESH MARKET - APPLICATIONS, MEASURED IN LB / ACRE / APPLICATION, AVG  -  <b>CV (%)</b>","CABBAGE, FRESH MARKET - APPLICATIONS, MEASURED IN LB / ACRE / YEAR, AVG  -  <b>VALUE</b>","CABBAGE, FRESH MARKET - APPLICATIONS, MEASURED IN LB / ACRE / YEAR, AVG  -  <b>CV (%)</b>","CABBAGE, FRESH MARKET - APPLICATIONS, MEASURED IN NUMBER, AVG  -  <b>VALUE</b>","CABBAGE, FRESH MARKET - APPLICATIONS, MEASURED IN NUMBER, AVG  -  <b>CV (%)</b>","CABBAGE, FRESH MARKET - TREATED, MEASURED IN PCT OF AREA PLANTED, AVG  -  <b>VALUE</b>","CABBAGE, FRESH MARKET - TREATED, MEASURED IN PCT OF AREA PLANTED, AVG  -  <b>CV (%)</b>"
"SURVEY","2016","YEAR","","REGION : MULTI-STATE","","","","","","","","PROGRAM STATES","00000000","","CABBAGE","CHEMICAL, FUNGICIDE","CHEMICAL, FUNGICIDE: (AMETOCTRADIN = 119210)"," (D)",""," (D)",""," (D)",""," (D)",""," (D)",""
"SURVEY","2016","YEAR","","REGION : MULTI-STATE","","","","","","","","PROGRAM STATES","00000000","","CABBAGE","CHEMICAL, FUNGICIDE","CHEMICAL, FUNGICIDE: (AZOXYSTROBIN = 128810)"," (D)",""," (D)",""," (D)",""," (D)",""," (D)",""
"SURVEY","2016","YEAR","","REGION : MULTI-STATE","","","","","","","","PROGRAM STATES","00000000","","CABBAGE","CHEMICAL, FUNGICIDE","CHEMICAL, FUNGICIDE: (BACILLUS AMYLOLIQUEFACIENS STRAIN D747 = 16482)"," (NA)",""," (NA)",""," (NA)",""," (D)",""," (D)",""
"SURVEY","2016","YEAR","","REGION : MULTI-STATE","","","","","","","","PROGRAM STATES","00000000","","CABBAGE","CHEMICAL, FUNGICIDE","CHEMICAL, FUNGICIDE: (BACILLUS SUBT. GB03 = 129068)"," (NA)",""," (NA)",""," (NA)",""," (D)",""," (D)",""
"SURVEY","2016","YEAR","","REGION : MULTI-STATE","","","","","","","","PROGRAM STATES","00000000","","CABBAGE","CHEMICAL, FUNGICIDE","CHEMICAL, FUNGICIDE: (BACILLUS SUBTILIS = 6479)"," (NA)",""," (NA)",""," (NA)",""," (D)",""," (D)",""
"SURVEY","2016","YEAR","","REGION : MULTI-STATE","","","","","","","","PROGRAM STATES","00000000","","CABBAGE","CHEMICAL, FUNGICIDE","CHEMICAL, FUNGICIDE: (BOSCALID = 128008)"," (D)",""," (D)",""," (D)",""," (D)",""," (D)",""
"SURVEY","2016","YEAR","","REGION : MULTI-STATE","","","","","","","","PROGRAM STATES","00000000","","CABBAGE","CHEMICAL, FUNGICIDE","CHEMICAL, FUNGICIDE: (CAPTAN = 81301)"," (D)",""," (D)",""," (D)",""," (D)",""," (D)",""
"SURVEY","2016","YEAR","","REGION : MULTI-STATE","","","","","","","","PROGRAM STATES","00000000","","CABBAGE","CHEMICAL, FUNGICIDE","CHEMICAL, FUNGICIDE: (CHLOROTHALONIL = 81901)"," (D)",""," (D)",""," (D)",""," (D)",""," (D)",""
"SURVEY","2016","YEAR","","REGION : MULTI-STATE","","","","","","","","PROGRAM STATES","00000000","","CABBAGE","CHEMICAL, FUNGICIDE","CHEMICAL, FUNGICIDE: (CONIOTHYRIUM MINITAN = 28836)"," (D)",""," (D)",""," (D)",""," (D)",""," (D)",""
"SURVEY","2016","YEAR","","REGION : MULTI-STATE","","","","","","","","PROGRAM STATES","00000000","","CABBAGE","CHEMICAL, FUNGICIDE","CHEMICAL, FUNGICIDE: (COPPER HYDROXIDE = 23401)"," (D)",""," (D)",""," (D)",""," (D)",""," (D)",""
"SURVEY","2016","YEAR","","REGION : MULTI-STATE","","","","","","","","PROGRAM STATES","00000000","","CABBAGE","CHEMICAL, FUNGICIDE","CHEMICAL, FUNGICIDE: (COPPER OCTANOATE = 23306)"," (D)",""," (D)",""," (D)",""," (D)",""," (D)",""
"SURVEY","2016","YEAR","","REGION : MULTI-STATE","","","","","","","","PROGRAM STATES","00000000","","CABBAGE","CHEMICAL, FUNGICIDE","CHEMICAL, FUNGICIDE: (CYAZOFAMID = 85651)"," (D)",""," (D)",""," (D)",""," (D)",""," (D)",""
"SURVEY","2016","YEAR","","REGION : MULTI-STATE","","","","","","","","PROGRAM STATES","00000000","","CABBAGE","CHEMICAL, FUNGICIDE","CHEMICAL, FUNGICIDE: (CYPRODINIL = 288202)"," (D)",""," (D)",""," (D)",""," (D)",""," (D)",""
"SURVEY","2016","YEAR","","REGION : MULTI-STATE","","","","","","","","PROGRAM STATES","00000000","","CABBAGE","CHEMICAL, FUNGICIDE","CHEMICAL, FUNGICIDE: (DIFENOCONAZOLE = 128847)"," (D)",""," (D)",""," (D)",""," (D)",""," (D)",""
"SURVEY","2016","YEAR","","REGION : MULTI-STATE","","","","","","","","PROGRAM STATES","00000000","","CABBAGE","CHEMICAL, FUNGICIDE","CHEMICAL, FUNGICIDE: (DIMETHOMORPH = 268800)"," (D)",""," (D)",""," (D)",""," (D)",""," (D)",""
"SURVEY","2016","YEAR","","REGION : MULTI-STATE","","","","","","","","PROGRAM STATES","00000000","","CABBAGE","CHEMICAL, FUNGICIDE","CHEMICAL, FUNGICIDE: (FENAMIDONE = 46679)"," (D)",""," (D)",""," (D)",""," (D)",""," (D)",""
"SURVEY","2016","YEAR","","REGION : MULTI-STATE","","","","","","","","PROGRAM STATES","00000000","","CABBAGE","CHEMICAL, FUNGICIDE","CHEMICAL, FUNGICIDE: (FLUDIOXONIL = 71503)"," (D)",""," (D)",""," (D)",""," (D)",""," (D)",""
"SURVEY","2016","YEAR","","REGION : MULTI-STATE","","","","","","","","PROGRAM STATES","00000000","","CABBAGE","CHEMICAL, FUNGICIDE","CHEMICAL, FUNGICIDE: (FLUOPICOLIDE = 27412)"," (D)",""," (D)",""," (D)",""," (D)",""," (D)",""
"SURVEY","2016","YEAR","","REGION : MULTI-STATE","","","","","","","","PROGRAM STATES","00000000","","CABBAGE","CHEMICAL, FUNGICIDE","CHEMICAL, FUNGICIDE: (FLUOPYRAM = 80302)"," (D)",""," (D)",""," (D)",""," (D)",""," (D)",""
"SURVEY","2016","YEAR","","REGION : MULTI-STATE","","","","","","","","PROGRAM STATES","00000000","","CABBAGE","CHEMICAL, FUNGICIDE","CHEMICAL, FUNGICIDE: (MANCOZEB = 14504)"," (D)",""," (D)",""," (D)",""," (D)",""," (D)",""
"SURVEY","2016","YEAR","","REGION : MULTI-STATE","","","","","","","","PROGRAM STATES","00000000","","CABBAGE","CHEMICAL, FUNGICIDE","CHEMICAL, FUNGICIDE: (MANDIPROPAMIDE TECHN = 36602)"," (D)",""," (D)",""," (D)",""," (D)",""," (D)",""
"SURVEY","2016","YEAR","","REGION : MULTI-STATE","","","","","","","","PROGRAM STATES","00000000","","CABBAGE","CHEMICAL, FUNGICIDE","CHEMICAL, FUNGICIDE: (MEFENOXAM = 113502)"," (D)",""," (D)",""," (D)",""," (D)",""," (D)",""
"SURVEY","2016","YEAR","","REGION : MULTI-STATE","","","","","","","","PROGRAM STATES","00000000","","CABBAGE","CHEMICAL, FUNGICIDE","CHEMICAL, FUNGICIDE: (MONO-POTASSIUM SALT = 76416)"," (D)",""," (D)",""," (D)",""," (D)",""," (D)",""
"SURVEY","2016","YEAR","","REGION : MULTI-STATE","","","","","","","","PROGRAM STATES","00000000","","CABBAGE","CHEMICAL, FUNGICIDE","CHEMICAL, FUNGICIDE: (PENTHIOPYRAD = 90112)"," (D)",""," (D)",""," (D)",""," (D)",""," (D)",""
"SURVEY","2016","YEAR","","REGION : MULTI-STATE","","","","","","","","PROGRAM STATES","00000000","","CABBAGE","CHEMICAL, FUNGICIDE","CHEMICAL, FUNGICIDE: (POTASSIUM BICARBON. = 73508)"," (D)",""," (D)",""," (D)",""," (D)",""," (D)",""
"SURVEY","2016","YEAR","","REGION : MULTI-STATE","","","","","","","","PROGRAM STATES","00000000","","CABBAGE","CHEMICAL, FUNGICIDE","CHEMICAL, FUNGICIDE: (PYRACLOSTROBIN = 99100)"," (D)",""," (D)",""," (D)",""," (D)",""," (D)",""
"SURVEY","2016","YEAR","","REGION : MULTI-STATE","","","","","","","","PROGRAM STATES","00000000","","CABBAGE","CHEMICAL, FUNGICIDE","CHEMICAL, FUNGICIDE: (SULFUR = 77501)"," (D)",""," (D)",""," (D)",""," (D)",""," (D)",""
"SURVEY","2016","YEAR","","REGION : MULTI-STATE","","","","","","","","PROGRAM STATES","00000000","","CABBAGE","CHEMICAL, FUNGICIDE","CHEMICAL, FUNGICIDE: (TEBUCONAZOLE = 128997)"," (D)",""," (D)",""," (D)",""," (D)",""," (D)",""
"SURVEY","2016","YEAR","","REGION : MULTI-STATE","","","","","","","","PROGRAM STATES","00000000","","CABBAGE","CHEMICAL, FUNGICIDE","CHEMICAL, FUNGICIDE: (THIOPHANATE-METHYL = 102001)"," (D)",""," (D)",""," (D)",""," (D)",""," (D)",""
"SURVEY","2016","YEAR","","REGION : MULTI-STATE","","","","","","","","PROGRAM STATES","00000000","","CABBAGE","CHEMICAL, FUNGICIDE","CHEMICAL, FUNGICIDE: (TOTAL)"," (D)","","","","","","",""," (D)",""
"SURVEY","2016","YEAR","","REGION : MULTI-STATE","","","","","","","","PROGRAM STATES","00000000","","CABBAGE","CHEMICAL, FUNGICIDE","CHEMICAL, FUNGICIDE: (TRIFLOXYSTROBIN = 129112)"," (D)",""," (D)",""," (D)",""," (D)",""," (D)",""
"SURVEY","2016","YEAR","","REGION : MULTI-STATE","","","","","","","","PROGRAM STATES","00000000","","CABBAGE","CHEMICAL, FUNGICIDE","CHEMICAL, FUNGICIDE: (TRIFLUMIZOLE = 128879)"," (D)",""," (D)",""," (D)",""," (D)",""," (D)",""
"SURVEY","2016","YEAR","","REGION : MULTI-STATE","","","","","","","","PROGRAM STATES","00000000","","CABBAGE","CHEMICAL, HERBICIDE","CHEMICAL, HERBICIDE: (2,4-D, DIMETH. SALT = 30019)"," (D)",""," (D)",""," (D)",""," (D)",""," (D)",""
"SURVEY","2016","YEAR","","REGION : MULTI-STATE","","","","","","","","PROGRAM STATES","00000000","","CABBAGE","CHEMICAL, HERBICIDE","CHEMICAL, HERBICIDE: (BENSULIDE = 9801)"," (D)",""," (D)",""," (D)",""," (D)",""," (D)",""
"SURVEY","2016","YEAR","","REGION : MULTI-STATE","","","","","","","","PROGRAM STATES","00000000","","CABBAGE","CHEMICAL, HERBICIDE","CHEMICAL, HERBICIDE: (BROMOXYNIL HEPTAN. = 128920)"," (D)",""," (D)",""," (D)",""," (D)",""," (D)",""
"SURVEY","2016","YEAR","","REGION : MULTI-STATE","","","","","","","","PROGRAM STATES","00000000","","CABBAGE","CHEMICAL, HERBICIDE","CHEMICAL, HERBICIDE: (BROMOXYNIL OCTANOATE = 35302)"," (D)",""," (D)",""," (D)",""," (D)",""," (D)",""
"SURVEY","2016","YEAR","","REGION : MULTI-STATE","","","","","","","","PROGRAM STATES","00000000","","CABBAGE","CHEMICAL, HERBICIDE","CHEMICAL, HERBICIDE: (CLETHODIM = 121011)"," (D)",""," (D)",""," (D)",""," (D)",""," (D)",""
"SURVEY","2016","YEAR","","REGION : MULTI-STATE","","","","","","","","PROGRAM STATES","00000000","","CABBAGE","CHEMICAL, HERBICIDE","CHEMICAL, HERBICIDE: (CLOMAZONE = 125401)"," (D)",""," (D)",""," (D)",""," (D)",""," (D)",""
"SURVEY","2016","YEAR","","REGION : MULTI-STATE","","","","","","","","PROGRAM STATES","00000000","","CABBAGE","CHEMICAL, HERBICIDE","CHEMICAL, HERBICIDE: (CLOPYRALID MONO SALT = 117401)"," (D)",""," (D)",""," (D)",""," (D)",""," (D)",""
"SURVEY","2016","YEAR","","REGION : MULTI-STATE","","","","","","","","PROGRAM STATES","00000000","","CABBAGE","CHEMICAL, HERBICIDE","CHEMICAL, HERBICIDE: (DCPA = 78701)"," (D)",""," (D)",""," (D)",""," (D)",""," (D)",""
"SURVEY","2016","YEAR","","REGION : MULTI-STATE","","","","","","","","PROGRAM STATES","00000000","","CABBAGE","CHEMICAL, HERBICIDE","CHEMICAL, HERBICIDE: (DICAMBA, DIMET. SALT = 29802)"," (D)",""," (D)",""," (D)",""," (D)",""," (D)",""
"SURVEY","2016","YEAR","","REGION : MULTI-STATE","","","","","","","","PROGRAM STATES","00000000","","CABBAGE","CHEMICAL, HERBICIDE","CHEMICAL, HERBICIDE: (DIQUAT DIBROMIDE = 32201)"," (D)",""," (D)",""," (D)",""," (D)",""," (D)",""
"SURVEY","2016","YEAR","","REGION : MULTI-STATE","","","","","","","","PROGRAM STATES","00000000","","CABBAGE","CHEMICAL, HERBICIDE","CHEMICAL, HERBICIDE: (EPTC = 41401)"," (D)",""," (D)",""," (D)",""," (D)",""," (D)",""
"SURVEY","2016","YEAR","","REGION : MULTI-STATE","","","","","","","","PROGRAM STATES","00000000","","CABBAGE","CHEMICAL, HERBICIDE","CHEMICAL, HERBICIDE: (ETHALFLURALIN = 113101)"," (D)",""," (D)",""," (D)",""," (D)",""," (D)",""
"SURVEY","2016","YEAR","","REGION : MULTI-STATE","","","","","","","","PROGRAM STATES","00000000","","CABBAGE","CHEMICAL, HERBICIDE","CHEMICAL, HERBICIDE: (FLUAZIFOP-P-BUTYL = 122809)"," (D)",""," (D)",""," (D)",""," (D)",""," (D)",""
"SURVEY","2016","YEAR","","REGION : MULTI-STATE","","","","","","","","PROGRAM STATES","00000000","","CABBAGE","CHEMICAL, HERBICIDE","CHEMICAL, HERBICIDE: (GLYPHOSATE ISO. SALT = 103601)"," (D)",""," (D)",""," (D)",""," (D)",""," (D)",""
"SURVEY","2016","YEAR","","REGION : MULTI-STATE","","","","","","","","PROGRAM STATES","00000000","","CABBAGE","CHEMICAL, HERBICIDE","CHEMICAL, HERBICIDE: (GLYPHOSATE POT. SALT = 103613)"," (D)",""," (D)",""," (D)",""," (D)",""," (D)",""
"SURVEY","2016","YEAR","","REGION : MULTI-STATE","","","","","","","","PROGRAM STATES","00000000","","CABBAGE","CHEMICAL, HERBICIDE","CHEMICAL, HERBICIDE: (HEXAZINONE = 107201)"," (D)",""," (D)",""," (D)",""," (D)",""," (D)",""
"SURVEY","2016","YEAR","","REGION : MULTI-STATE","","","","","","","","PROGRAM STATES","00000000","","CABBAGE","CHEMICAL, HERBICIDE","CHEMICAL, HERBICIDE: (METOLACHLOR = 108801)"," (D)",""," (D)",""," (D)",""," (D)",""," (D)",""
"SURVEY","2016","YEAR","","REGION : MULTI-STATE","","","","","","","","PROGRAM STATES","00000000","","CABBAGE","CHEMICAL, HERBICIDE","CHEMICAL, HERBICIDE: (NAPROPAMIDE = 103001)"," (D)",""," (D)",""," (D)",""," (D)",""," (D)",""
"SURVEY","2016","YEAR","","REGION : MULTI-STATE","","","","","","","","PROGRAM STATES","00000000","","CABBAGE","CHEMICAL, HERBICIDE","CHEMICAL, HERBICIDE: (OXYFLUORFEN = 111601)"," (D)",""," (D)",""," (D)",""," (D)",""," (D)",""
"SURVEY","2016","YEAR","","REGION : MULTI-STATE","","","","","","","","PROGRAM STATES","00000000","","CABBAGE","CHEMICAL, HERBICIDE","CHEMICAL, HERBICIDE: (PARAQUAT = 61601)"," (D)",""," (D)",""," (D)",""," (D)",""," (D)",""
"SURVEY","2016","YEAR","","REGION : MULTI-STATE","","","","","","","","PROGRAM STATES","00000000","","CABBAGE","CHEMICAL, HERBICIDE","CHEMICAL, HERBICIDE: (PENDIMETHALIN = 108501)"," (D)",""," (D)",""," (D)",""," (D)",""," (D)",""
"SURVEY","2016","YEAR","","REGION : MULTI-STATE","","","","","","","","PROGRAM STATES","00000000","","CABBAGE","CHEMICAL, HERBICIDE","CHEMICAL, HERBICIDE: (S-METOLACHLOR = 108800)"," (D)",""," (D)",""," (D)",""," (D)",""," (D)",""
"SURVEY","2016","YEAR","","REGION : MULTI-STATE","","","","","","","","PROGRAM STATES","00000000","","CABBAGE","CHEMICAL, HERBICIDE","CHEMICAL, HERBICIDE: (SETHOXYDIM = 121001)"," (D)",""," (D)",""," (D)",""," (D)",""," (D)",""
"SURVEY","2016","YEAR","","REGION : MULTI-STATE","","","","","","","","PROGRAM STATES","00000000","","CABBAGE","CHEMICAL, HERBICIDE","CHEMICAL, HERBICIDE: (SULFENTRAZONE = 129081)"," (D)",""," (D)",""," (D)",""," (D)",""," (D)",""
"SURVEY","2016","YEAR","","REGION : MULTI-STATE","","","","","","","","PROGRAM STATES","00000000","","CABBAGE","CHEMICAL, HERBICIDE","CHEMICAL, HERBICIDE: (TOTAL)"," (D)","","","","","","",""," (D)",""
"SURVEY","2016","YEAR","","REGION : MULTI-STATE","","","","","","","","PROGRAM STATES","00000000","","CABBAGE","CHEMICAL, HERBICIDE","CHEMICAL, HERBICIDE: (TRIFLURALIN = 36101)"," (D)",""," (D)",""," (D)",""," (D)",""," (D)",""
"SURVEY","2016","YEAR","","REGION : MULTI-STATE","","","","","","","","PROGRAM STATES","00000000","","CABBAGE","CHEMICAL, INSECTICIDE","CHEMICAL, INSECTICIDE: (ACEPHATE = 103301)"," (D)",""," (D)",""," (D)",""," (D)",""," (D)",""
"SURVEY","2016","YEAR","","REGION : MULTI-STATE","","","","","","","","PROGRAM STATES","00000000","","CABBAGE","CHEMICAL, INSECTICIDE","CHEMICAL, INSECTICIDE: (ACETAMIPRID = 99050)"," (D)",""," (D)",""," (D)",""," (D)",""," (D)",""
"SURVEY","2016","YEAR","","REGION : MULTI-STATE","","","","","","","","PROGRAM STATES","00000000","","CABBAGE","CHEMICAL, INSECTICIDE","CHEMICAL, INSECTICIDE: (AZADIRACHTIN = 121701)"," (D)",""," (D)",""," (D)",""," (D)",""," (D)",""
"SURVEY","2016","YEAR","","REGION : MULTI-STATE","","","","","","","","PROGRAM STATES","00000000","","CABBAGE","CHEMICAL, INSECTICIDE","CHEMICAL, INSECTICIDE: (BETA-CYFLUTHRIN = 118831)"," (D)",""," (D)",""," (D)",""," (D)",""," (D)",""
"SURVEY","2016","YEAR","","REGION : MULTI-STATE","","","","","","","","PROGRAM STATES","00000000","","CABBAGE","CHEMICAL, INSECTICIDE","CHEMICAL, INSECTICIDE: (BIFENTHRIN = 128825)"," (D)",""," (D)",""," (D)",""," (D)",""," (D)",""
"SURVEY","2016","YEAR","","REGION : MULTI-STATE","","","","","","","","PROGRAM STATES","00000000","","CABBAGE","CHEMICAL, INSECTICIDE","CHEMICAL, INSECTICIDE: (BT KURSTAK ABTS-1857 = 6523)"," (NA)",""," (NA)",""," (NA)",""," (D)",""," (D)",""
"SURVEY","2016","YEAR","","REGION : MULTI-STATE","","","","","","","","PROGRAM STATES","00000000","","CABBAGE","CHEMICAL, INSECTICIDE","CHEMICAL, INSECTICIDE: (BT KURSTAKI ABTS-351 = 6522)"," (NA)",""," (NA)",""," (NA)",""," (D)",""," (D)",""
"SURVEY","2016","YEAR","","REGION : MULTI-STATE","","","","","","","","PROGRAM STATES","00000000","","CABBAGE","CHEMICAL, INSECTICIDE","CHEMICAL, INSECTICIDE: (BT KURSTAKI SA-11 = 6519)"," (NA)",""," (NA)",""," (NA)",""," (D)",""," (D)",""
"SURVEY","2016","YEAR","","REGION : MULTI-STATE","","","","","","","","PROGRAM STATES","00000000","","CABBAGE","CHEMICAL, INSECTICIDE","CHEMICAL, INSECTICIDE: (BT SUB AIZAWAI GC-91 = 6426)"," (NA)",""," (NA)",""," (NA)",""," (D)",""," (D)",""
"SURVEY","2016","YEAR","","REGION : MULTI-STATE","","","","","","","","PROGRAM STATES","00000000","","CABBAGE","CHEMICAL, INSECTICIDE","CHEMICAL, INSECTICIDE: (BUPROFEZIN = 275100)"," (D)",""," (D)",""," (D)",""," (D)",""," (D)",""
"SURVEY","2016","YEAR","","REGION : MULTI-STATE","","","","","","","","PROGRAM STATES","00000000","","CABBAGE","CHEMICAL, INSECTICIDE","CHEMICAL, INSECTICIDE: (CARBARYL = 56801)"," (D)",""," (D)",""," (D)",""," (D)",""," (D)",""
"SURVEY","2016","YEAR","","REGION : MULTI-STATE","","","","","","","","PROGRAM STATES","00000000","","CABBAGE","CHEMICAL, INSECTICIDE","CHEMICAL, INSECTICIDE: (CHLORANTRANILIPROLE = 90100)"," (D)",""," (D)",""," (D)",""," (D)",""," (D)",""
"SURVEY","2016","YEAR","","REGION : MULTI-STATE","","","","","","","","PROGRAM STATES","00000000","","CABBAGE","CHEMICAL, INSECTICIDE","CHEMICAL, INSECTICIDE: (CHLORPYRIFOS = 59101)"," (D)",""," (D)",""," (D)",""," (D)",""," (D)",""
"SURVEY","2016","YEAR","","REGION : MULTI-STATE","","","","","","","","PROGRAM STATES","00000000","","CABBAGE","CHEMICAL, INSECTICIDE","CHEMICAL, INSECTICIDE: (CLOTHIANIDIN = 44309)"," (D)",""," (D)",""," (D)",""," (D)",""," (D)",""
"SURVEY","2016","YEAR","","REGION : MULTI-STATE","","","","","","","","PROGRAM STATES","00000000","","CABBAGE","CHEMICAL, INSECTICIDE","CHEMICAL, INSECTICIDE: (CYANTRANILIPROLE = 90098)"," (D)",""," (D)",""," (D)",""," (D)",""," (D)",""
"SURVEY","2016","YEAR","","REGION : MULTI-STATE","","","","","","","","PROGRAM STATES","00000000","","CABBAGE","CHEMICAL, INSECTICIDE","CHEMICAL, INSECTICIDE: (CYFLUTHRIN = 128831)"," (D)",""," (D)",""," (D)",""," (D)",""," (D)",""
"SURVEY","2016","YEAR","","REGION : MULTI-STATE","","","","","","","","PROGRAM STATES","00000000","","CABBAGE","CHEMICAL, INSECTICIDE","CHEMICAL, INSECTICIDE: (CYPERMETHRIN = 109702)"," (D)",""," (D)",""," (D)",""," (D)",""," (D)",""
"SURVEY","2016","YEAR","","REGION : MULTI-STATE","","","","","","","","PROGRAM STATES","00000000","","CABBAGE","CHEMICAL, INSECTICIDE","CHEMICAL, INSECTICIDE: (DIAZINON = 57801)"," (D)",""," (D)",""," (D)",""," (D)",""," (D)",""
"SURVEY","2016","YEAR","","REGION : MULTI-STATE","","","","","","","","PROGRAM STATES","00000000","","CABBAGE","CHEMICAL, INSECTICIDE","CHEMICAL, INSECTICIDE: (DINOTEFURAN = 44312)"," (D)",""," (D)",""," (D)",""," (D)",""," (D)",""
"SURVEY","2016","YEAR","","REGION : MULTI-STATE","","","","","","","","PROGRAM STATES","00000000","","CABBAGE","CHEMICAL, INSECTICIDE","CHEMICAL, INSECTICIDE: (EMAMECTIN BENZOATE = 122806)"," (D)",""," (D)",""," (D)",""," (D)",""," (D)",""
"SURVEY","2016","YEAR","","REGION : MULTI-STATE","","","","","","","","PROGRAM STATES","00000000","","CABBAGE","CHEMICAL, INSECTICIDE","CHEMICAL, INSECTICIDE: (ESFENVALERATE = 109303)"," (D)",""," (D)",""," (D)",""," (D)",""," (D)",""
"SURVEY","2016","YEAR","","REGION : MULTI-STATE","","","","","","","","PROGRAM STATES","00000000","","CABBAGE","CHEMICAL, INSECTICIDE","CHEMICAL, INSECTICIDE: (FLONICAMID = 128016)"," (D)",""," (D)",""," (D)",""," (D)",""," (D)",""
"SURVEY","2016","YEAR","","REGION : MULTI-STATE","","","","","","","","PROGRAM STATES","00000000","","CABBAGE","CHEMICAL, INSECTICIDE","CHEMICAL, INSECTICIDE: (FLUBENDIAMIDE = 27602)"," (D)",""," (D)",""," (D)",""," (D)",""," (D)",""
"SURVEY","2016","YEAR","","REGION : MULTI-STATE","","","","","","","","PROGRAM STATES","00000000","","CABBAGE","CHEMICAL, INSECTICIDE","CHEMICAL, INSECTICIDE: (FLUPYRADIFURONE = 122304)"," (D)",""," (D)",""," (D)",""," (D)",""," (D)",""
"SURVEY","2016","YEAR","","REGION : MULTI-STATE","","","","","","","","PROGRAM STATES","00000000","","CABBAGE","CHEMICAL, INSECTICIDE","CHEMICAL, INSECTICIDE: (GAMMA-CYHALOTHRIN = 128807)"," (D)",""," (D)",""," (D)",""," (D)",""," (D)",""
"SURVEY","2016","YEAR","","REGION : MULTI-STATE","","","","","","","","PROGRAM STATES","00000000","","CABBAGE","CHEMICAL, INSECTICIDE","CHEMICAL, INSECTICIDE: (IMIDACLOPRID = 129099)"," (D)",""," (D)",""," (D)",""," (D)",""," (D)",""
"SURVEY","2016","YEAR","","REGION : MULTI-STATE","","","","","","","","PROGRAM STATES","00000000","","CABBAGE","CHEMICAL, INSECTICIDE","CHEMICAL, INSECTICIDE: (INDOXACARB = 67710)"," (D)",""," (D)",""," (D)",""," (D)",""," (D)",""
"SURVEY","2016","YEAR","","REGION : MULTI-STATE","","","","","","","","PROGRAM STATES","00000000","","CABBAGE","CHEMICAL, INSECTICIDE","CHEMICAL, INSECTICIDE: (LAMBDA-CYHALOTHRIN = 128897)"," (D)",""," (D)",""," (D)",""," (D)",""," (D)",""
"SURVEY","2016","YEAR","","REGION : MULTI-STATE","","","","","","","","PROGRAM STATES","00000000","","CABBAGE","CHEMICAL, INSECTICIDE","CHEMICAL, INSECTICIDE: (MALATHION = 57701)"," (D)",""," (D)",""," (D)",""," (D)",""," (D)",""
"SURVEY","2016","YEAR","","REGION : MULTI-STATE","","","","","","","","PROGRAM STATES","00000000","","CABBAGE","CHEMICAL, INSECTICIDE","CHEMICAL, INSECTICIDE: (METHOMYL = 90301)"," (D)",""," (D)",""," (D)",""," (D)",""," (D)",""
"SURVEY","2016","YEAR","","REGION : MULTI-STATE","","","","","","","","PROGRAM STATES","00000000","","CABBAGE","CHEMICAL, INSECTICIDE","CHEMICAL, INSECTICIDE: (METHOXYFENOZIDE = 121027)"," (D)",""," (D)",""," (D)",""," (D)",""," (D)",""
"SURVEY","2016","YEAR","","REGION : MULTI-STATE","","","","","","","","PROGRAM STATES","00000000","","CABBAGE","CHEMICAL, INSECTICIDE","CHEMICAL, INSECTICIDE: (MYROTHECIUM VERRUC. = 119204)"," (NA)",""," (NA)",""," (NA)",""," (D)",""," (D)",""
"SURVEY","2016","YEAR","","REGION : MULTI-STATE","","","","","","","","PROGRAM STATES","00000000","","CABBAGE","CHEMICAL, INSECTICIDE","CHEMICAL, INSECTICIDE: (NALED = 34401)"," (D)",""," (D)",""," (D)",""," (D)",""," (D)",""
"SURVEY","2016","YEAR","","REGION : MULTI-STATE","","","","","","","","PROGRAM STATES","00000000","","CABBAGE","CHEMICAL, INSECTICIDE","CHEMICAL, INSECTICIDE: (NEEM OIL = 25006)"," (D)",""," (D)",""," (D)",""," (D)",""," (D)",""
"SURVEY","2016","YEAR","","REGION : MULTI-STATE","","","","","","","","PROGRAM STATES","00000000","","CABBAGE","CHEMICAL, INSECTICIDE","CHEMICAL, INSECTICIDE: (NEEM OIL, CLAR. HYD. = 25007)"," (D)",""," (D)",""," (D)",""," (D)",""," (D)",""
"SURVEY","2016","YEAR","","REGION : MULTI-STATE","","","","","","","","PROGRAM STATES","00000000","","CABBAGE","CHEMICAL, INSECTICIDE","CHEMICAL, INSECTICIDE: (NOVALURON = 124002)"," (D)",""," (D)",""," (D)",""," (D)",""," (D)",""
"SURVEY","2016","YEAR","","REGION : MULTI-STATE","","","","","","","","PROGRAM STATES","00000000","","CABBAGE","CHEMICAL, INSECTICIDE","CHEMICAL, INSECTICIDE: (PERMETHRIN = 109701)"," (D)",""," (D)",""," (D)",""," (D)",""," (D)",""
"SURVEY","2016","YEAR","","REGION : MULTI-STATE","","","","","","","","PROGRAM STATES","00000000","","CABBAGE","CHEMICAL, INSECTICIDE","CHEMICAL, INSECTICIDE: (PIPERONYL BUTOXIDE = 67501)"," (D)",""," (D)",""," (D)",""," (D)",""," (D)",""
"SURVEY","2016","YEAR","","REGION : MULTI-STATE","","","","","","","","PROGRAM STATES","00000000","","CABBAGE","CHEMICAL, INSECTICIDE","CHEMICAL, INSECTICIDE: (POTASSIUM SALTS = 79021)"," (D)",""," (D)",""," (D)",""," (D)",""," (D)",""
"SURVEY","2016","YEAR","","REGION : MULTI-STATE","","","","","","","","PROGRAM STATES","00000000","","CABBAGE","CHEMICAL, INSECTICIDE","CHEMICAL, INSECTICIDE: (PYMETROZINE = 101103)"," (D)",""," (D)",""," (D)",""," (D)",""," (D)",""
"SURVEY","2016","YEAR","","REGION : MULTI-STATE","","","","","","","","PROGRAM STATES","00000000","","CABBAGE","CHEMICAL, INSECTICIDE","CHEMICAL, INSECTICIDE: (PYRETHRINS = 69001)"," (D)",""," (D)",""," (D)",""," (D)",""," (D)",""
"SURVEY","2016","YEAR","","REGION : MULTI-STATE","","","","","","","","PROGRAM STATES","00000000","","CABBAGE","CHEMICAL, INSECTICIDE","CHEMICAL, INSECTICIDE: (PYRIPROXYFEN = 129032)"," (D)",""," (D)",""," (D)",""," (D)",""," (D)",""
"SURVEY","2016","YEAR","","REGION : MULTI-STATE","","","","","","","","PROGRAM STATES","00000000","","CABBAGE","CHEMICAL, INSECTICIDE","CHEMICAL, INSECTICIDE: (SPINETORAM = 110007)"," (D)",""," (D)",""," (D)",""," (D)",""," (D)",""
"SURVEY","2016","YEAR","","REGION : MULTI-STATE","","","","","","","","PROGRAM STATES","00000000","","CABBAGE","CHEMICAL, INSECTICIDE","CHEMICAL, INSECTICIDE: (SPINOSAD = 110003)"," (D)",""," (D)",""," (D)",""," (D)",""," (D)",""
"SURVEY","2016","YEAR","","REGION : MULTI-STATE","","","","","","","","PROGRAM STATES","00000000","","CABBAGE","CHEMICAL, INSECTICIDE","CHEMICAL, INSECTICIDE: (SPIROMESIFEN = 24875)"," (D)",""," (D)",""," (D)",""," (D)",""," (D)",""
"SURVEY","2016","YEAR","","REGION : MULTI-STATE","","","","","","","","PROGRAM STATES","00000000","","CABBAGE","CHEMICAL, INSECTICIDE","CHEMICAL, INSECTICIDE: (SPIROTETRAMAT = 392201)"," (D)",""," (D)",""," (D)",""," (D)",""," (D)",""
"SURVEY","2016","YEAR","","REGION : MULTI-STATE","","","","","","","","PROGRAM STATES","00000000","","CABBAGE","CHEMICAL, INSECTICIDE","CHEMICAL, INSECTICIDE: (SULFOXAFLOR = 5210)"," (D)",""," (D)",""," (D)",""," (D)",""," (D)",""
"SURVEY","2016","YEAR","","REGION : MULTI-STATE","","","","","","","","PROGRAM STATES","00000000","","CABBAGE","CHEMICAL, INSECTICIDE","CHEMICAL, INSECTICIDE: (THIAMETHOXAM = 60109)"," (D)",""," (D)",""," (D)",""," (D)",""," (D)",""
"SURVEY","2016","YEAR","","REGION : MULTI-STATE","","","","","","","","PROGRAM STATES","00000000","","CABBAGE","CHEMICAL, INSECTICIDE","CHEMICAL, INSECTICIDE: (THIODICARB = 114501)"," (D)",""," (D)",""," (D)",""," (D)",""," (D)",""
"SURVEY","2016","YEAR","","REGION : MULTI-STATE","","","","","","","","PROGRAM STATES","00000000","","CABBAGE","CHEMICAL, INSECTICIDE","CHEMICAL, INSECTICIDE: (TOTAL)"," (D)","","","","","","",""," (D)",""
"SURVEY","2016","YEAR","","REGION : MULTI-STATE","","","","","","","","PROGRAM STATES","00000000","","CABBAGE","CHEMICAL, INSECTICIDE","CHEMICAL, INSECTICIDE: (ZETA-CYPERMETHRIN = 129064)"," (D)",""," (D)",""," (D)",""," (D)",""," (D)",""
"SURVEY","2016","YEAR","","REGION : MULTI-STATE","","","","","","","","PROGRAM STATES","00000000","","CABBAGE","CHEMICAL, OTHER","CHEMICAL, OTHER: (ACIBENZOLAR-S-METHYL = 61402)"," (D)",""," (D)",""," (D)",""," (D)",""," (D)",""
"SURVEY","2016","YEAR","","REGION : MULTI-STATE","","","","","","","","PROGRAM STATES","00000000","","CABBAGE","CHEMICAL, OTHER","CHEMICAL, OTHER: (BT KURSTAKI SA-12 = 6518)"," (NA)",""," (NA)",""," (NA)",""," (D)",""," (D)",""
"SURVEY","2016","YEAR","","REGION : MULTI-STATE","","","","","","","","PROGRAM STATES","00000000","","CABBAGE","CHEMICAL, OTHER","CHEMICAL, OTHER: (HYDROGEN PEROXIDE = 595)"," (D)",""," (D)",""," (D)",""," (D)",""," (D)",""
"SURVEY","2016","YEAR","","REGION : MULTI-STATE","","","","","","","","PROGRAM STATES","00000000","","CABBAGE","CHEMICAL, OTHER","CHEMICAL, OTHER: (METAM-POTASSIUM = 39002)"," (D)",""," (D)",""," (D)",""," (D)",""," (D)",""
"SURVEY","2016","YEAR","","REGION : MULTI-STATE","","","","","","","","PROGRAM STATES","00000000","","CABBAGE","CHEMICAL, OTHER","CHEMICAL, OTHER: (METAM-SODIUM = 39003)"," (D)",""," (D)",""," (D)",""," (D)",""," (D)",""
"SURVEY","2016","YEAR","","REGION : MULTI-STATE","","","","","","","","PROGRAM STATES","00000000","","CABBAGE","CHEMICAL, OTHER","CHEMICAL, OTHER: (MINERAL OIL = 63502)"," (D)",""," (D)",""," (D)",""," (D)",""," (D)",""
"SURVEY","2016","YEAR","","REGION : MULTI-STATE","","","","","","","","PROGRAM STATES","00000000","","CABBAGE","CHEMICAL, OTHER","CHEMICAL, OTHER: (PEROXYACETIC ACID = 63201)"," (D)",""," (D)",""," (D)",""," (D)",""," (D)",""
"SURVEY","2016","YEAR","","REGION : MULTI-STATE","","","","","","","","PROGRAM STATES","00000000","","CABBAGE","CHEMICAL, OTHER","CHEMICAL, OTHER: (REYNOUTRIA SACHALINE = 55809)"," (D)",""," (D)",""," (D)",""," (D)",""," (D)",""
"SURVEY","2016","YEAR","","REGION : MULTI-STATE","","","","","","","","PROGRAM STATES","00000000","","CABBAGE","CHEMICAL, OTHER","CHEMICAL, OTHER: (TOTAL)"," (D)","","","","","","",""," (D)",""
"SURVEY","2016","YEAR","","STATE","CALIFORNIA","06","","","","","","","00000000","","CABBAGE","CHEMICAL, FUNGICIDE","CHEMICAL, FUNGICIDE: (AMETOCTRADIN = 119210)"," (D)",""," (D)",""," (D)",""," (D)",""," (D)",""
"SURVEY","2016","YEAR","","STATE","CALIFORNIA","06","","","","","","","00000000","","CABBAGE","CHEMICAL, FUNGICIDE","CHEMICAL, FUNGICIDE: (AZOXYSTROBIN = 128810)"," (D)",""," (D)",""," (D)",""," (D)",""," (D)",""
"SURVEY","2016","YEAR","","STATE","CALIFORNIA","06","","","","","","","00000000","","CABBAGE","CHEMICAL, FUNGICIDE","CHEMICAL, FUNGICIDE: (BACILLUS SUBTILIS = 6479)"," (NA)",""," (NA)",""," (NA)",""," (D)",""," (D)",""
"SURVEY","2016","YEAR","","STATE","CALIFORNIA","06","","","","","","","00000000","","CABBAGE","CHEMICAL, FUNGICIDE","CHEMICAL, FUNGICIDE: (BOSCALID = 128008)","300","","0.383","","0.543","","1.4","","4",""
"SURVEY","2016","YEAR","","STATE","CALIFORNIA","06","","","","","","","00000000","","CABBAGE","CHEMICAL, FUNGICIDE","CHEMICAL, FUNGICIDE: (CHLOROTHALONIL = 81901)","1,100","","1.172","","3.275","","2.8","","2",""
"SURVEY","2016","YEAR","","STATE","CALIFORNIA","06","","","","","","","00000000","","CABBAGE","CHEMICAL, FUNGICIDE","CHEMICAL, FUNGICIDE: (CYAZOFAMID = 85651)"," (D)",""," (D)",""," (D)",""," (D)",""," (D)",""
"SURVEY","2016","YEAR","","STATE","CALIFORNIA","06","","","","","","","00000000","","CABBAGE","CHEMICAL, FUNGICIDE","CHEMICAL, FUNGICIDE: (CYPRODINIL = 288202)"," (D)",""," (D)",""," (D)",""," (D)",""," (D)",""
"SURVEY","2016","YEAR","","STATE","CALIFORNIA","06","","","","","","","00000000","","CABBAGE","CHEMICAL, FUNGICIDE","CHEMICAL, FUNGICIDE: (DIFENOCONAZOLE = 128847)"," (D)",""," (D)",""," (D)",""," (D)",""," (D)",""
"SURVEY","2016","YEAR","","STATE","CALIFORNIA","06","","","","","","","00000000","","CABBAGE","CHEMICAL, FUNGICIDE","CHEMICAL, FUNGICIDE: (DIMETHOMORPH = 268800)","400","","0.198","","0.374","","1.9","","8",""
"SURVEY","2016","YEAR","","STATE","CALIFORNIA","06","","","","","","","00000000","","CABBAGE","CHEMICAL, FUNGICIDE","CHEMICAL, FUNGICIDE: (FENAMIDONE = 46679)"," (D)",""," (D)",""," (D)",""," (D)",""," (D)",""
"SURVEY","2016","YEAR","","STATE","CALIFORNIA","06","","","","","","","00000000","","CABBAGE","CHEMICAL, FUNGICIDE","CHEMICAL, FUNGICIDE: (FLUDIOXONIL = 71503)"," (D)",""," (D)",""," (D)",""," (D)",""," (D)",""
"SURVEY","2016","YEAR","","STATE","CALIFORNIA","06","","","","","","","00000000","","CABBAGE","CHEMICAL, FUNGICIDE","CHEMICAL, FUNGICIDE: (FLUOPICOLIDE = 27412)"," (D)",""," (D)",""," (D)",""," (D)",""," (D)",""
"SURVEY","2016","YEAR","","STATE","CALIFORNIA","06","","","","","","","00000000","","CABBAGE","CHEMICAL, FUNGICIDE","CHEMICAL, FUNGICIDE: (FLUOPYRAM = 80302)"," (D)",""," (D)",""," (D)",""," (D)",""," (D)",""
"SURVEY","2016","YEAR","","STATE","CALIFORNIA","06","","","","","","","00000000","","CABBAGE","CHEMICAL, FUNGICIDE","CHEMICAL, FUNGICIDE: (MANCOZEB = 14504)"," (D)",""," (D)",""," (D)",""," (D)",""," (D)",""
"SURVEY","2016","YEAR","","STATE","CALIFORNIA","06","","","","","","","00000000","","CABBAGE","CHEMICAL, FUNGICIDE","CHEMICAL, FUNGICIDE: (MANDIPROPAMIDE TECHN = 36602)"," (D)",""," (D)",""," (D)",""," (D)",""," (D)",""
"SURVEY","2016","YEAR","","STATE","CALIFORNIA","06","","","","","","","00000000","","CABBAGE","CHEMICAL, FUNGICIDE","CHEMICAL, FUNGICIDE: (MEFENOXAM = 113502)"," (D)",""," (D)",""," (D)",""," (D)",""," (D)",""
"SURVEY","2016","YEAR","","STATE","CALIFORNIA","06","","","","","","","00000000","","CABBAGE","CHEMICAL, FUNGICIDE","CHEMICAL, FUNGICIDE: (MONO-POTASSIUM SALT = 76416)"," (D)",""," (D)",""," (D)",""," (D)",""," (D)",""
"SURVEY","2016","YEAR","","STATE","CALIFORNIA","06","","","","","","","00000000","","CABBAGE","CHEMICAL, FUNGICIDE","CHEMICAL, FUNGICIDE: (PENTHIOPYRAD = 90112)"," (D)",""," (D)",""," (D)",""," (D)",""," (D)",""
"SURVEY","2016","YEAR","","STATE","CALIFORNIA","06","","","","","","","00000000","","CABBAGE","CHEMICAL, FUNGICIDE","CHEMICAL, FUNGICIDE: (POTASSIUM BICARBON. = 73508)"," (D)",""," (D)",""," (D)",""," (D)",""," (D)",""
"SURVEY","2016","YEAR","","STATE","CALIFORNIA","06","","","","","","","00000000","","CABBAGE","CHEMICAL, FUNGICIDE","CHEMICAL, FUNGICIDE: (PYRACLOSTROBIN = 99100)","200","","0.168","","0.184","","1.1","","6",""
"SURVEY","2016","YEAR","","STATE","CALIFORNIA","06","","","","","","","00000000","","CABBAGE","CHEMICAL, FUNGICIDE","CHEMICAL, FUNGICIDE: (SULFUR = 77501)"," (D)",""," (D)",""," (D)",""," (D)",""," (D)",""
"SURVEY","2016","YEAR","","STATE","CALIFORNIA","06","","","","","","","00000000","","CABBAGE","CHEMICAL, FUNGICIDE","CHEMICAL, FUNGICIDE: (TOTAL)","8,200","","","","","","","","27",""
"SURVEY","2016","YEAR","","STATE","CALIFORNIA","06","","","","","","","00000000","","CABBAGE","CHEMICAL, FUNGICIDE","CHEMICAL, FUNGICIDE: (TRIFLOXYSTROBIN = 129112)"," (D)",""," (D)",""," (D)",""," (D)",""," (D)",""
"SURVEY","2016","YEAR","","STATE","CALIFORNIA","06","","","","","","","00000000","","CABBAGE","CHEMICAL, FUNGICIDE","CHEMICAL, FUNGICIDE: (TRIFLUMIZOLE = 128879)"," (D)",""," (D)",""," (D)",""," (D)",""," (D)",""
"SURVEY","2016","YEAR","","STATE","CALIFORNIA","06","","","","","","","00000000","","CABBAGE","CHEMICAL, HERBICIDE","CHEMICAL, HERBICIDE: (BENSULIDE = 9801)"," (D)",""," (D)",""," (D)",""," (D)",""," (D)",""
"SURVEY","2016","YEAR","","STATE","CALIFORNIA","06","","","","","","","00000000","","CABBAGE","CHEMICAL, HERBICIDE","CHEMICAL, HERBICIDE: (CLETHODIM = 121011)"," (D)",""," (D)",""," (D)",""," (D)",""," (D)",""
"SURVEY","2016","YEAR","","STATE","CALIFORNIA","06","","","","","","","00000000","","CABBAGE","CHEMICAL, HERBICIDE","CHEMICAL, HERBICIDE: (DCPA = 78701)"," (D)",""," (D)",""," (D)",""," (D)",""," (D)",""
"SURVEY","2016","YEAR","","STATE","CALIFORNIA","06","","","","","","","00000000","","CABBAGE","CHEMICAL, HERBICIDE","CHEMICAL, HERBICIDE: (GLYPHOSATE POT. SALT = 103613)"," (D)",""," (D)",""," (D)",""," (D)",""," (D)",""
"SURVEY","2016","YEAR","","STATE","CALIFORNIA","06","","","","","","","00000000","","CABBAGE","CHEMICAL, HERBICIDE","CHEMICAL, HERBICIDE: (OXYFLUORFEN = 111601)","1,500","","0.388","","0.517","","1.3","","20",""
"SURVEY","2016","YEAR","","STATE","CALIFORNIA","06","","","","","","","00000000","","CABBAGE","CHEMICAL, HERBICIDE","CHEMICAL, HERBICIDE: (PARAQUAT = 61601)"," (D)",""," (D)",""," (D)",""," (D)",""," (D)",""
"SURVEY","2016","YEAR","","STATE","CALIFORNIA","06","","","","","","","00000000","","CABBAGE","CHEMICAL, HERBICIDE","CHEMICAL, HERBICIDE: (SULFENTRAZONE = 129081)"," (D)",""," (D)",""," (D)",""," (D)",""," (D)",""
"SURVEY","2016","YEAR","","STATE","CALIFORNIA","06","","","","","","","00000000","","CABBAGE","CHEMICAL, HERBICIDE","CHEMICAL, HERBICIDE: (TOTAL)","4,400","","","","","","","","27",""
"SURVEY","2016","YEAR","","STATE","CALIFORNIA","06","","","","","","","00000000","","CABBAGE","CHEMICAL, HERBICIDE","CHEMICAL, HERBICIDE: (TRIFLURALIN = 36101)"," (D)",""," (D)",""," (D)",""," (D)",""," (D)",""
"SURVEY","2016","YEAR","","STATE","CALIFORNIA","06","","","","","","","00000000","","CABBAGE","CHEMICAL, INSECTICIDE","CHEMICAL, INSECTICIDE: (ACETAMIPRID = 99050)"," (D)",""," (D)",""," (D)",""," (D)",""," (D)",""
"SURVEY","2016","YEAR","","STATE","CALIFORNIA","06","","","","","","","00000000","","CABBAGE","CHEMICAL, INSECTICIDE","CHEMICAL, INSECTICIDE: (AZADIRACHTIN = 121701)"," (D)",""," (D)",""," (D)",""," (D)",""," (D)",""
"SURVEY","2016","YEAR","","STATE","CALIFORNIA","06","","","","","","","00000000","","CABBAGE","CHEMICAL, INSECTICIDE","CHEMICAL, INSECTICIDE: (BETA-CYFLUTHRIN = 118831)"," (Z)","","0.024","","0.03","","1.2","","8",""
"SURVEY","2016","YEAR","","STATE","CALIFORNIA","06","","","","","","","00000000","","CABBAGE","CHEMICAL, INSECTICIDE","CHEMICAL, INSECTICIDE: (BIFENTHRIN = 128825)","200","","0.088","","0.099","","1.1","","14",""
"SURVEY","2016","YEAR","","STATE","CALIFORNIA","06","","","","","","","00000000","","CABBAGE","CHEMICAL, INSECTICIDE","CHEMICAL, INSECTICIDE: (BT KURSTAK ABTS-1857 = 6523)"," (NA)",""," (NA)",""," (NA)","","1","","5",""
"SURVEY","2016","YEAR","","STATE","CALIFORNIA","06","","","","","","","00000000","","CABBAGE","CHEMICAL, INSECTICIDE","CHEMICAL, INSECTICIDE: (BT KURSTAKI ABTS-351 = 6522)"," (NA)",""," (NA)",""," (NA)",""," (D)",""," (D)",""
"SURVEY","2016","YEAR","","STATE","CALIFORNIA","06","","","","","","","00000000","","CABBAGE","CHEMICAL, INSECTICIDE","CHEMICAL, INSECTICIDE: (BT KURSTAKI SA-11 = 6519)"," (NA)",""," (NA)",""," (NA)",""," (D)",""," (D)",""
"SURVEY","2016","YEAR","","STATE","CALIFORNIA","06","","","","","","","00000000","","CABBAGE","CHEMICAL, INSECTICIDE","CHEMICAL, INSECTICIDE: (BUPROFEZIN = 275100)"," (D)",""," (D)",""," (D)",""," (D)",""," (D)",""
"SURVEY","2016","YEAR","","STATE","CALIFORNIA","06","","","","","","","00000000","","CABBAGE","CHEMICAL, INSECTICIDE","CHEMICAL, INSECTICIDE: (CHLORANTRANILIPROLE = 90100)","500","","0.059","","0.102","","1.7","","35",""
"SURVEY","2016","YEAR","","STATE","CALIFORNIA","06","","","","","","","00000000","","CABBAGE","CHEMICAL, INSECTICIDE","CHEMICAL, INSECTICIDE: (CHLORPYRIFOS = 59101)"," (D)",""," (D)",""," (D)",""," (D)",""," (D)",""
"SURVEY","2016","YEAR","","STATE","CALIFORNIA","06","","","","","","","00000000","","CABBAGE","CHEMICAL, INSECTICIDE","CHEMICAL, INSECTICIDE: (CLOTHIANIDIN = 44309)","100","","0.114","","0.148","","1.3","","3",""
"SURVEY","2016","YEAR","","STATE","CALIFORNIA","06","","","","","","","00000000","","CABBAGE","CHEMICAL, INSECTICIDE","CHEMICAL, INSECTICIDE: (CYANTRANILIPROLE = 90098)"," (D)",""," (D)",""," (D)",""," (D)",""," (D)",""
"SURVEY","2016","YEAR","","STATE","CALIFORNIA","06","","","","","","","00000000","","CABBAGE","CHEMICAL, INSECTICIDE","CHEMICAL, INSECTICIDE: (CYFLUTHRIN = 128831)"," (D)",""," (D)",""," (D)",""," (D)",""," (D)",""
"SURVEY","2016","YEAR","","STATE","CALIFORNIA","06","","","","","","","00000000","","CABBAGE","CHEMICAL, INSECTICIDE","CHEMICAL, INSECTICIDE: (EMAMECTIN BENZOATE = 122806)"," (Z)","","0.012","","0.024","","2","","7",""
"SURVEY","2016","YEAR","","STATE","CALIFORNIA","06","","","","","","","00000000","","CABBAGE","CHEMICAL, INSECTICIDE","CHEMICAL, INSECTICIDE: (ESFENVALERATE = 109303)"," (Z)","","0.049","","0.049","","1","","7",""
"SURVEY","2016","YEAR","","STATE","CALIFORNIA","06","","","","","","","00000000","","CABBAGE","CHEMICAL, INSECTICIDE","CHEMICAL, INSECTICIDE: (FLONICAMID = 128016)","100","","0.078","","0.088","","1.1","","5",""
"SURVEY","2016","YEAR","","STATE","CALIFORNIA","06","","","","","","","00000000","","CABBAGE","CHEMICAL, INSECTICIDE","CHEMICAL, INSECTICIDE: (FLUBENDIAMIDE = 27602)","100","","0.064","","0.066","","1","","10",""
"SURVEY","2016","YEAR","","STATE","CALIFORNIA","06","","","","","","","00000000","","CABBAGE","CHEMICAL, INSECTICIDE","CHEMICAL, INSECTICIDE: (FLUPYRADIFURONE = 122304)","200","","0.139","","0.172","","1.2","","7",""
"SURVEY","2016","YEAR","","STATE","CALIFORNIA","06","","","","","","","00000000","","CABBAGE","CHEMICAL, INSECTICIDE","CHEMICAL, INSECTICIDE: (IMIDACLOPRID = 129099)","1,700","","0.257","","0.359","","1.4","","32",""
"SURVEY","2016","YEAR","","STATE","CALIFORNIA","06","","","","","","","00000000","","CABBAGE","CHEMICAL, INSECTICIDE","CHEMICAL, INSECTICIDE: (INDOXACARB = 67710)","100","","0.065","","0.093","","1.4","","10",""
"SURVEY","2016","YEAR","","STATE","CALIFORNIA","06","","","","","","","00000000","","CABBAGE","CHEMICAL, INSECTICIDE","CHEMICAL, INSECTICIDE: (LAMBDA-CYHALOTHRIN = 128897)","100","","0.029","","0.064","","2.2","","14",""
"SURVEY","2016","YEAR","","STATE","CALIFORNIA","06","","","","","","","00000000","","CABBAGE","CHEMICAL, INSECTICIDE","CHEMICAL, INSECTICIDE: (MALATHION = 57701)","1,200","","1.175","","1.481","","1.3","","6",""
"SURVEY","2016","YEAR","","STATE","CALIFORNIA","06","","","","","","","00000000","","CABBAGE","CHEMICAL, INSECTICIDE","CHEMICAL, INSECTICIDE: (METHOMYL = 90301)"," (D)",""," (D)",""," (D)",""," (D)",""," (D)",""
"SURVEY","2016","YEAR","","STATE","CALIFORNIA","06","","","","","","","00000000","","CABBAGE","CHEMICAL, INSECTICIDE","CHEMICAL, INSECTICIDE: (METHOXYFENOZIDE = 121027)","200","","0.173","","0.178","","1","","8",""
"SURVEY","2016","YEAR","","STATE","CALIFORNIA","06","","","","","","","00000000","","CABBAGE","CHEMICAL, INSECTICIDE","CHEMICAL, INSECTICIDE: (MYROTHECIUM VERRUC. = 119204)"," (NA)",""," (NA)",""," (NA)",""," (D)",""," (D)",""
"SURVEY","2016","YEAR","","STATE","CALIFORNIA","06","","","","","","","00000000","","CABBAGE","CHEMICAL, INSECTICIDE","CHEMICAL, INSECTICIDE: (NALED = 34401)","1,900","","1.135","","2.438","","2.1","","5",""
"SURVEY","2016","YEAR","","STATE","CALIFORNIA","06","","","","","","","00000000","","CABBAGE","CHEMICAL, INSECTICIDE","CHEMICAL, INSECTICIDE: (NEEM OIL = 25006)"," (D)",""," (D)",""," (D)",""," (D)",""," (D)",""
"SURVEY","2016","YEAR","","STATE","CALIFORNIA","06","","","","","","","00000000","","CABBAGE","CHEMICAL, INSECTICIDE","CHEMICAL, INSECTICIDE: (NOVALURON = 124002)","100","","0.075","","0.126","","1.7","","8",""
"SURVEY","2016","YEAR","","STATE","CALIFORNIA","06","","","","","","","00000000","","CABBAGE","CHEMICAL, INSECTICIDE","CHEMICAL, INSECTICIDE: (PERMETHRIN = 109701)","100","","0.19","","0.193","","1","","5",""
"SURVEY","2016","YEAR","","STATE","CALIFORNIA","06","","","","","","","00000000","","CABBAGE","CHEMICAL, INSECTICIDE","CHEMICAL, INSECTICIDE: (POTASSIUM SALTS = 79021)"," (D)",""," (D)",""," (D)",""," (D)",""," (D)",""
"SURVEY","2016","YEAR","","STATE","CALIFORNIA","06","","","","","","","00000000","","CABBAGE","CHEMICAL, INSECTICIDE","CHEMICAL, INSECTICIDE: (PYMETROZINE = 101103)"," (D)",""," (D)",""," (D)",""," (D)",""," (D)",""
"SURVEY","2016","YEAR","","STATE","CALIFORNIA","06","","","","","","","00000000","","CABBAGE","CHEMICAL, INSECTICIDE","CHEMICAL, INSECTICIDE: (PYRETHRINS = 69001)"," (D)",""," (D)",""," (D)",""," (D)",""," (D)",""
"SURVEY","2016","YEAR","","STATE","CALIFORNIA","06","","","","","","","00000000","","CABBAGE","CHEMICAL, INSECTICIDE","CHEMICAL, INSECTICIDE: (SPINETORAM = 110007)","300","","0.051","","0.098","","1.9","","18",""
"SURVEY","2016","YEAR","","STATE","CALIFORNIA","06","","","","","","","00000000","","CABBAGE","CHEMICAL, INSECTICIDE","CHEMICAL, INSECTICIDE: (SPINOSAD = 110003)"," (D)",""," (D)",""," (D)",""," (D)",""," (D)",""
"SURVEY","2016","YEAR","","STATE","CALIFORNIA","06","","","","","","","00000000","","CABBAGE","CHEMICAL, INSECTICIDE","CHEMICAL, INSECTICIDE: (SPIROTETRAMAT = 392201)","500","","0.076","","0.114","","1.5","","32",""
"SURVEY","2016","YEAR","","STATE","CALIFORNIA","06","","","","","","","00000000","","CABBAGE","CHEMICAL, INSECTICIDE","CHEMICAL, INSECTICIDE: (SULFOXAFLOR = 5210)"," (D)",""," (D)",""," (D)",""," (D)",""," (D)",""
"SURVEY","2016","YEAR","","STATE","CALIFORNIA","06","","","","","","","00000000","","CABBAGE","CHEMICAL, INSECTICIDE","CHEMICAL, INSECTICIDE: (THIAMETHOXAM = 60109)","100","","0.09","","0.096","","1.1","","6",""
"SURVEY","2016","YEAR","","STATE","CALIFORNIA","06","","","","","","","00000000","","CABBAGE","CHEMICAL, INSECTICIDE","CHEMICAL, INSECTICIDE: (TOTAL)","8,700","","","","","","","","54",""
"SURVEY","2016","YEAR","","STATE","CALIFORNIA","06","","","","","","","00000000","","CABBAGE","CHEMICAL, INSECTICIDE","CHEMICAL, INSECTICIDE: (ZETA-CYPERMETHRIN = 129064)","200","","0.045","","0.096","","2.1","","14",""
"SURVEY","2016","YEAR","","STATE","CALIFORNIA","06","","","","","","","00000000","","CABBAGE","CHEMICAL, OTHER","CHEMICAL, OTHER: (HYDROGEN PEROXIDE = 595)"," (D)",""," (D)",""," (D)",""," (D)",""," (D)",""
"SURVEY","2016","YEAR","","STATE","CALIFORNIA","06","","","","","","","00000000","","CABBAGE","CHEMICAL, OTHER","CHEMICAL, OTHER: (METAM-POTASSIUM = 39002)"," (D)",""," (D)",""," (D)",""," (D)",""," (D)",""
"SURVEY","2016","YEAR","","STATE","CALIFORNIA","06","","","","","","","00000000","","CABBAGE","CHEMICAL, OTHER","CHEMICAL, OTHER: (PEROXYACETIC ACID = 63201)"," (D)",""," (D)",""," (D)",""," (D)",""," (D)",""
"SURVEY","2016","YEAR","","STATE","CALIFORNIA","06","","","","","","","00000000","","CABBAGE","CHEMICAL, OTHER","CHEMICAL, OTHER: (REYNOUTRIA SACHALINE = 55809)"," (D)",""," (D)",""," (D)",""," (D)",""," (D)",""
"SURVEY","2016","YEAR","","STATE","CALIFORNIA","06","","","","","","","00000000","","CABBAGE","CHEMICAL, OTHER","CHEMICAL, OTHER: (TOTAL)"," (D)","","","","","","",""," (D)",""
"SURVEY","2016","YEAR","","STATE","FLORIDA","12","","","","","","","00000000","","CABBAGE","CHEMICAL, FUNGICIDE","CHEMICAL, FUNGICIDE: (AZOXYSTROBIN = 128810)"," (D)",""," (D)",""," (D)",""," (D)",""," (D)",""
"SURVEY","2016","YEAR","","STATE","FLORIDA","12","","","","","","","00000000","","CABBAGE","CHEMICAL, FUNGICIDE","CHEMICAL, FUNGICIDE: (BOSCALID = 128008)"," (D)",""," (D)",""," (D)",""," (D)",""," (D)",""
"SURVEY","2016","YEAR","","STATE","FLORIDA","12","","","","","","","00000000","","CABBAGE","CHEMICAL, FUNGICIDE","CHEMICAL, FUNGICIDE: (CHLOROTHALONIL = 81901)","35,400","","0.745","","4.611","","6.2","","90",""
"SURVEY","2016","YEAR","","STATE","FLORIDA","12","","","","","","","00000000","","CABBAGE","CHEMICAL, FUNGICIDE","CHEMICAL, FUNGICIDE: (DIFENOCONAZOLE = 128847)"," (D)",""," (D)",""," (D)",""," (D)",""," (D)",""
"SURVEY","2016","YEAR","","STATE","FLORIDA","12","","","","","","","00000000","","CABBAGE","CHEMICAL, FUNGICIDE","CHEMICAL, FUNGICIDE: (FLUOPICOLIDE = 27412)"," (D)",""," (D)",""," (D)",""," (D)",""," (D)",""
"SURVEY","2016","YEAR","","STATE","FLORIDA","12","","","","","","","00000000","","CABBAGE","CHEMICAL, FUNGICIDE","CHEMICAL, FUNGICIDE: (MANCOZEB = 14504)"," (D)",""," (D)",""," (D)",""," (D)",""," (D)",""
"SURVEY","2016","YEAR","","STATE","FLORIDA","12","","","","","","","00000000","","CABBAGE","CHEMICAL, FUNGICIDE","CHEMICAL, FUNGICIDE: (MEFENOXAM = 113502)"," (D)",""," (D)",""," (D)",""," (D)",""," (D)",""
"SURVEY","2016","YEAR","","STATE","FLORIDA","12","","","","","","","00000000","","CABBAGE","CHEMICAL, FUNGICIDE","CHEMICAL, FUNGICIDE: (PENTHIOPYRAD = 90112)"," (D)",""," (D)",""," (D)",""," (D)",""," (D)",""
"SURVEY","2016","YEAR","","STATE","FLORIDA","12","","","","","","","00000000","","CABBAGE","CHEMICAL, FUNGICIDE","CHEMICAL, FUNGICIDE: (TOTAL)","36,900","","","","","","","","100",""
"SURVEY","2016","YEAR","","STATE","FLORIDA","12","","","","","","","00000000","","CABBAGE","CHEMICAL, HERBICIDE","CHEMICAL, HERBICIDE: (CLETHODIM = 121011)"," (D)",""," (D)",""," (D)",""," (D)",""," (D)",""
"SURVEY","2016","YEAR","","STATE","FLORIDA","12","","","","","","","00000000","","CABBAGE","CHEMICAL, HERBICIDE","CHEMICAL, HERBICIDE: (DIQUAT DIBROMIDE = 32201)"," (D)",""," (D)",""," (D)",""," (D)",""," (D)",""
"SURVEY","2016","YEAR","","STATE","FLORIDA","12","","","","","","","00000000","","CABBAGE","CHEMICAL, HERBICIDE","CHEMICAL, HERBICIDE: (EPTC = 41401)"," (D)",""," (D)",""," (D)",""," (D)",""," (D)",""
"SURVEY","2016","YEAR","","STATE","FLORIDA","12","","","","","","","00000000","","CABBAGE","CHEMICAL, HERBICIDE","CHEMICAL, HERBICIDE: (GLYPHOSATE ISO. SALT = 103601)"," (D)",""," (D)",""," (D)",""," (D)",""," (D)",""
"SURVEY","2016","YEAR","","STATE","FLORIDA","12","","","","","","","00000000","","CABBAGE","CHEMICAL, HERBICIDE","CHEMICAL, HERBICIDE: (METOLACHLOR = 108801)"," (D)",""," (D)",""," (D)",""," (D)",""," (D)",""
"SURVEY","2016","YEAR","","STATE","FLORIDA","12","","","","","","","00000000","","CABBAGE","CHEMICAL, HERBICIDE","CHEMICAL, HERBICIDE: (NAPROPAMIDE = 103001)"," (D)",""," (D)",""," (D)",""," (D)",""," (D)",""
"SURVEY","2016","YEAR","","STATE","FLORIDA","12","","","","","","","00000000","","CABBAGE","CHEMICAL, HERBICIDE","CHEMICAL, HERBICIDE: (OXYFLUORFEN = 111601)"," (D)",""," (D)",""," (D)",""," (D)",""," (D)",""
"SURVEY","2016","YEAR","","STATE","FLORIDA","12","","","","","","","00000000","","CABBAGE","CHEMICAL, HERBICIDE","CHEMICAL, HERBICIDE: (PARAQUAT = 61601)"," (D)",""," (D)",""," (D)",""," (D)",""," (D)",""
"SURVEY","2016","YEAR","","STATE","FLORIDA","12","","","","","","","00000000","","CABBAGE","CHEMICAL, HERBICIDE","CHEMICAL, HERBICIDE: (S-METOLACHLOR = 108800)"," (D)",""," (D)",""," (D)",""," (D)",""," (D)",""
"SURVEY","2016","YEAR","","STATE","FLORIDA","12","","","","","","","00000000","","CABBAGE","CHEMICAL, HERBICIDE","CHEMICAL, HERBICIDE: (TOTAL)"," (D)","","","","","","",""," (D)",""
"SURVEY","2016","YEAR","","STATE","FLORIDA","12","","","","","","","00000000","","CABBAGE","CHEMICAL, HERBICIDE","CHEMICAL, HERBICIDE: (TRIFLURALIN = 36101)"," (D)",""," (D)",""," (D)",""," (D)",""," (D)",""
"SURVEY","2016","YEAR","","STATE","FLORIDA","12","","","","","","","00000000","","CABBAGE","CHEMICAL, INSECTICIDE","CHEMICAL, INSECTICIDE: (BETA-CYFLUTHRIN = 118831)"," (D)",""," (D)",""," (D)",""," (D)",""," (D)",""
"SURVEY","2016","YEAR","","STATE","FLORIDA","12","","","","","","","00000000","","CABBAGE","CHEMICAL, INSECTICIDE","CHEMICAL, INSECTICIDE: (BIFENTHRIN = 128825)"," (D)",""," (D)",""," (D)",""," (D)",""," (D)",""
"SURVEY","2016","YEAR","","STATE","FLORIDA","12","","","","","","","00000000","","CABBAGE","CHEMICAL, INSECTICIDE","CHEMICAL, INSECTICIDE: (BT KURSTAK ABTS-1857 = 6523)"," (NA)",""," (NA)",""," (NA)",""," (D)",""," (D)",""
"SURVEY","2016","YEAR","","STATE","FLORIDA","12","","","","","","","00000000","","CABBAGE","CHEMICAL, INSECTICIDE","CHEMICAL, INSECTICIDE: (BT KURSTAKI ABTS-351 = 6522)"," (NA)",""," (NA)",""," (NA)","","6","","90",""
"SURVEY","2016","YEAR","","STATE","FLORIDA","12","","","","","","","00000000","","CABBAGE","CHEMICAL, INSECTICIDE","CHEMICAL, INSECTICIDE: (BUPROFEZIN = 275100)"," (D)",""," (D)",""," (D)",""," (D)",""," (D)",""
"SURVEY","2016","YEAR","","STATE","FLORIDA","12","","","","","","","00000000","","CABBAGE","CHEMICAL, INSECTICIDE","CHEMICAL, INSECTICIDE: (CARBARYL = 56801)"," (D)",""," (D)",""," (D)",""," (D)",""," (D)",""
"SURVEY","2016","YEAR","","STATE","FLORIDA","12","","","","","","","00000000","","CABBAGE","CHEMICAL, INSECTICIDE","CHEMICAL, INSECTICIDE: (CHLORANTRANILIPROLE = 90100)"," (D)",""," (D)",""," (D)",""," (D)",""," (D)",""
"SURVEY","2016","YEAR","","STATE","FLORIDA","12","","","","","","","00000000","","CABBAGE","CHEMICAL, INSECTICIDE","CHEMICAL, INSECTICIDE: (CHLORPYRIFOS = 59101)"," (D)",""," (D)",""," (D)",""," (D)",""," (D)",""
"SURVEY","2016","YEAR","","STATE","FLORIDA","12","","","","","","","00000000","","CABBAGE","CHEMICAL, INSECTICIDE","CHEMICAL, INSECTICIDE: (DIAZINON = 57801)"," (D)",""," (D)",""," (D)",""," (D)",""," (D)",""
"SURVEY","2016","YEAR","","STATE","FLORIDA","12","","","","","","","00000000","","CABBAGE","CHEMICAL, INSECTICIDE","CHEMICAL, INSECTICIDE: (EMAMECTIN BENZOATE = 122806)"," (D)",""," (D)",""," (D)",""," (D)",""," (D)",""
"SURVEY","2016","YEAR","","STATE","FLORIDA","12","","","","","","","00000000","","CABBAGE","CHEMICAL, INSECTICIDE","CHEMICAL, INSECTICIDE: (FLUBENDIAMIDE = 27602)"," (D)",""," (D)",""," (D)",""," (D)",""," (D)",""
"SURVEY","2016","YEAR","","STATE","FLORIDA","12","","","","","","","00000000","","CABBAGE","CHEMICAL, INSECTICIDE","CHEMICAL, INSECTICIDE: (IMIDACLOPRID = 129099)"," (D)",""," (D)",""," (D)",""," (D)",""," (D)",""
"SURVEY","2016","YEAR","","STATE","FLORIDA","12","","","","","","","00000000","","CABBAGE","CHEMICAL, INSECTICIDE","CHEMICAL, INSECTICIDE: (MALATHION = 57701)"," (D)",""," (D)",""," (D)",""," (D)",""," (D)",""
"SURVEY","2016","YEAR","","STATE","FLORIDA","12","","","","","","","00000000","","CABBAGE","CHEMICAL, INSECTICIDE","CHEMICAL, INSECTICIDE: (METHOMYL = 90301)"," (D)",""," (D)",""," (D)",""," (D)",""," (D)",""
"SURVEY","2016","YEAR","","STATE","FLORIDA","12","","","","","","","00000000","","CABBAGE","CHEMICAL, INSECTICIDE","CHEMICAL, INSECTICIDE: (METHOXYFENOZIDE = 121027)"," (D)",""," (D)",""," (D)",""," (D)",""," (D)",""
"SURVEY","2016","YEAR","","STATE","FLORIDA","12","","","","","","","00000000","","CABBAGE","CHEMICAL, INSECTICIDE","CHEMICAL, INSECTICIDE: (NALED = 34401)"," (D)",""," (D)",""," (D)",""," (D)",""," (D)",""
"SURVEY","2016","YEAR","","STATE","FLORIDA","12","","","","","","","00000000","","CABBAGE","CHEMICAL, INSECTICIDE","CHEMICAL, INSECTICIDE: (NEEM OIL, CLAR. HYD. = 25007)"," (D)",""," (D)",""," (D)",""," (D)",""," (D)",""
"SURVEY","2016","YEAR","","STATE","FLORIDA","12","","","","","","","00000000","","CABBAGE","CHEMICAL, INSECTICIDE","CHEMICAL, INSECTICIDE: (PERMETHRIN = 109701)"," (D)",""," (D)",""," (D)",""," (D)",""," (D)",""
"SURVEY","2016","YEAR","","STATE","FLORIDA","12","","","","","","","00000000","","CABBAGE","CHEMICAL, INSECTICIDE","CHEMICAL, INSECTICIDE: (PIPERONYL BUTOXIDE = 67501)"," (D)",""," (D)",""," (D)",""," (D)",""," (D)",""
"SURVEY","2016","YEAR","","STATE","FLORIDA","12","","","","","","","00000000","","CABBAGE","CHEMICAL, INSECTICIDE","CHEMICAL, INSECTICIDE: (PYMETROZINE = 101103)"," (D)",""," (D)",""," (D)",""," (D)",""," (D)",""
"SURVEY","2016","YEAR","","STATE","FLORIDA","12","","","","","","","00000000","","CABBAGE","CHEMICAL, INSECTICIDE","CHEMICAL, INSECTICIDE: (PYRETHRINS = 69001)"," (D)",""," (D)",""," (D)",""," (D)",""," (D)",""
"SURVEY","2016","YEAR","","STATE","FLORIDA","12","","","","","","","00000000","","CABBAGE","CHEMICAL, INSECTICIDE","CHEMICAL, INSECTICIDE: (SPINETORAM = 110007)"," (D)",""," (D)",""," (D)",""," (D)",""," (D)",""
"SURVEY","2016","YEAR","","STATE","FLORIDA","12","","","","","","","00000000","","CABBAGE","CHEMICAL, INSECTICIDE","CHEMICAL, INSECTICIDE: (SPINOSAD = 110003)"," (D)",""," (D)",""," (D)",""," (D)",""," (D)",""
"SURVEY","2016","YEAR","","STATE","FLORIDA","12","","","","","","","00000000","","CABBAGE","CHEMICAL, INSECTICIDE","CHEMICAL, INSECTICIDE: (THIAMETHOXAM = 60109)"," (D)",""," (D)",""," (D)",""," (D)",""," (D)",""
"SURVEY","2016","YEAR","","STATE","FLORIDA","12","","","","","","","00000000","","CABBAGE","CHEMICAL, INSECTICIDE","CHEMICAL, INSECTICIDE: (THIODICARB = 114501)"," (D)",""," (D)",""," (D)",""," (D)",""," (D)",""
"SURVEY","2016","YEAR","","STATE","FLORIDA","12","","","","","","","00000000","","CABBAGE","CHEMICAL, INSECTICIDE","CHEMICAL, INSECTICIDE: (TOTAL)","45,400","","","","","","","","99",""
"SURVEY","2016","YEAR","","STATE","FLORIDA","12","","","","","","","00000000","","CABBAGE","CHEMICAL, OTHER","CHEMICAL, OTHER: (METAM-SODIUM = 39003)"," (D)",""," (D)",""," (D)",""," (D)",""," (D)",""
"SURVEY","2016","YEAR","","STATE","FLORIDA","12","","","","","","","00000000","","CABBAGE","CHEMICAL, OTHER","CHEMICAL, OTHER: (TOTAL)"," (D)","","","","","","",""," (D)",""
"SURVEY","2016","YEAR","","STATE","GEORGIA","13","","","","","","","00000000","","CABBAGE","CHEMICAL, FUNGICIDE","CHEMICAL, FUNGICIDE: (AZOXYSTROBIN = 128810)"," (D)",""," (D)",""," (D)",""," (D)",""," (D)",""
"SURVEY","2016","YEAR","","STATE","GEORGIA","13","","","","","","","00000000","","CABBAGE","CHEMICAL, FUNGICIDE","CHEMICAL, FUNGICIDE: (CHLOROTHALONIL = 81901)"," (D)",""," (D)",""," (D)",""," (D)",""," (D)",""
"SURVEY","2016","YEAR","","STATE","GEORGIA","13","","","","","","","00000000","","CABBAGE","CHEMICAL, FUNGICIDE","CHEMICAL, FUNGICIDE: (COPPER HYDROXIDE = 23401)"," (D)",""," (D)",""," (D)",""," (D)",""," (D)",""
"SURVEY","2016","YEAR","","STATE","GEORGIA","13","","","","","","","00000000","","CABBAGE","CHEMICAL, FUNGICIDE","CHEMICAL, FUNGICIDE: (COPPER OCTANOATE = 23306)"," (D)",""," (D)",""," (D)",""," (D)",""," (D)",""
"SURVEY","2016","YEAR","","STATE","GEORGIA","13","","","","","","","00000000","","CABBAGE","CHEMICAL, FUNGICIDE","CHEMICAL, FUNGICIDE: (FLUOPICOLIDE = 27412)"," (D)",""," (D)",""," (D)",""," (D)",""," (D)",""
"SURVEY","2016","YEAR","","STATE","GEORGIA","13","","","","","","","00000000","","CABBAGE","CHEMICAL, FUNGICIDE","CHEMICAL, FUNGICIDE: (MONO-POTASSIUM SALT = 76416)"," (D)",""," (D)",""," (D)",""," (D)",""," (D)",""
"SURVEY","2016","YEAR","","STATE","GEORGIA","13","","","","","","","00000000","","CABBAGE","CHEMICAL, FUNGICIDE","CHEMICAL, FUNGICIDE: (TOTAL)"," (D)","","","","","","",""," (D)",""
"SURVEY","2016","YEAR","","STATE","GEORGIA","13","","","","","","","00000000","","CABBAGE","CHEMICAL, HERBICIDE","CHEMICAL, HERBICIDE: (2,4-D, DIMETH. SALT = 30019)"," (D)",""," (D)",""," (D)",""," (D)",""," (D)",""
"SURVEY","2016","YEAR","","STATE","GEORGIA","13","","","","","","","00000000","","CABBAGE","CHEMICAL, HERBICIDE","CHEMICAL, HERBICIDE: (DICAMBA, DIMET. SALT = 29802)"," (D)",""," (D)",""," (D)",""," (D)",""," (D)",""
"SURVEY","2016","YEAR","","STATE","GEORGIA","13","","","","","","","00000000","","CABBAGE","CHEMICAL, HERBICIDE","CHEMICAL, HERBICIDE: (OXYFLUORFEN = 111601)"," (D)",""," (D)",""," (D)",""," (D)",""," (D)",""
"SURVEY","2016","YEAR","","STATE","GEORGIA","13","","","","","","","00000000","","CABBAGE","CHEMICAL, HERBICIDE","CHEMICAL, HERBICIDE: (PARAQUAT = 61601)"," (D)",""," (D)",""," (D)",""," (D)",""," (D)",""
"SURVEY","2016","YEAR","","STATE","GEORGIA","13","","","","","","","00000000","","CABBAGE","CHEMICAL, HERBICIDE","CHEMICAL, HERBICIDE: (TOTAL)"," (D)","","","","","","",""," (D)",""
"SURVEY","2016","YEAR","","STATE","GEORGIA","13","","","","","","","00000000","","CABBAGE","CHEMICAL, HERBICIDE","CHEMICAL, HERBICIDE: (TRIFLURALIN = 36101)"," (D)",""," (D)",""," (D)",""," (D)",""," (D)",""
"SURVEY","2016","YEAR","","STATE","GEORGIA","13","","","","","","","00000000","","CABBAGE","CHEMICAL, INSECTICIDE","CHEMICAL, INSECTICIDE: (ACETAMIPRID = 99050)"," (D)",""," (D)",""," (D)",""," (D)",""," (D)",""
"SURVEY","2016","YEAR","","STATE","GEORGIA","13","","","","","","","00000000","","CABBAGE","CHEMICAL, INSECTICIDE","CHEMICAL, INSECTICIDE: (BT KURSTAK ABTS-1857 = 6523)"," (NA)",""," (NA)",""," (NA)",""," (D)",""," (D)",""
"SURVEY","2016","YEAR","","STATE","GEORGIA","13","","","","","","","00000000","","CABBAGE","CHEMICAL, INSECTICIDE","CHEMICAL, INSECTICIDE: (CHLORANTRANILIPROLE = 90100)"," (D)",""," (D)",""," (D)",""," (D)",""," (D)",""
"SURVEY","2016","YEAR","","STATE","GEORGIA","13","","","","","","","00000000","","CABBAGE","CHEMICAL, INSECTICIDE","CHEMICAL, INSECTICIDE: (CHLORPYRIFOS = 59101)"," (D)",""," (D)",""," (D)",""," (D)",""," (D)",""
"SURVEY","2016","YEAR","","STATE","GEORGIA","13","","","","","","","00000000","","CABBAGE","CHEMICAL, INSECTICIDE","CHEMICAL, INSECTICIDE: (CYANTRANILIPROLE = 90098)"," (D)",""," (D)",""," (D)",""," (D)",""," (D)",""
"SURVEY","2016","YEAR","","STATE","GEORGIA","13","","","","","","","00000000","","CABBAGE","CHEMICAL, INSECTICIDE","CHEMICAL, INSECTICIDE: (DINOTEFURAN = 44312)"," (D)",""," (D)",""," (D)",""," (D)",""," (D)",""
"SURVEY","2016","YEAR","","STATE","GEORGIA","13","","","","","","","00000000","","CABBAGE","CHEMICAL, INSECTICIDE","CHEMICAL, INSECTICIDE: (FLUBENDIAMIDE = 27602)"," (D)",""," (D)",""," (D)",""," (D)",""," (D)",""
"SURVEY","2016","YEAR","","STATE","GEORGIA","13","","","","","","","00000000","","CABBAGE","CHEMICAL, INSECTICIDE","CHEMICAL, INSECTICIDE: (FLUPYRADIFURONE = 122304)"," (D)",""," (D)",""," (D)",""," (D)",""," (D)",""
"SURVEY","2016","YEAR","","STATE","GEORGIA","13","","","","","","","00000000","","CABBAGE","CHEMICAL, INSECTICIDE","CHEMICAL, INSECTICIDE: (IMIDACLOPRID = 129099)"," (D)",""," (D)",""," (D)",""," (D)",""," (D)",""
"SURVEY","2016","YEAR","","STATE","GEORGIA","13","","","","","","","00000000","","CABBAGE","CHEMICAL, INSECTICIDE","CHEMICAL, INSECTICIDE: (LAMBDA-CYHALOTHRIN = 128897)"," (D)",""," (D)",""," (D)",""," (D)",""," (D)",""
"SURVEY","2016","YEAR","","STATE","GEORGIA","13","","","","","","","00000000","","CABBAGE","CHEMICAL, INSECTICIDE","CHEMICAL, INSECTICIDE: (METHOMYL = 90301)"," (D)",""," (D)",""," (D)",""," (D)",""," (D)",""
"SURVEY","2016","YEAR","","STATE","GEORGIA","13","","","","","","","00000000","","CABBAGE","CHEMICAL, INSECTICIDE","CHEMICAL, INSECTICIDE: (PYRIPROXYFEN = 129032)"," (D)",""," (D)",""," (D)",""," (D)",""," (D)",""
"SURVEY","2016","YEAR","","STATE","GEORGIA","13","","","","","","","00000000","","CABBAGE","CHEMICAL, INSECTICIDE","CHEMICAL, INSECTICIDE: (SPINETORAM = 110007)"," (D)",""," (D)",""," (D)",""," (D)",""," (D)",""
"SURVEY","2016","YEAR","","STATE","GEORGIA","13","","","","","","","00000000","","CABBAGE","CHEMICAL, INSECTICIDE","CHEMICAL, INSECTICIDE: (TOTAL)","1,400","","","","","","","","99",""
"SURVEY","2016","YEAR","","STATE","GEORGIA","13","","","","","","","00000000","","CABBAGE","CHEMICAL, INSECTICIDE","CHEMICAL, INSECTICIDE: (ZETA-CYPERMETHRIN = 129064)"," (D)",""," (D)",""," (D)",""," (D)",""," (D)",""
"SURVEY","2016","YEAR","","STATE","NEW YORK","36","","","","","","","00000000","","CABBAGE","CHEMICAL, FUNGICIDE","CHEMICAL, FUNGICIDE: (AZOXYSTROBIN = 128810)"," (D)",""," (D)",""," (D)",""," (D)",""," (D)",""
"SURVEY","2016","YEAR","","STATE","NEW YORK","36","","","","","","","00000000","","CABBAGE","CHEMICAL, FUNGICIDE","CHEMICAL, FUNGICIDE: (BACILLUS AMYLOLIQUEFACIENS STRAIN D747 = 16482)"," (NA)",""," (NA)",""," (NA)",""," (D)",""," (D)",""
"SURVEY","2016","YEAR","","STATE","NEW YORK","36","","","","","","","00000000","","CABBAGE","CHEMICAL, FUNGICIDE","CHEMICAL, FUNGICIDE: (BACILLUS SUBT. GB03 = 129068)"," (NA)",""," (NA)",""," (NA)",""," (D)",""," (D)",""
"SURVEY","2016","YEAR","","STATE","NEW YORK","36","","","","","","","00000000","","CABBAGE","CHEMICAL, FUNGICIDE","CHEMICAL, FUNGICIDE: (CHLOROTHALONIL = 81901)","7,900","","1.093","","2.201","","2","","39",""
"SURVEY","2016","YEAR","","STATE","NEW YORK","36","","","","","","","00000000","","CABBAGE","CHEMICAL, FUNGICIDE","CHEMICAL, FUNGICIDE: (COPPER HYDROXIDE = 23401)"," (D)",""," (D)",""," (D)",""," (D)",""," (D)",""
"SURVEY","2016","YEAR","","STATE","NEW YORK","36","","","","","","","00000000","","CABBAGE","CHEMICAL, FUNGICIDE","CHEMICAL, FUNGICIDE: (CYPRODINIL = 288202)"," (D)",""," (D)",""," (D)",""," (D)",""," (D)",""
"SURVEY","2016","YEAR","","STATE","NEW YORK","36","","","","","","","00000000","","CABBAGE","CHEMICAL, FUNGICIDE","CHEMICAL, FUNGICIDE: (DIFENOCONAZOLE = 128847)"," (D)",""," (D)",""," (D)",""," (D)",""," (D)",""
"SURVEY","2016","YEAR","","STATE","NEW YORK","36","","","","","","","00000000","","CABBAGE","CHEMICAL, FUNGICIDE","CHEMICAL, FUNGICIDE: (TOTAL)","9,100","","","","","","","","40",""
"SURVEY","2016","YEAR","","STATE","NEW YORK","36","","","","","","","00000000","","CABBAGE","CHEMICAL, HERBICIDE","CHEMICAL, HERBICIDE: (CLETHODIM = 121011)"," (D)",""," (D)",""," (D)",""," (D)",""," (D)",""
"SURVEY","2016","YEAR","","STATE","NEW YORK","36","","","","","","","00000000","","CABBAGE","CHEMICAL, HERBICIDE","CHEMICAL, HERBICIDE: (CLOMAZONE = 125401)"," (D)",""," (D)",""," (D)",""," (D)",""," (D)",""
"SURVEY","2016","YEAR","","STATE","NEW YORK","36","","","","","","","00000000","","CABBAGE","CHEMICAL, HERBICIDE","CHEMICAL, HERBICIDE: (CLOPYRALID MONO SALT = 117401)"," (D)",""," (D)",""," (D)",""," (D)",""," (D)",""
"SURVEY","2016","YEAR","","STATE","NEW YORK","36","","","","","","","00000000","","CABBAGE","CHEMICAL, HERBICIDE","CHEMICAL, HERBICIDE: (GLYPHOSATE ISO. SALT = 103601)"," (D)",""," (D)",""," (D)",""," (D)",""," (D)",""
"SURVEY","2016","YEAR","","STATE","NEW YORK","36","","","","","","","00000000","","CABBAGE","CHEMICAL, HERBICIDE","CHEMICAL, HERBICIDE: (METOLACHLOR = 108801)"," (D)",""," (D)",""," (D)",""," (D)",""," (D)",""
"SURVEY","2016","YEAR","","STATE","NEW YORK","36","","","","","","","00000000","","CABBAGE","CHEMICAL, HERBICIDE","CHEMICAL, HERBICIDE: (NAPROPAMIDE = 103001)"," (D)",""," (D)",""," (D)",""," (D)",""," (D)",""
"SURVEY","2016","YEAR","","STATE","NEW YORK","36","","","","","","","00000000","","CABBAGE","CHEMICAL, HERBICIDE","CHEMICAL, HERBICIDE: (OXYFLUORFEN = 111601)","500","","0.262","","0.262","","1","","19",""
"SURVEY","2016","YEAR","","STATE","NEW YORK","36","","","","","","","00000000","","CABBAGE","CHEMICAL, HERBICIDE","CHEMICAL, HERBICIDE: (S-METOLACHLOR = 108800)"," (D)",""," (D)",""," (D)",""," (D)",""," (D)",""
"SURVEY","2016","YEAR","","STATE","NEW YORK","36","","","","","","","00000000","","CABBAGE","CHEMICAL, HERBICIDE","CHEMICAL, HERBICIDE: (SETHOXYDIM = 121001)"," (D)",""," (D)",""," (D)",""," (D)",""," (D)",""
"SURVEY","2016","YEAR","","STATE","NEW YORK","36","","","","","","","00000000","","CABBAGE","CHEMICAL, HERBICIDE","CHEMICAL, HERBICIDE: (TOTAL)","12,800","","","","","","","","97",""
"SURVEY","2016","YEAR","","STATE","NEW YORK","36","","","","","","","00000000","","CABBAGE","CHEMICAL, HERBICIDE","CHEMICAL, HERBICIDE: (TRIFLURALIN = 36101)","4,400","","0.831","","0.831","","1","","58",""
"SURVEY","2016","YEAR","","STATE","NEW YORK","36","","","","","","","00000000","","CABBAGE","CHEMICAL, INSECTICIDE","CHEMICAL, INSECTICIDE: (ACETAMIPRID = 99050)"," (D)",""," (D)",""," (D)",""," (D)",""," (D)",""
"SURVEY","2016","YEAR","","STATE","NEW YORK","36","","","","","","","00000000","","CABBAGE","CHEMICAL, INSECTICIDE","CHEMICAL, INSECTICIDE: (BETA-CYFLUTHRIN = 118831)"," (D)",""," (D)",""," (D)",""," (D)",""," (D)",""
"SURVEY","2016","YEAR","","STATE","NEW YORK","36","","","","","","","00000000","","CABBAGE","CHEMICAL, INSECTICIDE","CHEMICAL, INSECTICIDE: (BIFENTHRIN = 128825)","700","","0.063","","0.094","","1.5","","76",""
"SURVEY","2016","YEAR","","STATE","NEW YORK","36","","","","","","","00000000","","CABBAGE","CHEMICAL, INSECTICIDE","CHEMICAL, INSECTICIDE: (BT KURSTAK ABTS-1857 = 6523)"," (NA)",""," (NA)",""," (NA)",""," (D)",""," (D)",""
"SURVEY","2016","YEAR","","STATE","NEW YORK","36","","","","","","","00000000","","CABBAGE","CHEMICAL, INSECTICIDE","CHEMICAL, INSECTICIDE: (BT KURSTAKI ABTS-351 = 6522)"," (NA)",""," (NA)",""," (NA)",""," (D)",""," (D)",""
"SURVEY","2016","YEAR","","STATE","NEW YORK","36","","","","","","","00000000","","CABBAGE","CHEMICAL, INSECTICIDE","CHEMICAL, INSECTICIDE: (BT KURSTAKI SA-11 = 6519)"," (NA)",""," (NA)",""," (NA)",""," (D)",""," (D)",""
"SURVEY","2016","YEAR","","STATE","NEW YORK","36","","","","","","","00000000","","CABBAGE","CHEMICAL, INSECTICIDE","CHEMICAL, INSECTICIDE: (BT SUB AIZAWAI GC-91 = 6426)"," (NA)",""," (NA)",""," (NA)",""," (D)",""," (D)",""
"SURVEY","2016","YEAR","","STATE","NEW YORK","36","","","","","","","00000000","","CABBAGE","CHEMICAL, INSECTICIDE","CHEMICAL, INSECTICIDE: (CARBARYL = 56801)"," (D)",""," (D)",""," (D)",""," (D)",""," (D)",""
"SURVEY","2016","YEAR","","STATE","NEW YORK","36","","","","","","","00000000","","CABBAGE","CHEMICAL, INSECTICIDE","CHEMICAL, INSECTICIDE: (CHLORANTRANILIPROLE = 90100)"," (D)",""," (D)",""," (D)",""," (D)",""," (D)",""
"SURVEY","2016","YEAR","","STATE","NEW YORK","36","","","","","","","00000000","","CABBAGE","CHEMICAL, INSECTICIDE","CHEMICAL, INSECTICIDE: (CHLORPYRIFOS = 59101)"," (D)",""," (D)",""," (D)",""," (D)",""," (D)",""
"SURVEY","2016","YEAR","","STATE","NEW YORK","36","","","","","","","00000000","","CABBAGE","CHEMICAL, INSECTICIDE","CHEMICAL, INSECTICIDE: (CYANTRANILIPROLE = 90098)"," (D)",""," (D)",""," (D)",""," (D)",""," (D)",""
"SURVEY","2016","YEAR","","STATE","NEW YORK","36","","","","","","","00000000","","CABBAGE","CHEMICAL, INSECTICIDE","CHEMICAL, INSECTICIDE: (CYFLUTHRIN = 128831)"," (Z)","","0.039","","0.04","","1",""," (Z)",""
"SURVEY","2016","YEAR","","STATE","NEW YORK","36","","","","","","","00000000","","CABBAGE","CHEMICAL, INSECTICIDE","CHEMICAL, INSECTICIDE: (EMAMECTIN BENZOATE = 122806)"," (D)",""," (D)",""," (D)",""," (D)",""," (D)",""
"SURVEY","2016","YEAR","","STATE","NEW YORK","36","","","","","","","00000000","","CABBAGE","CHEMICAL, INSECTICIDE","CHEMICAL, INSECTICIDE: (ESFENVALERATE = 109303)"," (D)",""," (D)",""," (D)",""," (D)",""," (D)",""
"SURVEY","2016","YEAR","","STATE","NEW YORK","36","","","","","","","00000000","","CABBAGE","CHEMICAL, INSECTICIDE","CHEMICAL, INSECTICIDE: (IMIDACLOPRID = 129099)","300","","0.047","","0.047","","1","","75",""
"SURVEY","2016","YEAR","","STATE","NEW YORK","36","","","","","","","00000000","","CABBAGE","CHEMICAL, INSECTICIDE","CHEMICAL, INSECTICIDE: (INDOXACARB = 67710)"," (D)",""," (D)",""," (D)",""," (D)",""," (D)",""
"SURVEY","2016","YEAR","","STATE","NEW YORK","36","","","","","","","00000000","","CABBAGE","CHEMICAL, INSECTICIDE","CHEMICAL, INSECTICIDE: (LAMBDA-CYHALOTHRIN = 128897)","200","","0.03","","0.031","","1","","78",""
"SURVEY","2016","YEAR","","STATE","NEW YORK","36","","","","","","","00000000","","CABBAGE","CHEMICAL, INSECTICIDE","CHEMICAL, INSECTICIDE: (METHOMYL = 90301)"," (D)",""," (D)",""," (D)",""," (D)",""," (D)",""
"SURVEY","2016","YEAR","","STATE","NEW YORK","36","","","","","","","00000000","","CABBAGE","CHEMICAL, INSECTICIDE","CHEMICAL, INSECTICIDE: (PERMETHRIN = 109701)"," (D)",""," (D)",""," (D)",""," (D)",""," (D)",""
"SURVEY","2016","YEAR","","STATE","NEW YORK","36","","","","","","","00000000","","CABBAGE","CHEMICAL, INSECTICIDE","CHEMICAL, INSECTICIDE: (PYMETROZINE = 101103)"," (D)",""," (D)",""," (D)",""," (D)",""," (D)",""
"SURVEY","2016","YEAR","","STATE","NEW YORK","36","","","","","","","00000000","","CABBAGE","CHEMICAL, INSECTICIDE","CHEMICAL, INSECTICIDE: (SPINETORAM = 110007)","500","","0.068","","0.069","","1","","75",""
"SURVEY","2016","YEAR","","STATE","NEW YORK","36","","","","","","","00000000","","CABBAGE","CHEMICAL, INSECTICIDE","CHEMICAL, INSECTICIDE: (SPINOSAD = 110003)"," (D)",""," (D)",""," (D)",""," (D)",""," (D)",""
"SURVEY","2016","YEAR","","STATE","NEW YORK","36","","","","","","","00000000","","CABBAGE","CHEMICAL, INSECTICIDE","CHEMICAL, INSECTICIDE: (THIAMETHOXAM = 60109)"," (D)",""," (D)",""," (D)",""," (D)",""," (D)",""
"SURVEY","2016","YEAR","","STATE","NEW YORK","36","","","","","","","00000000","","CABBAGE","CHEMICAL, INSECTICIDE","CHEMICAL, INSECTICIDE: (THIODICARB = 114501)"," (D)",""," (D)",""," (D)",""," (D)",""," (D)",""
"SURVEY","2016","YEAR","","STATE","NEW YORK","36","","","","","","","00000000","","CABBAGE","CHEMICAL, INSECTICIDE","CHEMICAL, INSECTICIDE: (TOTAL)","10,700","","","","","","","","80",""
"SURVEY","2016","YEAR","","STATE","NEW YORK","36","","","","","","","00000000","","CABBAGE","CHEMICAL, OTHER","CHEMICAL, OTHER: (BT KURSTAKI SA-12 = 6518)"," (NA)",""," (NA)",""," (NA)",""," (D)",""," (D)",""
"SURVEY","2016","YEAR","","STATE","NEW YORK","36","","","","","","","00000000","","CABBAGE","CHEMICAL, OTHER","CHEMICAL, OTHER: (MINERAL OIL = 63502)"," (D)",""," (D)",""," (D)",""," (D)",""," (D)",""
"SURVEY","2016","YEAR","","STATE","NEW YORK","36","","","","","","","00000000","","CABBAGE","CHEMICAL, OTHER","CHEMICAL, OTHER: (REYNOUTRIA SACHALINE = 55809)"," (D)",""," (D)",""," (D)",""," (D)",""," (D)",""
"SURVEY","2016","YEAR","","STATE","NEW YORK","36","","","","","","","00000000","","CABBAGE","CHEMICAL, OTHER","CHEMICAL, OTHER: (TOTAL)"," (D)","","","","","","",""," (D)",""
"SURVEY","2016","YEAR","","STATE","NORTH CAROLINA","37","","","","","","","00000000","","CABBAGE","CHEMICAL, FUNGICIDE","CHEMICAL, FUNGICIDE: (AZOXYSTROBIN = 128810)"," (D)",""," (D)",""," (D)",""," (D)",""," (D)",""
"SURVEY","2016","YEAR","","STATE","NORTH CAROLINA","37","","","","","","","00000000","","CABBAGE","CHEMICAL, FUNGICIDE","CHEMICAL, FUNGICIDE: (CAPTAN = 81301)"," (D)",""," (D)",""," (D)",""," (D)",""," (D)",""
"SURVEY","2016","YEAR","","STATE","NORTH CAROLINA","37","","","","","","","00000000","","CABBAGE","CHEMICAL, FUNGICIDE","CHEMICAL, FUNGICIDE: (CHLOROTHALONIL = 81901)","2,000","","0.96","","1.371","","1.4","","49",""
"SURVEY","2016","YEAR","","STATE","NORTH CAROLINA","37","","","","","","","00000000","","CABBAGE","CHEMICAL, FUNGICIDE","CHEMICAL, FUNGICIDE: (COPPER HYDROXIDE = 23401)"," (D)",""," (D)",""," (D)",""," (D)",""," (D)",""
"SURVEY","2016","YEAR","","STATE","NORTH CAROLINA","37","","","","","","","00000000","","CABBAGE","CHEMICAL, FUNGICIDE","CHEMICAL, FUNGICIDE: (FLUDIOXONIL = 71503)"," (D)",""," (D)",""," (D)",""," (D)",""," (D)",""
"SURVEY","2016","YEAR","","STATE","NORTH CAROLINA","37","","","","","","","00000000","","CABBAGE","CHEMICAL, FUNGICIDE","CHEMICAL, FUNGICIDE: (MANCOZEB = 14504)"," (D)",""," (D)",""," (D)",""," (D)",""," (D)",""
"SURVEY","2016","YEAR","","STATE","NORTH CAROLINA","37","","","","","","","00000000","","CABBAGE","CHEMICAL, FUNGICIDE","CHEMICAL, FUNGICIDE: (MEFENOXAM = 113502)"," (D)",""," (D)",""," (D)",""," (D)",""," (D)",""
"SURVEY","2016","YEAR","","STATE","NORTH CAROLINA","37","","","","","","","00000000","","CABBAGE","CHEMICAL, FUNGICIDE","CHEMICAL, FUNGICIDE: (THIOPHANATE-METHYL = 102001)"," (D)",""," (D)",""," (D)",""," (D)",""," (D)",""
"SURVEY","2016","YEAR","","STATE","NORTH CAROLINA","37","","","","","","","00000000","","CABBAGE","CHEMICAL, FUNGICIDE","CHEMICAL, FUNGICIDE: (TOTAL)","2,200","","","","","","","","49",""
"SURVEY","2016","YEAR","","STATE","NORTH CAROLINA","37","","","","","","","00000000","","CABBAGE","CHEMICAL, HERBICIDE","CHEMICAL, HERBICIDE: (NAPROPAMIDE = 103001)"," (D)",""," (D)",""," (D)",""," (D)",""," (D)",""
"SURVEY","2016","YEAR","","STATE","NORTH CAROLINA","37","","","","","","","00000000","","CABBAGE","CHEMICAL, HERBICIDE","CHEMICAL, HERBICIDE: (PARAQUAT = 61601)"," (D)",""," (D)",""," (D)",""," (D)",""," (D)",""
"SURVEY","2016","YEAR","","STATE","NORTH CAROLINA","37","","","","","","","00000000","","CABBAGE","CHEMICAL, HERBICIDE","CHEMICAL, HERBICIDE: (PENDIMETHALIN = 108501)"," (D)",""," (D)",""," (D)",""," (D)",""," (D)",""
"SURVEY","2016","YEAR","","STATE","NORTH CAROLINA","37","","","","","","","00000000","","CABBAGE","CHEMICAL, HERBICIDE","CHEMICAL, HERBICIDE: (SETHOXYDIM = 121001)"," (D)",""," (D)",""," (D)",""," (D)",""," (D)",""
"SURVEY","2016","YEAR","","STATE","NORTH CAROLINA","37","","","","","","","00000000","","CABBAGE","CHEMICAL, HERBICIDE","CHEMICAL, HERBICIDE: (TOTAL)","2,200","","","","","","","","76",""
"SURVEY","2016","YEAR","","STATE","NORTH CAROLINA","37","","","","","","","00000000","","CABBAGE","CHEMICAL, HERBICIDE","CHEMICAL, HERBICIDE: (TRIFLURALIN = 36101)"," (D)",""," (D)",""," (D)",""," (D)",""," (D)",""
"SURVEY","2016","YEAR","","STATE","NORTH CAROLINA","37","","","","","","","00000000","","CABBAGE","CHEMICAL, INSECTICIDE","CHEMICAL, INSECTICIDE: (ACEPHATE = 103301)"," (D)",""," (D)",""," (D)",""," (D)",""," (D)",""
"SURVEY","2016","YEAR","","STATE","NORTH CAROLINA","37","","","","","","","00000000","","CABBAGE","CHEMICAL, INSECTICIDE","CHEMICAL, INSECTICIDE: (BIFENTHRIN = 128825)"," (D)",""," (D)",""," (D)",""," (D)",""," (D)",""
"SURVEY","2016","YEAR","","STATE","NORTH CAROLINA","37","","","","","","","00000000","","CABBAGE","CHEMICAL, INSECTICIDE","CHEMICAL, INSECTICIDE: (BT KURSTAKI ABTS-351 = 6522)"," (NA)",""," (NA)",""," (NA)","","6.8","","36",""
"SURVEY","2016","YEAR","","STATE","NORTH CAROLINA","37","","","","","","","00000000","","CABBAGE","CHEMICAL, INSECTICIDE","CHEMICAL, INSECTICIDE: (CHLORANTRANILIPROLE = 90100)","400","","0.057","","0.136","","2.4","","86",""
"SURVEY","2016","YEAR","","STATE","NORTH CAROLINA","37","","","","","","","00000000","","CABBAGE","CHEMICAL, INSECTICIDE","CHEMICAL, INSECTICIDE: (CYFLUTHRIN = 128831)"," (D)",""," (D)",""," (D)",""," (D)",""," (D)",""
"SURVEY","2016","YEAR","","STATE","NORTH CAROLINA","37","","","","","","","00000000","","CABBAGE","CHEMICAL, INSECTICIDE","CHEMICAL, INSECTICIDE: (EMAMECTIN BENZOATE = 122806)"," (D)",""," (D)",""," (D)",""," (D)",""," (D)",""
"SURVEY","2016","YEAR","","STATE","NORTH CAROLINA","37","","","","","","","00000000","","CABBAGE","CHEMICAL, INSECTICIDE","CHEMICAL, INSECTICIDE: (ESFENVALERATE = 109303)"," (D)",""," (D)",""," (D)",""," (D)",""," (D)",""
"SURVEY","2016","YEAR","","STATE","NORTH CAROLINA","37","","","","","","","00000000","","CABBAGE","CHEMICAL, INSECTICIDE","CHEMICAL, INSECTICIDE: (FLONICAMID = 128016)"," (D)",""," (D)",""," (D)",""," (D)",""," (D)",""
"SURVEY","2016","YEAR","","STATE","NORTH CAROLINA","37","","","","","","","00000000","","CABBAGE","CHEMICAL, INSECTICIDE","CHEMICAL, INSECTICIDE: (FLUBENDIAMIDE = 27602)"," (D)",""," (D)",""," (D)",""," (D)",""," (D)",""
"SURVEY","2016","YEAR","","STATE","NORTH CAROLINA","37","","","","","","","00000000","","CABBAGE","CHEMICAL, INSECTICIDE","CHEMICAL, INSECTICIDE: (INDOXACARB = 67710)"," (D)",""," (D)",""," (D)",""," (D)",""," (D)",""
"SURVEY","2016","YEAR","","STATE","NORTH CAROLINA","37","","","","","","","00000000","","CABBAGE","CHEMICAL, INSECTICIDE","CHEMICAL, INSECTICIDE: (LAMBDA-CYHALOTHRIN = 128897)"," (D)",""," (D)",""," (D)",""," (D)",""," (D)",""
"SURVEY","2016","YEAR","","STATE","NORTH CAROLINA","37","","","","","","","00000000","","CABBAGE","CHEMICAL, INSECTICIDE","CHEMICAL, INSECTICIDE: (METHOMYL = 90301)"," (D)",""," (D)",""," (D)",""," (D)",""," (D)",""
"SURVEY","2016","YEAR","","STATE","NORTH CAROLINA","37","","","","","","","00000000","","CABBAGE","CHEMICAL, INSECTICIDE","CHEMICAL, INSECTICIDE: (SPINETORAM = 110007)"," (D)",""," (D)",""," (D)",""," (D)",""," (D)",""
"SURVEY","2016","YEAR","","STATE","NORTH CAROLINA","37","","","","","","","00000000","","CABBAGE","CHEMICAL, INSECTICIDE","CHEMICAL, INSECTICIDE: (THIAMETHOXAM = 60109)"," (D)",""," (D)",""," (D)",""," (D)",""," (D)",""
"SURVEY","2016","YEAR","","STATE","NORTH CAROLINA","37","","","","","","","00000000","","CABBAGE","CHEMICAL, INSECTICIDE","CHEMICAL, INSECTICIDE: (TOTAL)","2,000","","","","","","","","97",""
"SURVEY","2016","YEAR","","STATE","NORTH CAROLINA","37","","","","","","","00000000","","CABBAGE","CHEMICAL, INSECTICIDE","CHEMICAL, INSECTICIDE: (ZETA-CYPERMETHRIN = 129064)"," (D)",""," (D)",""," (D)",""," (D)",""," (D)",""
"SURVEY","2016","YEAR","","STATE","TEXAS","48","","","","","","","00000000","","CABBAGE","CHEMICAL, FUNGICIDE","CHEMICAL, FUNGICIDE: (AZOXYSTROBIN = 128810)"," (D)",""," (D)",""," (D)",""," (D)",""," (D)",""
"SURVEY","2016","YEAR","","STATE","TEXAS","48","","","","","","","00000000","","CABBAGE","CHEMICAL, FUNGICIDE","CHEMICAL, FUNGICIDE: (CHLOROTHALONIL = 81901)","14,300","","1.54","","5.035","","3.3","","46",""
"SURVEY","2016","YEAR","","STATE","TEXAS","48","","","","","","","00000000","","CABBAGE","CHEMICAL, FUNGICIDE","CHEMICAL, FUNGICIDE: (CONIOTHYRIUM MINITAN = 28836)"," (D)",""," (D)",""," (D)",""," (D)",""," (D)",""
"SURVEY","2016","YEAR","","STATE","TEXAS","48","","","","","","","00000000","","CABBAGE","CHEMICAL, FUNGICIDE","CHEMICAL, FUNGICIDE: (COPPER HYDROXIDE = 23401)"," (D)",""," (D)",""," (D)",""," (D)",""," (D)",""
"SURVEY","2016","YEAR","","STATE","TEXAS","48","","","","","","","00000000","","CABBAGE","CHEMICAL, FUNGICIDE","CHEMICAL, FUNGICIDE: (DIFENOCONAZOLE = 128847)"," (D)",""," (D)",""," (D)",""," (D)",""," (D)",""
"SURVEY","2016","YEAR","","STATE","TEXAS","48","","","","","","","00000000","","CABBAGE","CHEMICAL, FUNGICIDE","CHEMICAL, FUNGICIDE: (FENAMIDONE = 46679)"," (D)",""," (D)",""," (D)",""," (D)",""," (D)",""
"SURVEY","2016","YEAR","","STATE","TEXAS","48","","","","","","","00000000","","CABBAGE","CHEMICAL, FUNGICIDE","CHEMICAL, FUNGICIDE: (FLUOPYRAM = 80302)"," (D)",""," (D)",""," (D)",""," (D)",""," (D)",""
"SURVEY","2016","YEAR","","STATE","TEXAS","48","","","","","","","00000000","","CABBAGE","CHEMICAL, FUNGICIDE","CHEMICAL, FUNGICIDE: (MANCOZEB = 14504)"," (D)",""," (D)",""," (D)",""," (D)",""," (D)",""
"SURVEY","2016","YEAR","","STATE","TEXAS","48","","","","","","","00000000","","CABBAGE","CHEMICAL, FUNGICIDE","CHEMICAL, FUNGICIDE: (MEFENOXAM = 113502)"," (D)",""," (D)",""," (D)",""," (D)",""," (D)",""
"SURVEY","2016","YEAR","","STATE","TEXAS","48","","","","","","","00000000","","CABBAGE","CHEMICAL, FUNGICIDE","CHEMICAL, FUNGICIDE: (MONO-POTASSIUM SALT = 76416)"," (D)",""," (D)",""," (D)",""," (D)",""," (D)",""
"SURVEY","2016","YEAR","","STATE","TEXAS","48","","","","","","","00000000","","CABBAGE","CHEMICAL, FUNGICIDE","CHEMICAL, FUNGICIDE: (PENTHIOPYRAD = 90112)","500","","0.216","","0.253","","1.2","","35",""
"SURVEY","2016","YEAR","","STATE","TEXAS","48","","","","","","","00000000","","CABBAGE","CHEMICAL, FUNGICIDE","CHEMICAL, FUNGICIDE: (PYRACLOSTROBIN = 99100)"," (D)",""," (D)",""," (D)",""," (D)",""," (D)",""
"SURVEY","2016","YEAR","","STATE","TEXAS","48","","","","","","","00000000","","CABBAGE","CHEMICAL, FUNGICIDE","CHEMICAL, FUNGICIDE: (TEBUCONAZOLE = 128997)"," (D)",""," (D)",""," (D)",""," (D)",""," (D)",""
"SURVEY","2016","YEAR","","STATE","TEXAS","48","","","","","","","00000000","","CABBAGE","CHEMICAL, FUNGICIDE","CHEMICAL, FUNGICIDE: (TOTAL)","22,600","","","","","","","","89",""
"SURVEY","2016","YEAR","","STATE","TEXAS","48","","","","","","","00000000","","CABBAGE","CHEMICAL, FUNGICIDE","CHEMICAL, FUNGICIDE: (TRIFLOXYSTROBIN = 129112)"," (D)",""," (D)",""," (D)",""," (D)",""," (D)",""
"SURVEY","2016","YEAR","","STATE","TEXAS","48","","","","","","","00000000","","CABBAGE","CHEMICAL, HERBICIDE","CHEMICAL, HERBICIDE: (BENSULIDE = 9801)"," (D)",""," (D)",""," (D)",""," (D)",""," (D)",""
"SURVEY","2016","YEAR","","STATE","TEXAS","48","","","","","","","00000000","","CABBAGE","CHEMICAL, HERBICIDE","CHEMICAL, HERBICIDE: (BROMOXYNIL HEPTAN. = 128920)"," (D)",""," (D)",""," (D)",""," (D)",""," (D)",""
"SURVEY","2016","YEAR","","STATE","TEXAS","48","","","","","","","00000000","","CABBAGE","CHEMICAL, HERBICIDE","CHEMICAL, HERBICIDE: (BROMOXYNIL OCTANOATE = 35302)"," (D)",""," (D)",""," (D)",""," (D)",""," (D)",""
"SURVEY","2016","YEAR","","STATE","TEXAS","48","","","","","","","00000000","","CABBAGE","CHEMICAL, HERBICIDE","CHEMICAL, HERBICIDE: (CLETHODIM = 121011)"," (D)",""," (D)",""," (D)",""," (D)",""," (D)",""
"SURVEY","2016","YEAR","","STATE","TEXAS","48","","","","","","","00000000","","CABBAGE","CHEMICAL, HERBICIDE","CHEMICAL, HERBICIDE: (CLOPYRALID MONO SALT = 117401)"," (D)",""," (D)",""," (D)",""," (D)",""," (D)",""
"SURVEY","2016","YEAR","","STATE","TEXAS","48","","","","","","","00000000","","CABBAGE","CHEMICAL, HERBICIDE","CHEMICAL, HERBICIDE: (DCPA = 78701)"," (D)",""," (D)",""," (D)",""," (D)",""," (D)",""
"SURVEY","2016","YEAR","","STATE","TEXAS","48","","","","","","","00000000","","CABBAGE","CHEMICAL, HERBICIDE","CHEMICAL, HERBICIDE: (ETHALFLURALIN = 113101)"," (D)",""," (D)",""," (D)",""," (D)",""," (D)",""
"SURVEY","2016","YEAR","","STATE","TEXAS","48","","","","","","","00000000","","CABBAGE","CHEMICAL, HERBICIDE","CHEMICAL, HERBICIDE: (FLUAZIFOP-P-BUTYL = 122809)"," (D)",""," (D)",""," (D)",""," (D)",""," (D)",""
"SURVEY","2016","YEAR","","STATE","TEXAS","48","","","","","","","00000000","","CABBAGE","CHEMICAL, HERBICIDE","CHEMICAL, HERBICIDE: (HEXAZINONE = 107201)"," (D)",""," (D)",""," (D)",""," (D)",""," (D)",""
"SURVEY","2016","YEAR","","STATE","TEXAS","48","","","","","","","00000000","","CABBAGE","CHEMICAL, HERBICIDE","CHEMICAL, HERBICIDE: (OXYFLUORFEN = 111601)"," (D)",""," (D)",""," (D)",""," (D)",""," (D)",""
"SURVEY","2016","YEAR","","STATE","TEXAS","48","","","","","","","00000000","","CABBAGE","CHEMICAL, HERBICIDE","CHEMICAL, HERBICIDE: (PENDIMETHALIN = 108501)"," (D)",""," (D)",""," (D)",""," (D)",""," (D)",""
"SURVEY","2016","YEAR","","STATE","TEXAS","48","","","","","","","00000000","","CABBAGE","CHEMICAL, HERBICIDE","CHEMICAL, HERBICIDE: (S-METOLACHLOR = 108800)"," (D)",""," (D)",""," (D)",""," (D)",""," (D)",""
"SURVEY","2016","YEAR","","STATE","TEXAS","48","","","","","","","00000000","","CABBAGE","CHEMICAL, HERBICIDE","CHEMICAL, HERBICIDE: (TOTAL)","14,300","","","","","","","","72",""
"SURVEY","2016","YEAR","","STATE","TEXAS","48","","","","","","","00000000","","CABBAGE","CHEMICAL, HERBICIDE","CHEMICAL, HERBICIDE: (TRIFLURALIN = 36101)","2,100","","0.648","","0.845","","1.3","","41",""
"SURVEY","2016","YEAR","","STATE","TEXAS","48","","","","","","","00000000","","CABBAGE","CHEMICAL, INSECTICIDE","CHEMICAL, INSECTICIDE: (ACETAMIPRID = 99050)"," (D)",""," (D)",""," (D)",""," (D)",""," (D)",""
"SURVEY","2016","YEAR","","STATE","TEXAS","48","","","","","","","00000000","","CABBAGE","CHEMICAL, INSECTICIDE","CHEMICAL, INSECTICIDE: (BIFENTHRIN = 128825)"," (D)",""," (D)",""," (D)",""," (D)",""," (D)",""
"SURVEY","2016","YEAR","","STATE","TEXAS","48","","","","","","","00000000","","CABBAGE","CHEMICAL, INSECTICIDE","CHEMICAL, INSECTICIDE: (BT KURSTAKI ABTS-351 = 6522)"," (NA)",""," (NA)",""," (NA)",""," (D)",""," (D)",""
"SURVEY","2016","YEAR","","STATE","TEXAS","48","","","","","","","00000000","","CABBAGE","CHEMICAL, INSECTICIDE","CHEMICAL, INSECTICIDE: (BT KURSTAKI SA-11 = 6519)"," (NA)",""," (NA)",""," (NA)",""," (D)",""," (D)",""
"SURVEY","2016","YEAR","","STATE","TEXAS","48","","","","","","","00000000","","CABBAGE","CHEMICAL, INSECTICIDE","CHEMICAL, INSECTICIDE: (BUPROFEZIN = 275100)"," (D)",""," (D)",""," (D)",""," (D)",""," (D)",""
"SURVEY","2016","YEAR","","STATE","TEXAS","48","","","","","","","00000000","","CABBAGE","CHEMICAL, INSECTICIDE","CHEMICAL, INSECTICIDE: (CHLORANTRANILIPROLE = 90100)","300","","0.057","","0.069","","1.2","","60",""
"SURVEY","2016","YEAR","","STATE","TEXAS","48","","","","","","","00000000","","CABBAGE","CHEMICAL, INSECTICIDE","CHEMICAL, INSECTICIDE: (CHLORPYRIFOS = 59101)"," (D)",""," (D)",""," (D)",""," (D)",""," (D)",""
"SURVEY","2016","YEAR","","STATE","TEXAS","48","","","","","","","00000000","","CABBAGE","CHEMICAL, INSECTICIDE","CHEMICAL, INSECTICIDE: (CYFLUTHRIN = 128831)"," (D)",""," (D)",""," (D)",""," (D)",""," (D)",""
"SURVEY","2016","YEAR","","STATE","TEXAS","48","","","","","","","00000000","","CABBAGE","CHEMICAL, INSECTICIDE","CHEMICAL, INSECTICIDE: (CYPERMETHRIN = 109702)"," (D)",""," (D)",""," (D)",""," (D)",""," (D)",""
"SURVEY","2016","YEAR","","STATE","TEXAS","48","","","","","","","00000000","","CABBAGE","CHEMICAL, INSECTICIDE","CHEMICAL, INSECTICIDE: (ESFENVALERATE = 109303)"," (D)",""," (D)",""," (D)",""," (D)",""," (D)",""
"SURVEY","2016","YEAR","","STATE","TEXAS","48","","","","","","","00000000","","CABBAGE","CHEMICAL, INSECTICIDE","CHEMICAL, INSECTICIDE: (FLUBENDIAMIDE = 27602)","400","","0.072","","0.144","","2","","50",""
"SURVEY","2016","YEAR","","STATE","TEXAS","48","","","","","","","00000000","","CABBAGE","CHEMICAL, INSECTICIDE","CHEMICAL, INSECTICIDE: (FLUPYRADIFURONE = 122304)"," (D)",""," (D)",""," (D)",""," (D)",""," (D)",""
"SURVEY","2016","YEAR","","STATE","TEXAS","48","","","","","","","00000000","","CABBAGE","CHEMICAL, INSECTICIDE","CHEMICAL, INSECTICIDE: (GAMMA-CYHALOTHRIN = 128807)"," (D)",""," (D)",""," (D)",""," (D)",""," (D)",""
"SURVEY","2016","YEAR","","STATE","TEXAS","48","","","","","","","00000000","","CABBAGE","CHEMICAL, INSECTICIDE","CHEMICAL, INSECTICIDE: (IMIDACLOPRID = 129099)","2,800","","0.396","","0.795","","2","","57",""
"SURVEY","2016","YEAR","","STATE","TEXAS","48","","","","","","","00000000","","CABBAGE","CHEMICAL, INSECTICIDE","CHEMICAL, INSECTICIDE: (LAMBDA-CYHALOTHRIN = 128897)"," (D)",""," (D)",""," (D)",""," (D)",""," (D)",""
"SURVEY","2016","YEAR","","STATE","TEXAS","48","","","","","","","00000000","","CABBAGE","CHEMICAL, INSECTICIDE","CHEMICAL, INSECTICIDE: (MALATHION = 57701)"," (D)",""," (D)",""," (D)",""," (D)",""," (D)",""
"SURVEY","2016","YEAR","","STATE","TEXAS","48","","","","","","","00000000","","CABBAGE","CHEMICAL, INSECTICIDE","CHEMICAL, INSECTICIDE: (METHOMYL = 90301)"," (D)",""," (D)",""," (D)",""," (D)",""," (D)",""
"SURVEY","2016","YEAR","","STATE","TEXAS","48","","","","","","","00000000","","CABBAGE","CHEMICAL, INSECTICIDE","CHEMICAL, INSECTICIDE: (METHOXYFENOZIDE = 121027)"," (D)",""," (D)",""," (D)",""," (D)",""," (D)",""
"SURVEY","2016","YEAR","","STATE","TEXAS","48","","","","","","","00000000","","CABBAGE","CHEMICAL, INSECTICIDE","CHEMICAL, INSECTICIDE: (NEEM OIL, CLAR. HYD. = 25007)"," (D)",""," (D)",""," (D)",""," (D)",""," (D)",""
"SURVEY","2016","YEAR","","STATE","TEXAS","48","","","","","","","00000000","","CABBAGE","CHEMICAL, INSECTICIDE","CHEMICAL, INSECTICIDE: (PERMETHRIN = 109701)","400","","0.124","","0.289","","2.3","","25",""
"SURVEY","2016","YEAR","","STATE","TEXAS","48","","","","","","","00000000","","CABBAGE","CHEMICAL, INSECTICIDE","CHEMICAL, INSECTICIDE: (SPINETORAM = 110007)"," (D)",""," (D)",""," (D)",""," (D)",""," (D)",""
"SURVEY","2016","YEAR","","STATE","TEXAS","48","","","","","","","00000000","","CABBAGE","CHEMICAL, INSECTICIDE","CHEMICAL, INSECTICIDE: (SPIROMESIFEN = 24875)"," (D)",""," (D)",""," (D)",""," (D)",""," (D)",""
"SURVEY","2016","YEAR","","STATE","TEXAS","48","","","","","","","00000000","","CABBAGE","CHEMICAL, INSECTICIDE","CHEMICAL, INSECTICIDE: (SPIROTETRAMAT = 392201)"," (D)",""," (D)",""," (D)",""," (D)",""," (D)",""
"SURVEY","2016","YEAR","","STATE","TEXAS","48","","","","","","","00000000","","CABBAGE","CHEMICAL, INSECTICIDE","CHEMICAL, INSECTICIDE: (THIAMETHOXAM = 60109)"," (D)",""," (D)",""," (D)",""," (D)",""," (D)",""
"SURVEY","2016","YEAR","","STATE","TEXAS","48","","","","","","","00000000","","CABBAGE","CHEMICAL, INSECTICIDE","CHEMICAL, INSECTICIDE: (TOTAL)","6,600","","","","","","","","99",""
"SURVEY","2016","YEAR","","STATE","TEXAS","48","","","","","","","00000000","","CABBAGE","CHEMICAL, INSECTICIDE","CHEMICAL, INSECTICIDE: (ZETA-CYPERMETHRIN = 129064)"," (Z)","","0.036","","0.036","","1","","20",""
"SURVEY","2016","YEAR","","STATE","TEXAS","48","","","","","","","00000000","","CABBAGE","CHEMICAL, OTHER","CHEMICAL, OTHER: (ACIBENZOLAR-S-METHYL = 61402)"," (D)",""," (D)",""," (D)",""," (D)",""," (D)",""
"SURVEY","2016","YEAR","","STATE","TEXAS","48","","","","","","","00000000","","CABBAGE","CHEMICAL, OTHER","CHEMICAL, OTHER: (TOTAL)"," (D)","","","","","","",""," (D)",""
"SURVEY","2016","YEAR","","STATE","WISCONSIN","55","","","","","","","00000000","","CABBAGE","CHEMICAL, FUNGICIDE","CHEMICAL, FUNGICIDE: (BACILLUS SUBTILIS = 6479)"," (NA)",""," (NA)",""," (NA)",""," (D)",""," (D)",""
"SURVEY","2016","YEAR","","STATE","WISCONSIN","55","","","","","","","00000000","","CABBAGE","CHEMICAL, FUNGICIDE","CHEMICAL, FUNGICIDE: (CHLOROTHALONIL = 81901)"," (D)",""," (D)",""," (D)",""," (D)",""," (D)",""
"SURVEY","2016","YEAR","","STATE","WISCONSIN","55","","","","","","","00000000","","CABBAGE","CHEMICAL, FUNGICIDE","CHEMICAL, FUNGICIDE: (COPPER HYDROXIDE = 23401)"," (D)",""," (D)",""," (D)",""," (D)",""," (D)",""
"SURVEY","2016","YEAR","","STATE","WISCONSIN","55","","","","","","","00000000","","CABBAGE","CHEMICAL, FUNGICIDE","CHEMICAL, FUNGICIDE: (STREPTOMYCES LYDICUS = 6327)"," (NA)",""," (NA)",""," (NA)",""," (D)",""," (D)",""
"SURVEY","2016","YEAR","","STATE","WISCONSIN","55","","","","","","","00000000","","CABBAGE","CHEMICAL, FUNGICIDE","CHEMICAL, FUNGICIDE: (TOTAL)"," (D)","","","","","","",""," (D)",""
"SURVEY","2016","YEAR","","STATE","WISCONSIN","55","","","","","","","00000000","","CABBAGE","CHEMICAL, HERBICIDE","CHEMICAL, HERBICIDE: (CLOMAZONE = 125401)"," (D)",""," (D)",""," (D)",""," (D)",""," (D)",""
"SURVEY","2016","YEAR","","STATE","WISCONSIN","55","","","","","","","00000000","","CABBAGE","CHEMICAL, HERBICIDE","CHEMICAL, HERBICIDE: (ETHALFLURALIN = 113101)"," (D)",""," (D)",""," (D)",""," (D)",""," (D)",""
"SURVEY","2016","YEAR","","STATE","WISCONSIN","55","","","","","","","00000000","","CABBAGE","CHEMICAL, HERBICIDE","CHEMICAL, HERBICIDE: (TOTAL)"," (D)","","","","","","",""," (D)",""
"SURVEY","2016","YEAR","","STATE","WISCONSIN","55","","","","","","","00000000","","CABBAGE","CHEMICAL, HERBICIDE","CHEMICAL, HERBICIDE: (TRIFLURALIN = 36101)"," (D)",""," (D)",""," (D)",""," (D)",""," (D)",""
"SURVEY","2016","YEAR","","STATE","WISCONSIN","55","","","","","","","00000000","","CABBAGE","CHEMICAL, INSECTICIDE","CHEMICAL, INSECTICIDE: (ACETAMIPRID = 99050)"," (D)",""," (D)",""," (D)",""," (D)",""," (D)",""
"SURVEY","2016","YEAR","","STATE","WISCONSIN","55","","","","","","","00000000","","CABBAGE","CHEMICAL, INSECTICIDE","CHEMICAL, INSECTICIDE: (BETA-CYFLUTHRIN = 118831)"," (D)",""," (D)",""," (D)",""," (D)",""," (D)",""
"SURVEY","2016","YEAR","","STATE","WISCONSIN","55","","","","","","","00000000","","CABBAGE","CHEMICAL, INSECTICIDE","CHEMICAL, INSECTICIDE: (BT KURSTAKI ABTS-351 = 6522)"," (NA)",""," (NA)",""," (NA)",""," (D)",""," (D)",""
"SURVEY","2016","YEAR","","STATE","WISCONSIN","55","","","","","","","00000000","","CABBAGE","CHEMICAL, INSECTICIDE","CHEMICAL, INSECTICIDE: (ESFENVALERATE = 109303)"," (D)",""," (D)",""," (D)",""," (D)",""," (D)",""
"SURVEY","2016","YEAR","","STATE","WISCONSIN","55","","","","","","","00000000","","CABBAGE","CHEMICAL, INSECTICIDE","CHEMICAL, INSECTICIDE: (LAMBDA-CYHALOTHRIN = 128897)"," (D)",""," (D)",""," (D)",""," (D)",""," (D)",""
"SURVEY","2016","YEAR","","STATE","WISCONSIN","55","","","","","","","00000000","","CABBAGE","CHEMICAL, INSECTICIDE","CHEMICAL, INSECTICIDE: (PERMETHRIN = 109701)"," (D)",""," (D)",""," (D)",""," (D)",""," (D)",""
"SURVEY","2016","YEAR","","STATE","WISCONSIN","55","","","","","","","00000000","","CABBAGE","CHEMICAL, INSECTICIDE","CHEMICAL, INSECTICIDE: (SPINOSAD = 110003)"," (D)",""," (D)",""," (D)",""," (D)",""," (D)",""
"SURVEY","2016","YEAR","","STATE","WISCONSIN","55","","","","","","","00000000","","CABBAGE","CHEMICAL, INSECTICIDE","CHEMICAL, INSECTICIDE: (TOTAL)","","","","","","","","","100",""
