"Program","Year","Period","Week Ending","Geo Level","State","State ANSI","Ag District","Ag District Code","County","County ANSI","Zip Code","Region","watershed_code","Watershed","Commodity","Domain","Domain Category","MELONS, CANTALOUP - APPLICATIONS, MEASURED IN LB  -  <b>VALUE</b>","MELONS, CANTALOUP - APPLICATIONS, MEASURED IN LB  -  <b>CV (%)</b>","MELONS, CANTALOUP - APPLICATIONS, MEASURED IN LB / ACRE / APPLICATION, AVG  -  <b>VALUE</b>","MELONS, CANTALOUP - APPLICATIONS, MEASURED IN LB / ACRE / APPLICATION, AVG  -  <b>CV (%)</b>","MELONS, CANTALOUP - APPLICATIONS, MEASURED IN LB / ACRE / YEAR, AVG  -  <b>VALUE</b>","MELONS, CANTALOUP - APPLICATIONS, MEASURED IN LB / ACRE / YEAR, AVG  -  <b>CV (%)</b>","MELONS, CANTALOUP - APPLICATIONS, MEASURED IN NUMBER, AVG  -  <b>VALUE</b>","MELONS, CANTALOUP - APPLICATIONS, MEASURED IN NUMBER, AVG  -  <b>CV (%)</b>","MELONS, CANTALOUP - TREATED, MEASURED IN PCT OF AREA PLANTED, AVG  -  <b>VALUE</b>","MELONS, CANTALOUP - TREATED, MEASURED IN PCT OF AREA PLANTED, AVG  -  <b>CV (%)</b>"
"SURVEY","2016","YEAR","","REGION : MULTI-STATE","","","","","","","","PROGRAM STATES","00000000","","MELONS","CHEMICAL, FUNGICIDE","CHEMICAL, FUNGICIDE: (AZOXYSTROBIN = 128810)","3,900","","0.138","","0.217","","1.6","","41",""
"SURVEY","2016","YEAR","","REGION : MULTI-STATE","","","","","","","","PROGRAM STATES","00000000","","MELONS","CHEMICAL, FUNGICIDE","CHEMICAL, FUNGICIDE: (BACILLUS AMYLOLIQUEFACIENS STRAIN D747 = 16482)"," (NA)",""," (NA)",""," (NA)",""," (D)",""," (D)",""
"SURVEY","2016","YEAR","","REGION : MULTI-STATE","","","","","","","","PROGRAM STATES","00000000","","MELONS","CHEMICAL, FUNGICIDE","CHEMICAL, FUNGICIDE: (BOSCALID = 128008)"," (D)",""," (D)",""," (D)",""," (D)",""," (D)",""
"SURVEY","2016","YEAR","","REGION : MULTI-STATE","","","","","","","","PROGRAM STATES","00000000","","MELONS","CHEMICAL, FUNGICIDE","CHEMICAL, FUNGICIDE: (CHLOROTHALONIL = 81901)","1,800","","1.375","","2.566","","1.9","","2",""
"SURVEY","2016","YEAR","","REGION : MULTI-STATE","","","","","","","","PROGRAM STATES","00000000","","MELONS","CHEMICAL, FUNGICIDE","CHEMICAL, FUNGICIDE: (CONIOTHYRIUM MINITAN = 28836)"," (D)",""," (D)",""," (D)",""," (D)",""," (D)",""
"SURVEY","2016","YEAR","","REGION : MULTI-STATE","","","","","","","","PROGRAM STATES","00000000","","MELONS","CHEMICAL, FUNGICIDE","CHEMICAL, FUNGICIDE: (COPPER HYDROXIDE = 23401)"," (D)",""," (D)",""," (D)",""," (D)",""," (D)",""
"SURVEY","2016","YEAR","","REGION : MULTI-STATE","","","","","","","","PROGRAM STATES","00000000","","MELONS","CHEMICAL, FUNGICIDE","CHEMICAL, FUNGICIDE: (CYAZOFAMID = 85651)"," (D)",""," (D)",""," (D)",""," (D)",""," (D)",""
"SURVEY","2016","YEAR","","REGION : MULTI-STATE","","","","","","","","PROGRAM STATES","00000000","","MELONS","CHEMICAL, FUNGICIDE","CHEMICAL, FUNGICIDE: (CYFLUFENAMID = 555550)","200","","0.022","","0.026","","1.2","","14",""
"SURVEY","2016","YEAR","","REGION : MULTI-STATE","","","","","","","","PROGRAM STATES","00000000","","MELONS","CHEMICAL, FUNGICIDE","CHEMICAL, FUNGICIDE: (CYPRODINIL = 288202)"," (D)",""," (D)",""," (D)",""," (D)",""," (D)",""
"SURVEY","2016","YEAR","","REGION : MULTI-STATE","","","","","","","","PROGRAM STATES","00000000","","MELONS","CHEMICAL, FUNGICIDE","CHEMICAL, FUNGICIDE: (DIFENOCONAZOLE = 128847)"," (D)",""," (D)",""," (D)",""," (D)",""," (D)",""
"SURVEY","2016","YEAR","","REGION : MULTI-STATE","","","","","","","","PROGRAM STATES","00000000","","MELONS","CHEMICAL, FUNGICIDE","CHEMICAL, FUNGICIDE: (FENAMIDONE = 46679)"," (D)",""," (D)",""," (D)",""," (D)",""," (D)",""
"SURVEY","2016","YEAR","","REGION : MULTI-STATE","","","","","","","","PROGRAM STATES","00000000","","MELONS","CHEMICAL, FUNGICIDE","CHEMICAL, FUNGICIDE: (KRESOXIM-METHYL = 129111)"," (D)",""," (D)",""," (D)",""," (D)",""," (D)",""
"SURVEY","2016","YEAR","","REGION : MULTI-STATE","","","","","","","","PROGRAM STATES","00000000","","MELONS","CHEMICAL, FUNGICIDE","CHEMICAL, FUNGICIDE: (MANCOZEB = 14504)","300","","1.127","","2.145","","1.9",""," (Z)",""
"SURVEY","2016","YEAR","","REGION : MULTI-STATE","","","","","","","","PROGRAM STATES","00000000","","MELONS","CHEMICAL, FUNGICIDE","CHEMICAL, FUNGICIDE: (MANDIPROPAMIDE TECHN = 36602)"," (D)",""," (D)",""," (D)",""," (D)",""," (D)",""
"SURVEY","2016","YEAR","","REGION : MULTI-STATE","","","","","","","","PROGRAM STATES","00000000","","MELONS","CHEMICAL, FUNGICIDE","CHEMICAL, FUNGICIDE: (MEFENOXAM = 113502)"," (Z)","","0.064","","0.081","","1.3","","1",""
"SURVEY","2016","YEAR","","REGION : MULTI-STATE","","","","","","","","PROGRAM STATES","00000000","","MELONS","CHEMICAL, FUNGICIDE","CHEMICAL, FUNGICIDE: (MYCLOBUTANIL = 128857)","300","","0.095","","0.118","","1.2","","7",""
"SURVEY","2016","YEAR","","REGION : MULTI-STATE","","","","","","","","PROGRAM STATES","00000000","","MELONS","CHEMICAL, FUNGICIDE","CHEMICAL, FUNGICIDE: (PENTHIOPYRAD = 90112)"," (D)",""," (D)",""," (D)",""," (D)",""," (D)",""
"SURVEY","2016","YEAR","","REGION : MULTI-STATE","","","","","","","","PROGRAM STATES","00000000","","MELONS","CHEMICAL, FUNGICIDE","CHEMICAL, FUNGICIDE: (PROPAMOCARB HYDROCH. = 119302)"," (D)",""," (D)",""," (D)",""," (D)",""," (D)",""
"SURVEY","2016","YEAR","","REGION : MULTI-STATE","","","","","","","","PROGRAM STATES","00000000","","MELONS","CHEMICAL, FUNGICIDE","CHEMICAL, FUNGICIDE: (PYRACLOSTROBIN = 99100)"," (D)",""," (D)",""," (D)",""," (D)",""," (D)",""
"SURVEY","2016","YEAR","","REGION : MULTI-STATE","","","","","","","","PROGRAM STATES","00000000","","MELONS","CHEMICAL, FUNGICIDE","CHEMICAL, FUNGICIDE: (QUINOLINE = 55459)"," (D)",""," (D)",""," (D)",""," (D)",""," (D)",""
"SURVEY","2016","YEAR","","REGION : MULTI-STATE","","","","","","","","PROGRAM STATES","00000000","","MELONS","CHEMICAL, FUNGICIDE","CHEMICAL, FUNGICIDE: (SULFUR = 77501)"," (D)",""," (D)",""," (D)",""," (D)",""," (D)",""
"SURVEY","2016","YEAR","","REGION : MULTI-STATE","","","","","","","","PROGRAM STATES","00000000","","MELONS","CHEMICAL, FUNGICIDE","CHEMICAL, FUNGICIDE: (TEBUCONAZOLE = 128997)"," (D)",""," (D)",""," (D)",""," (D)",""," (D)",""
"SURVEY","2016","YEAR","","REGION : MULTI-STATE","","","","","","","","PROGRAM STATES","00000000","","MELONS","CHEMICAL, FUNGICIDE","CHEMICAL, FUNGICIDE: (THIOPHANATE-METHYL = 102001)"," (D)",""," (D)",""," (D)",""," (D)",""," (D)",""
"SURVEY","2016","YEAR","","REGION : MULTI-STATE","","","","","","","","PROGRAM STATES","00000000","","MELONS","CHEMICAL, FUNGICIDE","CHEMICAL, FUNGICIDE: (TOTAL)","219,300","","","","","","","","79",""
"SURVEY","2016","YEAR","","REGION : MULTI-STATE","","","","","","","","PROGRAM STATES","00000000","","MELONS","CHEMICAL, FUNGICIDE","CHEMICAL, FUNGICIDE: (TRIFLOXYSTROBIN = 129112)"," (D)",""," (D)",""," (D)",""," (D)",""," (D)",""
"SURVEY","2016","YEAR","","REGION : MULTI-STATE","","","","","","","","PROGRAM STATES","00000000","","MELONS","CHEMICAL, FUNGICIDE","CHEMICAL, FUNGICIDE: (TRIFLUMIZOLE = 128879)"," (D)",""," (D)",""," (D)",""," (D)",""," (D)",""
"SURVEY","2016","YEAR","","REGION : MULTI-STATE","","","","","","","","PROGRAM STATES","00000000","","MELONS","CHEMICAL, HERBICIDE","CHEMICAL, HERBICIDE: (2,4-D, DIMETH. SALT = 30019)"," (D)",""," (D)",""," (D)",""," (D)",""," (D)",""
"SURVEY","2016","YEAR","","REGION : MULTI-STATE","","","","","","","","PROGRAM STATES","00000000","","MELONS","CHEMICAL, HERBICIDE","CHEMICAL, HERBICIDE: (BENSULIDE = 9801)","72,200","","5.36","","8.65","","1.6","","19",""
"SURVEY","2016","YEAR","","REGION : MULTI-STATE","","","","","","","","PROGRAM STATES","00000000","","MELONS","CHEMICAL, HERBICIDE","CHEMICAL, HERBICIDE: (CARFENTRAZONE-ETHYL = 128712)"," (D)",""," (D)",""," (D)",""," (D)",""," (D)",""
"SURVEY","2016","YEAR","","REGION : MULTI-STATE","","","","","","","","PROGRAM STATES","00000000","","MELONS","CHEMICAL, HERBICIDE","CHEMICAL, HERBICIDE: (CLETHODIM = 121011)"," (Z)","","0.096","","0.097","","1","","1",""
"SURVEY","2016","YEAR","","REGION : MULTI-STATE","","","","","","","","PROGRAM STATES","00000000","","MELONS","CHEMICAL, HERBICIDE","CHEMICAL, HERBICIDE: (DICAMBA, DIMET. SALT = 29802)"," (D)",""," (D)",""," (D)",""," (D)",""," (D)",""
"SURVEY","2016","YEAR","","REGION : MULTI-STATE","","","","","","","","PROGRAM STATES","00000000","","MELONS","CHEMICAL, HERBICIDE","CHEMICAL, HERBICIDE: (ETHALFLURALIN = 113101)"," (D)",""," (D)",""," (D)",""," (D)",""," (D)",""
"SURVEY","2016","YEAR","","REGION : MULTI-STATE","","","","","","","","PROGRAM STATES","00000000","","MELONS","CHEMICAL, HERBICIDE","CHEMICAL, HERBICIDE: (GLUFOSINATE-AMMONIUM = 128850)"," (D)",""," (D)",""," (D)",""," (D)",""," (D)",""
"SURVEY","2016","YEAR","","REGION : MULTI-STATE","","","","","","","","PROGRAM STATES","00000000","","MELONS","CHEMICAL, HERBICIDE","CHEMICAL, HERBICIDE: (GLYPHOSATE ISO. SALT = 103601)","1,300","","0.792","","0.806","","1","","4",""
"SURVEY","2016","YEAR","","REGION : MULTI-STATE","","","","","","","","PROGRAM STATES","00000000","","MELONS","CHEMICAL, HERBICIDE","CHEMICAL, HERBICIDE: (GLYPHOSATE POT. SALT = 103613)"," (D)",""," (D)",""," (D)",""," (D)",""," (D)",""
"SURVEY","2016","YEAR","","REGION : MULTI-STATE","","","","","","","","PROGRAM STATES","00000000","","MELONS","CHEMICAL, HERBICIDE","CHEMICAL, HERBICIDE: (HALOSULFURON-METHYL = 128721)"," (D)",""," (D)",""," (D)",""," (D)",""," (D)",""
"SURVEY","2016","YEAR","","REGION : MULTI-STATE","","","","","","","","PROGRAM STATES","00000000","","MELONS","CHEMICAL, HERBICIDE","CHEMICAL, HERBICIDE: (METSULFURON-METHYL = 122010)"," (D)",""," (D)",""," (D)",""," (D)",""," (D)",""
"SURVEY","2016","YEAR","","REGION : MULTI-STATE","","","","","","","","PROGRAM STATES","00000000","","MELONS","CHEMICAL, HERBICIDE","CHEMICAL, HERBICIDE: (OXYFLUORFEN = 111601)"," (D)",""," (D)",""," (D)",""," (D)",""," (D)",""
"SURVEY","2016","YEAR","","REGION : MULTI-STATE","","","","","","","","PROGRAM STATES","00000000","","MELONS","CHEMICAL, HERBICIDE","CHEMICAL, HERBICIDE: (PARAQUAT = 61601)"," (D)",""," (D)",""," (D)",""," (D)",""," (D)",""
"SURVEY","2016","YEAR","","REGION : MULTI-STATE","","","","","","","","PROGRAM STATES","00000000","","MELONS","CHEMICAL, HERBICIDE","CHEMICAL, HERBICIDE: (PENDIMETHALIN = 108501)"," (D)",""," (D)",""," (D)",""," (D)",""," (D)",""
"SURVEY","2016","YEAR","","REGION : MULTI-STATE","","","","","","","","PROGRAM STATES","00000000","","MELONS","CHEMICAL, HERBICIDE","CHEMICAL, HERBICIDE: (PYRAFLUFEN-ETHYL = 30090)"," (D)",""," (D)",""," (D)",""," (D)",""," (D)",""
"SURVEY","2016","YEAR","","REGION : MULTI-STATE","","","","","","","","PROGRAM STATES","00000000","","MELONS","CHEMICAL, HERBICIDE","CHEMICAL, HERBICIDE: (SETHOXYDIM = 121001)"," (D)",""," (D)",""," (D)",""," (D)",""," (D)",""
"SURVEY","2016","YEAR","","REGION : MULTI-STATE","","","","","","","","PROGRAM STATES","00000000","","MELONS","CHEMICAL, HERBICIDE","CHEMICAL, HERBICIDE: (TOTAL)","92,800","","","","","","","","54",""
"SURVEY","2016","YEAR","","REGION : MULTI-STATE","","","","","","","","PROGRAM STATES","00000000","","MELONS","CHEMICAL, HERBICIDE","CHEMICAL, HERBICIDE: (TRIFLURALIN = 36101)"," (D)",""," (D)",""," (D)",""," (D)",""," (D)",""
"SURVEY","2016","YEAR","","REGION : MULTI-STATE","","","","","","","","PROGRAM STATES","00000000","","MELONS","CHEMICAL, INSECTICIDE","CHEMICAL, INSECTICIDE: (ABAMECTIN = 122804)","300","","0.017","","0.022","","1.3","","35",""
"SURVEY","2016","YEAR","","REGION : MULTI-STATE","","","","","","","","PROGRAM STATES","00000000","","MELONS","CHEMICAL, INSECTICIDE","CHEMICAL, INSECTICIDE: (ACETAMIPRID = 99050)"," (D)",""," (D)",""," (D)",""," (D)",""," (D)",""
"SURVEY","2016","YEAR","","REGION : MULTI-STATE","","","","","","","","PROGRAM STATES","00000000","","MELONS","CHEMICAL, INSECTICIDE","CHEMICAL, INSECTICIDE: (BIFENTHRIN = 128825)","3,200","","0.085","","0.109","","1.3","","68",""
"SURVEY","2016","YEAR","","REGION : MULTI-STATE","","","","","","","","PROGRAM STATES","00000000","","MELONS","CHEMICAL, INSECTICIDE","CHEMICAL, INSECTICIDE: (BT KURSTAK ABTS-1857 = 6523)"," (NA)",""," (NA)",""," (NA)",""," (D)",""," (D)",""
"SURVEY","2016","YEAR","","REGION : MULTI-STATE","","","","","","","","PROGRAM STATES","00000000","","MELONS","CHEMICAL, INSECTICIDE","CHEMICAL, INSECTICIDE: (BT KURSTAKI ABTS-351 = 6522)"," (NA)",""," (NA)",""," (NA)",""," (D)",""," (D)",""
"SURVEY","2016","YEAR","","REGION : MULTI-STATE","","","","","","","","PROGRAM STATES","00000000","","MELONS","CHEMICAL, INSECTICIDE","CHEMICAL, INSECTICIDE: (BT KURSTAKI SA-11 = 6519)"," (NA)",""," (NA)",""," (NA)",""," (D)",""," (D)",""
"SURVEY","2016","YEAR","","REGION : MULTI-STATE","","","","","","","","PROGRAM STATES","00000000","","MELONS","CHEMICAL, INSECTICIDE","CHEMICAL, INSECTICIDE: (BUPROFEZIN = 275100)"," (D)",""," (D)",""," (D)",""," (D)",""," (D)",""
"SURVEY","2016","YEAR","","REGION : MULTI-STATE","","","","","","","","PROGRAM STATES","00000000","","MELONS","CHEMICAL, INSECTICIDE","CHEMICAL, INSECTICIDE: (CARBARYL = 56801)"," (D)",""," (D)",""," (D)",""," (D)",""," (D)",""
"SURVEY","2016","YEAR","","REGION : MULTI-STATE","","","","","","","","PROGRAM STATES","00000000","","MELONS","CHEMICAL, INSECTICIDE","CHEMICAL, INSECTICIDE: (CHLORANTRANILIPROLE = 90100)","400","","0.063","","0.084","","1.3","","10",""
"SURVEY","2016","YEAR","","REGION : MULTI-STATE","","","","","","","","PROGRAM STATES","00000000","","MELONS","CHEMICAL, INSECTICIDE","CHEMICAL, INSECTICIDE: (CHLORPYRIFOS = 59101)"," (D)",""," (D)",""," (D)",""," (D)",""," (D)",""
"SURVEY","2016","YEAR","","REGION : MULTI-STATE","","","","","","","","PROGRAM STATES","00000000","","MELONS","CHEMICAL, INSECTICIDE","CHEMICAL, INSECTICIDE: (CLOTHIANIDIN = 44309)"," (D)",""," (D)",""," (D)",""," (D)",""," (D)",""
"SURVEY","2016","YEAR","","REGION : MULTI-STATE","","","","","","","","PROGRAM STATES","00000000","","MELONS","CHEMICAL, INSECTICIDE","CHEMICAL, INSECTICIDE: (CYANTRANILIPROLE = 90098)"," (D)",""," (D)",""," (D)",""," (D)",""," (D)",""
"SURVEY","2016","YEAR","","REGION : MULTI-STATE","","","","","","","","PROGRAM STATES","00000000","","MELONS","CHEMICAL, INSECTICIDE","CHEMICAL, INSECTICIDE: (CYFLUTHRIN = 128831)"," (D)",""," (D)",""," (D)",""," (D)",""," (D)",""
"SURVEY","2016","YEAR","","REGION : MULTI-STATE","","","","","","","","PROGRAM STATES","00000000","","MELONS","CHEMICAL, INSECTICIDE","CHEMICAL, INSECTICIDE: (DIAZINON = 57801)","35,800","","3.03","","4.992","","1.6","","16",""
"SURVEY","2016","YEAR","","REGION : MULTI-STATE","","","","","","","","PROGRAM STATES","00000000","","MELONS","CHEMICAL, INSECTICIDE","CHEMICAL, INSECTICIDE: (DIMETHOATE = 35001)"," (D)",""," (D)",""," (D)",""," (D)",""," (D)",""
"SURVEY","2016","YEAR","","REGION : MULTI-STATE","","","","","","","","PROGRAM STATES","00000000","","MELONS","CHEMICAL, INSECTICIDE","CHEMICAL, INSECTICIDE: (DINOTEFURAN = 44312)","1,000","","0.162","","0.166","","1","","14",""
"SURVEY","2016","YEAR","","REGION : MULTI-STATE","","","","","","","","PROGRAM STATES","00000000","","MELONS","CHEMICAL, INSECTICIDE","CHEMICAL, INSECTICIDE: (ESFENVALERATE = 109303)"," (D)",""," (D)",""," (D)",""," (D)",""," (D)",""
"SURVEY","2016","YEAR","","REGION : MULTI-STATE","","","","","","","","PROGRAM STATES","00000000","","MELONS","CHEMICAL, INSECTICIDE","CHEMICAL, INSECTICIDE: (FENPROPATHRIN = 127901)"," (D)",""," (D)",""," (D)",""," (D)",""," (D)",""
"SURVEY","2016","YEAR","","REGION : MULTI-STATE","","","","","","","","PROGRAM STATES","00000000","","MELONS","CHEMICAL, INSECTICIDE","CHEMICAL, INSECTICIDE: (FENPYROXIMATE = 129131)"," (D)",""," (D)",""," (D)",""," (D)",""," (D)",""
"SURVEY","2016","YEAR","","REGION : MULTI-STATE","","","","","","","","PROGRAM STATES","00000000","","MELONS","CHEMICAL, INSECTICIDE","CHEMICAL, INSECTICIDE: (FLONICAMID = 128016)"," (D)",""," (D)",""," (D)",""," (D)",""," (D)",""
"SURVEY","2016","YEAR","","REGION : MULTI-STATE","","","","","","","","PROGRAM STATES","00000000","","MELONS","CHEMICAL, INSECTICIDE","CHEMICAL, INSECTICIDE: (FLUBENDIAMIDE = 27602)","1,500","","0.04","","0.059","","1.5","","60",""
"SURVEY","2016","YEAR","","REGION : MULTI-STATE","","","","","","","","PROGRAM STATES","00000000","","MELONS","CHEMICAL, INSECTICIDE","CHEMICAL, INSECTICIDE: (FLUPYRADIFURONE = 122304)"," (D)",""," (D)",""," (D)",""," (D)",""," (D)",""
"SURVEY","2016","YEAR","","REGION : MULTI-STATE","","","","","","","","PROGRAM STATES","00000000","","MELONS","CHEMICAL, INSECTICIDE","CHEMICAL, INSECTICIDE: (IMIDACLOPRID = 129099)","3,000","","0.167","","0.183","","1.1","","38",""
"SURVEY","2016","YEAR","","REGION : MULTI-STATE","","","","","","","","PROGRAM STATES","00000000","","MELONS","CHEMICAL, INSECTICIDE","CHEMICAL, INSECTICIDE: (INDOXACARB = 67710)"," (D)",""," (D)",""," (D)",""," (D)",""," (D)",""
"SURVEY","2016","YEAR","","REGION : MULTI-STATE","","","","","","","","PROGRAM STATES","00000000","","MELONS","CHEMICAL, INSECTICIDE","CHEMICAL, INSECTICIDE: (KAOLIN = 100104)"," (D)",""," (D)",""," (D)",""," (D)",""," (D)",""
"SURVEY","2016","YEAR","","REGION : MULTI-STATE","","","","","","","","PROGRAM STATES","00000000","","MELONS","CHEMICAL, INSECTICIDE","CHEMICAL, INSECTICIDE: (LAMBDA-CYHALOTHRIN = 128897)","100","","0.029","","0.035","","1.2","","9",""
"SURVEY","2016","YEAR","","REGION : MULTI-STATE","","","","","","","","PROGRAM STATES","00000000","","MELONS","CHEMICAL, INSECTICIDE","CHEMICAL, INSECTICIDE: (MALATHION = 57701)"," (D)",""," (D)",""," (D)",""," (D)",""," (D)",""
"SURVEY","2016","YEAR","","REGION : MULTI-STATE","","","","","","","","PROGRAM STATES","00000000","","MELONS","CHEMICAL, INSECTICIDE","CHEMICAL, INSECTICIDE: (METHOMYL = 90301)","2,300","","0.662","","0.749","","1.1","","7",""
"SURVEY","2016","YEAR","","REGION : MULTI-STATE","","","","","","","","PROGRAM STATES","00000000","","MELONS","CHEMICAL, INSECTICIDE","CHEMICAL, INSECTICIDE: (METHOXYFENOZIDE = 121027)"," (D)",""," (D)",""," (D)",""," (D)",""," (D)",""
"SURVEY","2016","YEAR","","REGION : MULTI-STATE","","","","","","","","PROGRAM STATES","00000000","","MELONS","CHEMICAL, INSECTICIDE","CHEMICAL, INSECTICIDE: (NEEM OIL, CLAR. HYD. = 25007)"," (D)",""," (D)",""," (D)",""," (D)",""," (D)",""
"SURVEY","2016","YEAR","","REGION : MULTI-STATE","","","","","","","","PROGRAM STATES","00000000","","MELONS","CHEMICAL, INSECTICIDE","CHEMICAL, INSECTICIDE: (OXAMYL = 103801)"," (D)",""," (D)",""," (D)",""," (D)",""," (D)",""
"SURVEY","2016","YEAR","","REGION : MULTI-STATE","","","","","","","","PROGRAM STATES","00000000","","MELONS","CHEMICAL, INSECTICIDE","CHEMICAL, INSECTICIDE: (PERMETHRIN = 109701)"," (D)",""," (D)",""," (D)",""," (D)",""," (D)",""
"SURVEY","2016","YEAR","","REGION : MULTI-STATE","","","","","","","","PROGRAM STATES","00000000","","MELONS","CHEMICAL, INSECTICIDE","CHEMICAL, INSECTICIDE: (POTASSIUM SALTS = 79021)"," (D)",""," (D)",""," (D)",""," (D)",""," (D)",""
"SURVEY","2016","YEAR","","REGION : MULTI-STATE","","","","","","","","PROGRAM STATES","00000000","","MELONS","CHEMICAL, INSECTICIDE","CHEMICAL, INSECTICIDE: (PYMETROZINE = 101103)","500","","0.083","","0.09","","1.1","","13",""
"SURVEY","2016","YEAR","","REGION : MULTI-STATE","","","","","","","","PROGRAM STATES","00000000","","MELONS","CHEMICAL, INSECTICIDE","CHEMICAL, INSECTICIDE: (PYRETHRINS = 69001)"," (D)",""," (D)",""," (D)",""," (D)",""," (D)",""
"SURVEY","2016","YEAR","","REGION : MULTI-STATE","","","","","","","","PROGRAM STATES","00000000","","MELONS","CHEMICAL, INSECTICIDE","CHEMICAL, INSECTICIDE: (PYRIPROXYFEN = 129032)"," (D)",""," (D)",""," (D)",""," (D)",""," (D)",""
"SURVEY","2016","YEAR","","REGION : MULTI-STATE","","","","","","","","PROGRAM STATES","00000000","","MELONS","CHEMICAL, INSECTICIDE","CHEMICAL, INSECTICIDE: (SPINETORAM = 110007)"," (D)",""," (D)",""," (D)",""," (D)",""," (D)",""
"SURVEY","2016","YEAR","","REGION : MULTI-STATE","","","","","","","","PROGRAM STATES","00000000","","MELONS","CHEMICAL, INSECTICIDE","CHEMICAL, INSECTICIDE: (SPINETORAM-J = 110008)"," (D)",""," (D)",""," (D)",""," (D)",""," (D)",""
"SURVEY","2016","YEAR","","REGION : MULTI-STATE","","","","","","","","PROGRAM STATES","00000000","","MELONS","CHEMICAL, INSECTICIDE","CHEMICAL, INSECTICIDE: (SPINOSAD = 110003)"," (D)",""," (D)",""," (D)",""," (D)",""," (D)",""
"SURVEY","2016","YEAR","","REGION : MULTI-STATE","","","","","","","","PROGRAM STATES","00000000","","MELONS","CHEMICAL, INSECTICIDE","CHEMICAL, INSECTICIDE: (SPIROMESIFEN = 24875)","700","","0.109","","0.114","","1.1","","14",""
"SURVEY","2016","YEAR","","REGION : MULTI-STATE","","","","","","","","PROGRAM STATES","00000000","","MELONS","CHEMICAL, INSECTICIDE","CHEMICAL, INSECTICIDE: (SULFOXAFLOR = 5210)"," (D)",""," (D)",""," (D)",""," (D)",""," (D)",""
"SURVEY","2016","YEAR","","REGION : MULTI-STATE","","","","","","","","PROGRAM STATES","00000000","","MELONS","CHEMICAL, INSECTICIDE","CHEMICAL, INSECTICIDE: (THIAMETHOXAM = 60109)","400","","0.122","","0.147","","1.2","","6",""
"SURVEY","2016","YEAR","","REGION : MULTI-STATE","","","","","","","","PROGRAM STATES","00000000","","MELONS","CHEMICAL, INSECTICIDE","CHEMICAL, INSECTICIDE: (TOTAL)","68,700","","","","","","","","85",""
"SURVEY","2016","YEAR","","REGION : MULTI-STATE","","","","","","","","PROGRAM STATES","00000000","","MELONS","CHEMICAL, INSECTICIDE","CHEMICAL, INSECTICIDE: (ZETA-CYPERMETHRIN = 129064)","100","","0.047","","0.047","","1","","4",""
"SURVEY","2016","YEAR","","REGION : MULTI-STATE","","","","","","","","PROGRAM STATES","00000000","","MELONS","CHEMICAL, OTHER","CHEMICAL, OTHER: (ACIBENZOLAR-S-METHYL = 61402)"," (D)",""," (D)",""," (D)",""," (D)",""," (D)",""
"SURVEY","2016","YEAR","","REGION : MULTI-STATE","","","","","","","","PROGRAM STATES","00000000","","MELONS","CHEMICAL, OTHER","CHEMICAL, OTHER: (DICHLOROPROPENE = 29001)"," (D)",""," (D)",""," (D)",""," (D)",""," (D)",""
"SURVEY","2016","YEAR","","REGION : MULTI-STATE","","","","","","","","PROGRAM STATES","00000000","","MELONS","CHEMICAL, OTHER","CHEMICAL, OTHER: (GIBBERELLIC ACID = 43801)"," (D)",""," (D)",""," (D)",""," (D)",""," (D)",""
"SURVEY","2016","YEAR","","REGION : MULTI-STATE","","","","","","","","PROGRAM STATES","00000000","","MELONS","CHEMICAL, OTHER","CHEMICAL, OTHER: (INDAZIFLAM = 80818)"," (D)",""," (D)",""," (D)",""," (D)",""," (D)",""
"SURVEY","2016","YEAR","","REGION : MULTI-STATE","","","","","","","","PROGRAM STATES","00000000","","MELONS","CHEMICAL, OTHER","CHEMICAL, OTHER: (METAM-SODIUM = 39003)"," (D)",""," (D)",""," (D)",""," (D)",""," (D)",""
"SURVEY","2016","YEAR","","REGION : MULTI-STATE","","","","","","","","PROGRAM STATES","00000000","","MELONS","CHEMICAL, OTHER","CHEMICAL, OTHER: (MINERAL OIL = 63502)"," (D)",""," (D)",""," (D)",""," (D)",""," (D)",""
"SURVEY","2016","YEAR","","REGION : MULTI-STATE","","","","","","","","PROGRAM STATES","00000000","","MELONS","CHEMICAL, OTHER","CHEMICAL, OTHER: (REYNOUTRIA SACHALINE = 55809)"," (D)",""," (D)",""," (D)",""," (D)",""," (D)",""
"SURVEY","2016","YEAR","","REGION : MULTI-STATE","","","","","","","","PROGRAM STATES","00000000","","MELONS","CHEMICAL, OTHER","CHEMICAL, OTHER: (TOTAL)","203,000","","","","","","","","23",""
"SURVEY","2016","YEAR","","STATE","ARIZONA","04","","","","","","","00000000","","MELONS","CHEMICAL, FUNGICIDE","CHEMICAL, FUNGICIDE: (AZOXYSTROBIN = 128810)"," (D)",""," (D)",""," (D)",""," (D)",""," (D)",""
"SURVEY","2016","YEAR","","STATE","ARIZONA","04","","","","","","","00000000","","MELONS","CHEMICAL, FUNGICIDE","CHEMICAL, FUNGICIDE: (CYFLUFENAMID = 555550)"," (D)",""," (D)",""," (D)",""," (D)",""," (D)",""
"SURVEY","2016","YEAR","","STATE","ARIZONA","04","","","","","","","00000000","","MELONS","CHEMICAL, FUNGICIDE","CHEMICAL, FUNGICIDE: (DIFENOCONAZOLE = 128847)"," (D)",""," (D)",""," (D)",""," (D)",""," (D)",""
"SURVEY","2016","YEAR","","STATE","ARIZONA","04","","","","","","","00000000","","MELONS","CHEMICAL, FUNGICIDE","CHEMICAL, FUNGICIDE: (KRESOXIM-METHYL = 129111)"," (D)",""," (D)",""," (D)",""," (D)",""," (D)",""
"SURVEY","2016","YEAR","","STATE","ARIZONA","04","","","","","","","00000000","","MELONS","CHEMICAL, FUNGICIDE","CHEMICAL, FUNGICIDE: (QUINOLINE = 55459)"," (D)",""," (D)",""," (D)",""," (D)",""," (D)",""
"SURVEY","2016","YEAR","","STATE","ARIZONA","04","","","","","","","00000000","","MELONS","CHEMICAL, FUNGICIDE","CHEMICAL, FUNGICIDE: (SULFUR = 77501)"," (D)",""," (D)",""," (D)",""," (D)",""," (D)",""
"SURVEY","2016","YEAR","","STATE","ARIZONA","04","","","","","","","00000000","","MELONS","CHEMICAL, FUNGICIDE","CHEMICAL, FUNGICIDE: (TOTAL)"," (D)","","","","","","",""," (D)",""
"SURVEY","2016","YEAR","","STATE","ARIZONA","04","","","","","","","00000000","","MELONS","CHEMICAL, FUNGICIDE","CHEMICAL, FUNGICIDE: (TRIFLUMIZOLE = 128879)"," (D)",""," (D)",""," (D)",""," (D)",""," (D)",""
"SURVEY","2016","YEAR","","STATE","ARIZONA","04","","","","","","","00000000","","MELONS","CHEMICAL, HERBICIDE","CHEMICAL, HERBICIDE: (BENSULIDE = 9801)"," (D)",""," (D)",""," (D)",""," (D)",""," (D)",""
"SURVEY","2016","YEAR","","STATE","ARIZONA","04","","","","","","","00000000","","MELONS","CHEMICAL, HERBICIDE","CHEMICAL, HERBICIDE: (CARFENTRAZONE-ETHYL = 128712)"," (D)",""," (D)",""," (D)",""," (D)",""," (D)",""
"SURVEY","2016","YEAR","","STATE","ARIZONA","04","","","","","","","00000000","","MELONS","CHEMICAL, HERBICIDE","CHEMICAL, HERBICIDE: (GLYPHOSATE POT. SALT = 103613)"," (D)",""," (D)",""," (D)",""," (D)",""," (D)",""
"SURVEY","2016","YEAR","","STATE","ARIZONA","04","","","","","","","00000000","","MELONS","CHEMICAL, HERBICIDE","CHEMICAL, HERBICIDE: (OXYFLUORFEN = 111601)"," (D)",""," (D)",""," (D)",""," (D)",""," (D)",""
"SURVEY","2016","YEAR","","STATE","ARIZONA","04","","","","","","","00000000","","MELONS","CHEMICAL, HERBICIDE","CHEMICAL, HERBICIDE: (PARAQUAT = 61601)"," (D)",""," (D)",""," (D)",""," (D)",""," (D)",""
"SURVEY","2016","YEAR","","STATE","ARIZONA","04","","","","","","","00000000","","MELONS","CHEMICAL, HERBICIDE","CHEMICAL, HERBICIDE: (PENDIMETHALIN = 108501)"," (D)",""," (D)",""," (D)",""," (D)",""," (D)",""
"SURVEY","2016","YEAR","","STATE","ARIZONA","04","","","","","","","00000000","","MELONS","CHEMICAL, HERBICIDE","CHEMICAL, HERBICIDE: (TOTAL)"," (D)","","","","","","",""," (D)",""
"SURVEY","2016","YEAR","","STATE","ARIZONA","04","","","","","","","00000000","","MELONS","CHEMICAL, INSECTICIDE","CHEMICAL, INSECTICIDE: (ABAMECTIN = 122804)"," (D)",""," (D)",""," (D)",""," (D)",""," (D)",""
"SURVEY","2016","YEAR","","STATE","ARIZONA","04","","","","","","","00000000","","MELONS","CHEMICAL, INSECTICIDE","CHEMICAL, INSECTICIDE: (ACETAMIPRID = 99050)"," (D)",""," (D)",""," (D)",""," (D)",""," (D)",""
"SURVEY","2016","YEAR","","STATE","ARIZONA","04","","","","","","","00000000","","MELONS","CHEMICAL, INSECTICIDE","CHEMICAL, INSECTICIDE: (BIFENTHRIN = 128825)"," (D)",""," (D)",""," (D)",""," (D)",""," (D)",""
"SURVEY","2016","YEAR","","STATE","ARIZONA","04","","","","","","","00000000","","MELONS","CHEMICAL, INSECTICIDE","CHEMICAL, INSECTICIDE: (BUPROFEZIN = 275100)"," (D)",""," (D)",""," (D)",""," (D)",""," (D)",""
"SURVEY","2016","YEAR","","STATE","ARIZONA","04","","","","","","","00000000","","MELONS","CHEMICAL, INSECTICIDE","CHEMICAL, INSECTICIDE: (CYANTRANILIPROLE = 90098)"," (D)",""," (D)",""," (D)",""," (D)",""," (D)",""
"SURVEY","2016","YEAR","","STATE","ARIZONA","04","","","","","","","00000000","","MELONS","CHEMICAL, INSECTICIDE","CHEMICAL, INSECTICIDE: (CYFLUTHRIN = 128831)"," (D)",""," (D)",""," (D)",""," (D)",""," (D)",""
"SURVEY","2016","YEAR","","STATE","ARIZONA","04","","","","","","","00000000","","MELONS","CHEMICAL, INSECTICIDE","CHEMICAL, INSECTICIDE: (DIAZINON = 57801)"," (D)",""," (D)",""," (D)",""," (D)",""," (D)",""
"SURVEY","2016","YEAR","","STATE","ARIZONA","04","","","","","","","00000000","","MELONS","CHEMICAL, INSECTICIDE","CHEMICAL, INSECTICIDE: (DINOTEFURAN = 44312)"," (D)",""," (D)",""," (D)",""," (D)",""," (D)",""
"SURVEY","2016","YEAR","","STATE","ARIZONA","04","","","","","","","00000000","","MELONS","CHEMICAL, INSECTICIDE","CHEMICAL, INSECTICIDE: (FENPROPATHRIN = 127901)"," (D)",""," (D)",""," (D)",""," (D)",""," (D)",""
"SURVEY","2016","YEAR","","STATE","ARIZONA","04","","","","","","","00000000","","MELONS","CHEMICAL, INSECTICIDE","CHEMICAL, INSECTICIDE: (FLUBENDIAMIDE = 27602)"," (D)",""," (D)",""," (D)",""," (D)",""," (D)",""
"SURVEY","2016","YEAR","","STATE","ARIZONA","04","","","","","","","00000000","","MELONS","CHEMICAL, INSECTICIDE","CHEMICAL, INSECTICIDE: (IMIDACLOPRID = 129099)"," (D)",""," (D)",""," (D)",""," (D)",""," (D)",""
"SURVEY","2016","YEAR","","STATE","ARIZONA","04","","","","","","","00000000","","MELONS","CHEMICAL, INSECTICIDE","CHEMICAL, INSECTICIDE: (LAMBDA-CYHALOTHRIN = 128897)"," (D)",""," (D)",""," (D)",""," (D)",""," (D)",""
"SURVEY","2016","YEAR","","STATE","ARIZONA","04","","","","","","","00000000","","MELONS","CHEMICAL, INSECTICIDE","CHEMICAL, INSECTICIDE: (MALATHION = 57701)"," (D)",""," (D)",""," (D)",""," (D)",""," (D)",""
"SURVEY","2016","YEAR","","STATE","ARIZONA","04","","","","","","","00000000","","MELONS","CHEMICAL, INSECTICIDE","CHEMICAL, INSECTICIDE: (METHOMYL = 90301)"," (D)",""," (D)",""," (D)",""," (D)",""," (D)",""
"SURVEY","2016","YEAR","","STATE","ARIZONA","04","","","","","","","00000000","","MELONS","CHEMICAL, INSECTICIDE","CHEMICAL, INSECTICIDE: (PYMETROZINE = 101103)"," (D)",""," (D)",""," (D)",""," (D)",""," (D)",""
"SURVEY","2016","YEAR","","STATE","ARIZONA","04","","","","","","","00000000","","MELONS","CHEMICAL, INSECTICIDE","CHEMICAL, INSECTICIDE: (SPINETORAM = 110007)"," (D)",""," (D)",""," (D)",""," (D)",""," (D)",""
"SURVEY","2016","YEAR","","STATE","ARIZONA","04","","","","","","","00000000","","MELONS","CHEMICAL, INSECTICIDE","CHEMICAL, INSECTICIDE: (SULFOXAFLOR = 5210)"," (D)",""," (D)",""," (D)",""," (D)",""," (D)",""
"SURVEY","2016","YEAR","","STATE","ARIZONA","04","","","","","","","00000000","","MELONS","CHEMICAL, INSECTICIDE","CHEMICAL, INSECTICIDE: (TOTAL)"," (D)","","","","","","",""," (D)",""
"SURVEY","2016","YEAR","","STATE","ARIZONA","04","","","","","","","00000000","","MELONS","CHEMICAL, INSECTICIDE","CHEMICAL, INSECTICIDE: (ZETA-CYPERMETHRIN = 129064)"," (D)",""," (D)",""," (D)",""," (D)",""," (D)",""
"SURVEY","2016","YEAR","","STATE","ARIZONA","04","","","","","","","00000000","","MELONS","CHEMICAL, OTHER","CHEMICAL, OTHER: (DICHLOROPROPENE = 29001)"," (D)",""," (D)",""," (D)",""," (D)",""," (D)",""
"SURVEY","2016","YEAR","","STATE","ARIZONA","04","","","","","","","00000000","","MELONS","CHEMICAL, OTHER","CHEMICAL, OTHER: (METAM-SODIUM = 39003)"," (D)",""," (D)",""," (D)",""," (D)",""," (D)",""
"SURVEY","2016","YEAR","","STATE","ARIZONA","04","","","","","","","00000000","","MELONS","CHEMICAL, OTHER","CHEMICAL, OTHER: (REYNOUTRIA SACHALINE = 55809)"," (D)",""," (D)",""," (D)",""," (D)",""," (D)",""
"SURVEY","2016","YEAR","","STATE","ARIZONA","04","","","","","","","00000000","","MELONS","CHEMICAL, OTHER","CHEMICAL, OTHER: (TOTAL)"," (D)","","","","","","",""," (D)",""
"SURVEY","2016","YEAR","","STATE","CALIFORNIA","06","","","","","","","00000000","","MELONS","CHEMICAL, FUNGICIDE","CHEMICAL, FUNGICIDE: (AZOXYSTROBIN = 128810)"," (D)",""," (D)",""," (D)",""," (D)",""," (D)",""
"SURVEY","2016","YEAR","","STATE","CALIFORNIA","06","","","","","","","00000000","","MELONS","CHEMICAL, FUNGICIDE","CHEMICAL, FUNGICIDE: (BACILLUS AMYLOLIQUEFACIENS STRAIN D747 = 16482)"," (NA)",""," (NA)",""," (NA)",""," (D)",""," (D)",""
"SURVEY","2016","YEAR","","STATE","CALIFORNIA","06","","","","","","","00000000","","MELONS","CHEMICAL, FUNGICIDE","CHEMICAL, FUNGICIDE: (CHLOROTHALONIL = 81901)"," (D)",""," (D)",""," (D)",""," (D)",""," (D)",""
"SURVEY","2016","YEAR","","STATE","CALIFORNIA","06","","","","","","","00000000","","MELONS","CHEMICAL, FUNGICIDE","CHEMICAL, FUNGICIDE: (CYFLUFENAMID = 555550)","100","","0.022","","0.025","","1.1","","15",""
"SURVEY","2016","YEAR","","STATE","CALIFORNIA","06","","","","","","","00000000","","MELONS","CHEMICAL, FUNGICIDE","CHEMICAL, FUNGICIDE: (DIFENOCONAZOLE = 128847)"," (D)",""," (D)",""," (D)",""," (D)",""," (D)",""
"SURVEY","2016","YEAR","","STATE","CALIFORNIA","06","","","","","","","00000000","","MELONS","CHEMICAL, FUNGICIDE","CHEMICAL, FUNGICIDE: (MANCOZEB = 14504)"," (D)",""," (D)",""," (D)",""," (D)",""," (D)",""
"SURVEY","2016","YEAR","","STATE","CALIFORNIA","06","","","","","","","00000000","","MELONS","CHEMICAL, FUNGICIDE","CHEMICAL, FUNGICIDE: (MEFENOXAM = 113502)"," (D)",""," (D)",""," (D)",""," (D)",""," (D)",""
"SURVEY","2016","YEAR","","STATE","CALIFORNIA","06","","","","","","","00000000","","MELONS","CHEMICAL, FUNGICIDE","CHEMICAL, FUNGICIDE: (MYCLOBUTANIL = 128857)","300","","0.095","","0.118","","1.2","","11",""
"SURVEY","2016","YEAR","","STATE","CALIFORNIA","06","","","","","","","00000000","","MELONS","CHEMICAL, FUNGICIDE","CHEMICAL, FUNGICIDE: (PENTHIOPYRAD = 90112)"," (D)",""," (D)",""," (D)",""," (D)",""," (D)",""
"SURVEY","2016","YEAR","","STATE","CALIFORNIA","06","","","","","","","00000000","","MELONS","CHEMICAL, FUNGICIDE","CHEMICAL, FUNGICIDE: (QUINOLINE = 55459)","500","","0.079","","0.086","","1.1","","23",""
"SURVEY","2016","YEAR","","STATE","CALIFORNIA","06","","","","","","","00000000","","MELONS","CHEMICAL, FUNGICIDE","CHEMICAL, FUNGICIDE: (SULFUR = 77501)","154,200","","6.285","","12.079","","1.9","","49",""
"SURVEY","2016","YEAR","","STATE","CALIFORNIA","06","","","","","","","00000000","","MELONS","CHEMICAL, FUNGICIDE","CHEMICAL, FUNGICIDE: (THIOPHANATE-METHYL = 102001)"," (D)",""," (D)",""," (D)",""," (D)",""," (D)",""
"SURVEY","2016","YEAR","","STATE","CALIFORNIA","06","","","","","","","00000000","","MELONS","CHEMICAL, FUNGICIDE","CHEMICAL, FUNGICIDE: (TOTAL)","156,700","","","","","","","","69",""
"SURVEY","2016","YEAR","","STATE","CALIFORNIA","06","","","","","","","00000000","","MELONS","CHEMICAL, FUNGICIDE","CHEMICAL, FUNGICIDE: (TRIFLOXYSTROBIN = 129112)"," (D)",""," (D)",""," (D)",""," (D)",""," (D)",""
"SURVEY","2016","YEAR","","STATE","CALIFORNIA","06","","","","","","","00000000","","MELONS","CHEMICAL, FUNGICIDE","CHEMICAL, FUNGICIDE: (TRIFLUMIZOLE = 128879)"," (D)",""," (D)",""," (D)",""," (D)",""," (D)",""
"SURVEY","2016","YEAR","","STATE","CALIFORNIA","06","","","","","","","00000000","","MELONS","CHEMICAL, HERBICIDE","CHEMICAL, HERBICIDE: (BENSULIDE = 9801)","6,000","","3.791","","4.407","","1.2","","5",""
"SURVEY","2016","YEAR","","STATE","CALIFORNIA","06","","","","","","","00000000","","MELONS","CHEMICAL, HERBICIDE","CHEMICAL, HERBICIDE: (CARFENTRAZONE-ETHYL = 128712)"," (D)",""," (D)",""," (D)",""," (D)",""," (D)",""
"SURVEY","2016","YEAR","","STATE","CALIFORNIA","06","","","","","","","00000000","","MELONS","CHEMICAL, HERBICIDE","CHEMICAL, HERBICIDE: (CLETHODIM = 121011)"," (D)",""," (D)",""," (D)",""," (D)",""," (D)",""
"SURVEY","2016","YEAR","","STATE","CALIFORNIA","06","","","","","","","00000000","","MELONS","CHEMICAL, HERBICIDE","CHEMICAL, HERBICIDE: (ETHALFLURALIN = 113101)"," (D)",""," (D)",""," (D)",""," (D)",""," (D)",""
"SURVEY","2016","YEAR","","STATE","CALIFORNIA","06","","","","","","","00000000","","MELONS","CHEMICAL, HERBICIDE","CHEMICAL, HERBICIDE: (GLUFOSINATE-AMMONIUM = 128850)"," (D)",""," (D)",""," (D)",""," (D)",""," (D)",""
"SURVEY","2016","YEAR","","STATE","CALIFORNIA","06","","","","","","","00000000","","MELONS","CHEMICAL, HERBICIDE","CHEMICAL, HERBICIDE: (GLYPHOSATE ISO. SALT = 103601)"," (D)",""," (D)",""," (D)",""," (D)",""," (D)",""
"SURVEY","2016","YEAR","","STATE","CALIFORNIA","06","","","","","","","00000000","","MELONS","CHEMICAL, HERBICIDE","CHEMICAL, HERBICIDE: (GLYPHOSATE POT. SALT = 103613)","3,200","","2.152","","2.691","","1.3","","5",""
"SURVEY","2016","YEAR","","STATE","CALIFORNIA","06","","","","","","","00000000","","MELONS","CHEMICAL, HERBICIDE","CHEMICAL, HERBICIDE: (HALOSULFURON-METHYL = 128721)"," (D)",""," (D)",""," (D)",""," (D)",""," (D)",""
"SURVEY","2016","YEAR","","STATE","CALIFORNIA","06","","","","","","","00000000","","MELONS","CHEMICAL, HERBICIDE","CHEMICAL, HERBICIDE: (OXYFLUORFEN = 111601)"," (D)",""," (D)",""," (D)",""," (D)",""," (D)",""
"SURVEY","2016","YEAR","","STATE","CALIFORNIA","06","","","","","","","00000000","","MELONS","CHEMICAL, HERBICIDE","CHEMICAL, HERBICIDE: (PYRAFLUFEN-ETHYL = 30090)"," (D)",""," (D)",""," (D)",""," (D)",""," (D)",""
"SURVEY","2016","YEAR","","STATE","CALIFORNIA","06","","","","","","","00000000","","MELONS","CHEMICAL, HERBICIDE","CHEMICAL, HERBICIDE: (SETHOXYDIM = 121001)"," (D)",""," (D)",""," (D)",""," (D)",""," (D)",""
"SURVEY","2016","YEAR","","STATE","CALIFORNIA","06","","","","","","","00000000","","MELONS","CHEMICAL, HERBICIDE","CHEMICAL, HERBICIDE: (TOTAL)","13,500","","","","","","","","27",""
"SURVEY","2016","YEAR","","STATE","CALIFORNIA","06","","","","","","","00000000","","MELONS","CHEMICAL, HERBICIDE","CHEMICAL, HERBICIDE: (TRIFLURALIN = 36101)","2,100","","0.736","","0.842","","1.1","","10",""
"SURVEY","2016","YEAR","","STATE","CALIFORNIA","06","","","","","","","00000000","","MELONS","CHEMICAL, INSECTICIDE","CHEMICAL, INSECTICIDE: (ABAMECTIN = 122804)","300","","0.018","","0.023","","1.3","","51",""
"SURVEY","2016","YEAR","","STATE","CALIFORNIA","06","","","","","","","00000000","","MELONS","CHEMICAL, INSECTICIDE","CHEMICAL, INSECTICIDE: (ACETAMIPRID = 99050)","500","","0.086","","0.104","","1.2","","20",""
"SURVEY","2016","YEAR","","STATE","CALIFORNIA","06","","","","","","","00000000","","MELONS","CHEMICAL, INSECTICIDE","CHEMICAL, INSECTICIDE: (BIFENTHRIN = 128825)","1,500","","0.094","","0.104","","1.1","","54",""
"SURVEY","2016","YEAR","","STATE","CALIFORNIA","06","","","","","","","00000000","","MELONS","CHEMICAL, INSECTICIDE","CHEMICAL, INSECTICIDE: (BT KURSTAK ABTS-1857 = 6523)"," (NA)",""," (NA)",""," (NA)",""," (D)",""," (D)",""
"SURVEY","2016","YEAR","","STATE","CALIFORNIA","06","","","","","","","00000000","","MELONS","CHEMICAL, INSECTICIDE","CHEMICAL, INSECTICIDE: (BT KURSTAKI SA-11 = 6519)"," (NA)",""," (NA)",""," (NA)",""," (D)",""," (D)",""
"SURVEY","2016","YEAR","","STATE","CALIFORNIA","06","","","","","","","00000000","","MELONS","CHEMICAL, INSECTICIDE","CHEMICAL, INSECTICIDE: (BUPROFEZIN = 275100)","1,300","","0.259","","0.355","","1.4","","14",""
"SURVEY","2016","YEAR","","STATE","CALIFORNIA","06","","","","","","","00000000","","MELONS","CHEMICAL, INSECTICIDE","CHEMICAL, INSECTICIDE: (CARBARYL = 56801)","2,600","","0.526","","0.783","","1.5","","13",""
"SURVEY","2016","YEAR","","STATE","CALIFORNIA","06","","","","","","","00000000","","MELONS","CHEMICAL, INSECTICIDE","CHEMICAL, INSECTICIDE: (CHLORANTRANILIPROLE = 90100)","400","","0.063","","0.084","","1.3","","17",""
"SURVEY","2016","YEAR","","STATE","CALIFORNIA","06","","","","","","","00000000","","MELONS","CHEMICAL, INSECTICIDE","CHEMICAL, INSECTICIDE: (CLOTHIANIDIN = 44309)"," (D)",""," (D)",""," (D)",""," (D)",""," (D)",""
"SURVEY","2016","YEAR","","STATE","CALIFORNIA","06","","","","","","","00000000","","MELONS","CHEMICAL, INSECTICIDE","CHEMICAL, INSECTICIDE: (CYANTRANILIPROLE = 90098)"," (D)",""," (D)",""," (D)",""," (D)",""," (D)",""
"SURVEY","2016","YEAR","","STATE","CALIFORNIA","06","","","","","","","00000000","","MELONS","CHEMICAL, INSECTICIDE","CHEMICAL, INSECTICIDE: (CYFLUTHRIN = 128831)"," (D)",""," (D)",""," (D)",""," (D)",""," (D)",""
"SURVEY","2016","YEAR","","STATE","CALIFORNIA","06","","","","","","","00000000","","MELONS","CHEMICAL, INSECTICIDE","CHEMICAL, INSECTICIDE: (DIAZINON = 57801)"," (D)",""," (D)",""," (D)",""," (D)",""," (D)",""
"SURVEY","2016","YEAR","","STATE","CALIFORNIA","06","","","","","","","00000000","","MELONS","CHEMICAL, INSECTICIDE","CHEMICAL, INSECTICIDE: (DIMETHOATE = 35001)"," (D)",""," (D)",""," (D)",""," (D)",""," (D)",""
"SURVEY","2016","YEAR","","STATE","CALIFORNIA","06","","","","","","","00000000","","MELONS","CHEMICAL, INSECTICIDE","CHEMICAL, INSECTICIDE: (DINOTEFURAN = 44312)"," (D)",""," (D)",""," (D)",""," (D)",""," (D)",""
"SURVEY","2016","YEAR","","STATE","CALIFORNIA","06","","","","","","","00000000","","MELONS","CHEMICAL, INSECTICIDE","CHEMICAL, INSECTICIDE: (ESFENVALERATE = 109303)"," (D)",""," (D)",""," (D)",""," (D)",""," (D)",""
"SURVEY","2016","YEAR","","STATE","CALIFORNIA","06","","","","","","","00000000","","MELONS","CHEMICAL, INSECTICIDE","CHEMICAL, INSECTICIDE: (FENPROPATHRIN = 127901)"," (D)",""," (D)",""," (D)",""," (D)",""," (D)",""
"SURVEY","2016","YEAR","","STATE","CALIFORNIA","06","","","","","","","00000000","","MELONS","CHEMICAL, INSECTICIDE","CHEMICAL, INSECTICIDE: (FENPYROXIMATE = 129131)"," (D)",""," (D)",""," (D)",""," (D)",""," (D)",""
"SURVEY","2016","YEAR","","STATE","CALIFORNIA","06","","","","","","","00000000","","MELONS","CHEMICAL, INSECTICIDE","CHEMICAL, INSECTICIDE: (FLONICAMID = 128016)"," (D)",""," (D)",""," (D)",""," (D)",""," (D)",""
"SURVEY","2016","YEAR","","STATE","CALIFORNIA","06","","","","","","","00000000","","MELONS","CHEMICAL, INSECTICIDE","CHEMICAL, INSECTICIDE: (FLUBENDIAMIDE = 27602)","500","","0.043","","0.05","","1.2","","41",""
"SURVEY","2016","YEAR","","STATE","CALIFORNIA","06","","","","","","","00000000","","MELONS","CHEMICAL, INSECTICIDE","CHEMICAL, INSECTICIDE: (IMIDACLOPRID = 129099)","1,900","","0.152","","0.163","","1.1","","46",""
"SURVEY","2016","YEAR","","STATE","CALIFORNIA","06","","","","","","","00000000","","MELONS","CHEMICAL, INSECTICIDE","CHEMICAL, INSECTICIDE: (INDOXACARB = 67710)"," (D)",""," (D)",""," (D)",""," (D)",""," (D)",""
"SURVEY","2016","YEAR","","STATE","CALIFORNIA","06","","","","","","","00000000","","MELONS","CHEMICAL, INSECTICIDE","CHEMICAL, INSECTICIDE: (LAMBDA-CYHALOTHRIN = 128897)","100","","0.028","","0.039","","1.4","","7",""
"SURVEY","2016","YEAR","","STATE","CALIFORNIA","06","","","","","","","00000000","","MELONS","CHEMICAL, INSECTICIDE","CHEMICAL, INSECTICIDE: (METHOMYL = 90301)","1,200","","0.781","","0.993","","1.3","","5",""
"SURVEY","2016","YEAR","","STATE","CALIFORNIA","06","","","","","","","00000000","","MELONS","CHEMICAL, INSECTICIDE","CHEMICAL, INSECTICIDE: (METHOXYFENOZIDE = 121027)","1,000","","0.106","","0.124","","1.2","","33",""
"SURVEY","2016","YEAR","","STATE","CALIFORNIA","06","","","","","","","00000000","","MELONS","CHEMICAL, INSECTICIDE","CHEMICAL, INSECTICIDE: (OXAMYL = 103801)"," (D)",""," (D)",""," (D)",""," (D)",""," (D)",""
"SURVEY","2016","YEAR","","STATE","CALIFORNIA","06","","","","","","","00000000","","MELONS","CHEMICAL, INSECTICIDE","CHEMICAL, INSECTICIDE: (PERMETHRIN = 109701)","1,000","","0.096","","0.103","","1.1","","36",""
"SURVEY","2016","YEAR","","STATE","CALIFORNIA","06","","","","","","","00000000","","MELONS","CHEMICAL, INSECTICIDE","CHEMICAL, INSECTICIDE: (POTASSIUM SALTS = 79021)"," (D)",""," (D)",""," (D)",""," (D)",""," (D)",""
"SURVEY","2016","YEAR","","STATE","CALIFORNIA","06","","","","","","","00000000","","MELONS","CHEMICAL, INSECTICIDE","CHEMICAL, INSECTICIDE: (PYMETROZINE = 101103)"," (D)",""," (D)",""," (D)",""," (D)",""," (D)",""
"SURVEY","2016","YEAR","","STATE","CALIFORNIA","06","","","","","","","00000000","","MELONS","CHEMICAL, INSECTICIDE","CHEMICAL, INSECTICIDE: (PYRIPROXYFEN = 129032)"," (D)",""," (D)",""," (D)",""," (D)",""," (D)",""
"SURVEY","2016","YEAR","","STATE","CALIFORNIA","06","","","","","","","00000000","","MELONS","CHEMICAL, INSECTICIDE","CHEMICAL, INSECTICIDE: (SPINETORAM-J = 110008)"," (D)",""," (D)",""," (D)",""," (D)",""," (D)",""
"SURVEY","2016","YEAR","","STATE","CALIFORNIA","06","","","","","","","00000000","","MELONS","CHEMICAL, INSECTICIDE","CHEMICAL, INSECTICIDE: (SPINOSAD = 110003)"," (D)",""," (D)",""," (D)",""," (D)",""," (D)",""
"SURVEY","2016","YEAR","","STATE","CALIFORNIA","06","","","","","","","00000000","","MELONS","CHEMICAL, INSECTICIDE","CHEMICAL, INSECTICIDE: (SPIROMESIFEN = 24875)","700","","0.109","","0.114","","1.1","","24",""
"SURVEY","2016","YEAR","","STATE","CALIFORNIA","06","","","","","","","00000000","","MELONS","CHEMICAL, INSECTICIDE","CHEMICAL, INSECTICIDE: (THIAMETHOXAM = 60109)","400","","0.122","","0.147","","1.2","","10",""
"SURVEY","2016","YEAR","","STATE","CALIFORNIA","06","","","","","","","00000000","","MELONS","CHEMICAL, INSECTICIDE","CHEMICAL, INSECTICIDE: (TOTAL)","15,800","","","","","","","","79",""
"SURVEY","2016","YEAR","","STATE","CALIFORNIA","06","","","","","","","00000000","","MELONS","CHEMICAL, INSECTICIDE","CHEMICAL, INSECTICIDE: (ZETA-CYPERMETHRIN = 129064)"," (D)",""," (D)",""," (D)",""," (D)",""," (D)",""
"SURVEY","2016","YEAR","","STATE","CALIFORNIA","06","","","","","","","00000000","","MELONS","CHEMICAL, OTHER","CHEMICAL, OTHER: (MINERAL OIL = 63502)"," (D)",""," (D)",""," (D)",""," (D)",""," (D)",""
"SURVEY","2016","YEAR","","STATE","CALIFORNIA","06","","","","","","","00000000","","MELONS","CHEMICAL, OTHER","CHEMICAL, OTHER: (TOTAL)"," (D)","","","","","","",""," (D)",""
"SURVEY","2016","YEAR","","STATE","TEXAS","48","","","","","","","00000000","","MELONS","CHEMICAL, FUNGICIDE","CHEMICAL, FUNGICIDE: (AZOXYSTROBIN = 128810)"," (D)",""," (D)",""," (D)",""," (D)",""," (D)",""
"SURVEY","2016","YEAR","","STATE","TEXAS","48","","","","","","","00000000","","MELONS","CHEMICAL, FUNGICIDE","CHEMICAL, FUNGICIDE: (BOSCALID = 128008)"," (D)",""," (D)",""," (D)",""," (D)",""," (D)",""
"SURVEY","2016","YEAR","","STATE","TEXAS","48","","","","","","","00000000","","MELONS","CHEMICAL, FUNGICIDE","CHEMICAL, FUNGICIDE: (CHLOROTHALONIL = 81901)"," (D)",""," (D)",""," (D)",""," (D)",""," (D)",""
"SURVEY","2016","YEAR","","STATE","TEXAS","48","","","","","","","00000000","","MELONS","CHEMICAL, FUNGICIDE","CHEMICAL, FUNGICIDE: (CONIOTHYRIUM MINITAN = 28836)"," (D)",""," (D)",""," (D)",""," (D)",""," (D)",""
"SURVEY","2016","YEAR","","STATE","TEXAS","48","","","","","","","00000000","","MELONS","CHEMICAL, FUNGICIDE","CHEMICAL, FUNGICIDE: (COPPER HYDROXIDE = 23401)"," (D)",""," (D)",""," (D)",""," (D)",""," (D)",""
"SURVEY","2016","YEAR","","STATE","TEXAS","48","","","","","","","00000000","","MELONS","CHEMICAL, FUNGICIDE","CHEMICAL, FUNGICIDE: (CYAZOFAMID = 85651)"," (D)",""," (D)",""," (D)",""," (D)",""," (D)",""
"SURVEY","2016","YEAR","","STATE","TEXAS","48","","","","","","","00000000","","MELONS","CHEMICAL, FUNGICIDE","CHEMICAL, FUNGICIDE: (CYFLUFENAMID = 555550)"," (D)",""," (D)",""," (D)",""," (D)",""," (D)",""
"SURVEY","2016","YEAR","","STATE","TEXAS","48","","","","","","","00000000","","MELONS","CHEMICAL, FUNGICIDE","CHEMICAL, FUNGICIDE: (CYPRODINIL = 288202)"," (D)",""," (D)",""," (D)",""," (D)",""," (D)",""
"SURVEY","2016","YEAR","","STATE","TEXAS","48","","","","","","","00000000","","MELONS","CHEMICAL, FUNGICIDE","CHEMICAL, FUNGICIDE: (DIFENOCONAZOLE = 128847)"," (D)",""," (D)",""," (D)",""," (D)",""," (D)",""
"SURVEY","2016","YEAR","","STATE","TEXAS","48","","","","","","","00000000","","MELONS","CHEMICAL, FUNGICIDE","CHEMICAL, FUNGICIDE: (FENAMIDONE = 46679)"," (D)",""," (D)",""," (D)",""," (D)",""," (D)",""
"SURVEY","2016","YEAR","","STATE","TEXAS","48","","","","","","","00000000","","MELONS","CHEMICAL, FUNGICIDE","CHEMICAL, FUNGICIDE: (MANCOZEB = 14504)"," (D)",""," (D)",""," (D)",""," (D)",""," (D)",""
"SURVEY","2016","YEAR","","STATE","TEXAS","48","","","","","","","00000000","","MELONS","CHEMICAL, FUNGICIDE","CHEMICAL, FUNGICIDE: (MANDIPROPAMIDE TECHN = 36602)"," (D)",""," (D)",""," (D)",""," (D)",""," (D)",""
"SURVEY","2016","YEAR","","STATE","TEXAS","48","","","","","","","00000000","","MELONS","CHEMICAL, FUNGICIDE","CHEMICAL, FUNGICIDE: (MEFENOXAM = 113502)"," (D)",""," (D)",""," (D)",""," (D)",""," (D)",""
"SURVEY","2016","YEAR","","STATE","TEXAS","48","","","","","","","00000000","","MELONS","CHEMICAL, FUNGICIDE","CHEMICAL, FUNGICIDE: (PROPAMOCARB HYDROCH. = 119302)"," (D)",""," (D)",""," (D)",""," (D)",""," (D)",""
"SURVEY","2016","YEAR","","STATE","TEXAS","48","","","","","","","00000000","","MELONS","CHEMICAL, FUNGICIDE","CHEMICAL, FUNGICIDE: (PYRACLOSTROBIN = 99100)"," (D)",""," (D)",""," (D)",""," (D)",""," (D)",""
"SURVEY","2016","YEAR","","STATE","TEXAS","48","","","","","","","00000000","","MELONS","CHEMICAL, FUNGICIDE","CHEMICAL, FUNGICIDE: (TEBUCONAZOLE = 128997)"," (D)",""," (D)",""," (D)",""," (D)",""," (D)",""
"SURVEY","2016","YEAR","","STATE","TEXAS","48","","","","","","","00000000","","MELONS","CHEMICAL, FUNGICIDE","CHEMICAL, FUNGICIDE: (THIOPHANATE-METHYL = 102001)"," (D)",""," (D)",""," (D)",""," (D)",""," (D)",""
"SURVEY","2016","YEAR","","STATE","TEXAS","48","","","","","","","00000000","","MELONS","CHEMICAL, FUNGICIDE","CHEMICAL, FUNGICIDE: (TOTAL)"," (D)","","","","","","",""," (D)",""
"SURVEY","2016","YEAR","","STATE","TEXAS","48","","","","","","","00000000","","MELONS","CHEMICAL, HERBICIDE","CHEMICAL, HERBICIDE: (2,4-D, DIMETH. SALT = 30019)"," (D)",""," (D)",""," (D)",""," (D)",""," (D)",""
"SURVEY","2016","YEAR","","STATE","TEXAS","48","","","","","","","00000000","","MELONS","CHEMICAL, HERBICIDE","CHEMICAL, HERBICIDE: (BENSULIDE = 9801)"," (D)",""," (D)",""," (D)",""," (D)",""," (D)",""
"SURVEY","2016","YEAR","","STATE","TEXAS","48","","","","","","","00000000","","MELONS","CHEMICAL, HERBICIDE","CHEMICAL, HERBICIDE: (CLETHODIM = 121011)"," (D)",""," (D)",""," (D)",""," (D)",""," (D)",""
"SURVEY","2016","YEAR","","STATE","TEXAS","48","","","","","","","00000000","","MELONS","CHEMICAL, HERBICIDE","CHEMICAL, HERBICIDE: (DICAMBA, DIMET. SALT = 29802)"," (D)",""," (D)",""," (D)",""," (D)",""," (D)",""
"SURVEY","2016","YEAR","","STATE","TEXAS","48","","","","","","","00000000","","MELONS","CHEMICAL, HERBICIDE","CHEMICAL, HERBICIDE: (ETHALFLURALIN = 113101)"," (D)",""," (D)",""," (D)",""," (D)",""," (D)",""
"SURVEY","2016","YEAR","","STATE","TEXAS","48","","","","","","","00000000","","MELONS","CHEMICAL, HERBICIDE","CHEMICAL, HERBICIDE: (GLYPHOSATE ISO. SALT = 103601)"," (D)",""," (D)",""," (D)",""," (D)",""," (D)",""
"SURVEY","2016","YEAR","","STATE","TEXAS","48","","","","","","","00000000","","MELONS","CHEMICAL, HERBICIDE","CHEMICAL, HERBICIDE: (METSULFURON-METHYL = 122010)"," (D)",""," (D)",""," (D)",""," (D)",""," (D)",""
"SURVEY","2016","YEAR","","STATE","TEXAS","48","","","","","","","00000000","","MELONS","CHEMICAL, HERBICIDE","CHEMICAL, HERBICIDE: (OXYFLUORFEN = 111601)"," (D)",""," (D)",""," (D)",""," (D)",""," (D)",""
"SURVEY","2016","YEAR","","STATE","TEXAS","48","","","","","","","00000000","","MELONS","CHEMICAL, HERBICIDE","CHEMICAL, HERBICIDE: (PARAQUAT = 61601)"," (D)",""," (D)",""," (D)",""," (D)",""," (D)",""
"SURVEY","2016","YEAR","","STATE","TEXAS","48","","","","","","","00000000","","MELONS","CHEMICAL, HERBICIDE","CHEMICAL, HERBICIDE: (PENDIMETHALIN = 108501)"," (D)",""," (D)",""," (D)",""," (D)",""," (D)",""
"SURVEY","2016","YEAR","","STATE","TEXAS","48","","","","","","","00000000","","MELONS","CHEMICAL, HERBICIDE","CHEMICAL, HERBICIDE: (SETHOXYDIM = 121001)"," (D)",""," (D)",""," (D)",""," (D)",""," (D)",""
"SURVEY","2016","YEAR","","STATE","TEXAS","48","","","","","","","00000000","","MELONS","CHEMICAL, HERBICIDE","CHEMICAL, HERBICIDE: (TOTAL)"," (D)","","","","","","",""," (D)",""
"SURVEY","2016","YEAR","","STATE","TEXAS","48","","","","","","","00000000","","MELONS","CHEMICAL, HERBICIDE","CHEMICAL, HERBICIDE: (TRIFLURALIN = 36101)"," (D)",""," (D)",""," (D)",""," (D)",""," (D)",""
"SURVEY","2016","YEAR","","STATE","TEXAS","48","","","","","","","00000000","","MELONS","CHEMICAL, INSECTICIDE","CHEMICAL, INSECTICIDE: (ABAMECTIN = 122804)"," (D)",""," (D)",""," (D)",""," (D)",""," (D)",""
"SURVEY","2016","YEAR","","STATE","TEXAS","48","","","","","","","00000000","","MELONS","CHEMICAL, INSECTICIDE","CHEMICAL, INSECTICIDE: (BIFENTHRIN = 128825)"," (D)",""," (D)",""," (D)",""," (D)",""," (D)",""
"SURVEY","2016","YEAR","","STATE","TEXAS","48","","","","","","","00000000","","MELONS","CHEMICAL, INSECTICIDE","CHEMICAL, INSECTICIDE: (BT KURSTAKI ABTS-351 = 6522)"," (NA)",""," (NA)",""," (NA)",""," (D)",""," (D)",""
"SURVEY","2016","YEAR","","STATE","TEXAS","48","","","","","","","00000000","","MELONS","CHEMICAL, INSECTICIDE","CHEMICAL, INSECTICIDE: (CARBARYL = 56801)"," (D)",""," (D)",""," (D)",""," (D)",""," (D)",""
"SURVEY","2016","YEAR","","STATE","TEXAS","48","","","","","","","00000000","","MELONS","CHEMICAL, INSECTICIDE","CHEMICAL, INSECTICIDE: (CHLORPYRIFOS = 59101)"," (D)",""," (D)",""," (D)",""," (D)",""," (D)",""
"SURVEY","2016","YEAR","","STATE","TEXAS","48","","","","","","","00000000","","MELONS","CHEMICAL, INSECTICIDE","CHEMICAL, INSECTICIDE: (DIAZINON = 57801)"," (D)",""," (D)",""," (D)",""," (D)",""," (D)",""
"SURVEY","2016","YEAR","","STATE","TEXAS","48","","","","","","","00000000","","MELONS","CHEMICAL, INSECTICIDE","CHEMICAL, INSECTICIDE: (ESFENVALERATE = 109303)"," (D)",""," (D)",""," (D)",""," (D)",""," (D)",""
"SURVEY","2016","YEAR","","STATE","TEXAS","48","","","","","","","00000000","","MELONS","CHEMICAL, INSECTICIDE","CHEMICAL, INSECTICIDE: (FENPYROXIMATE = 129131)"," (D)",""," (D)",""," (D)",""," (D)",""," (D)",""
"SURVEY","2016","YEAR","","STATE","TEXAS","48","","","","","","","00000000","","MELONS","CHEMICAL, INSECTICIDE","CHEMICAL, INSECTICIDE: (FLUBENDIAMIDE = 27602)"," (D)",""," (D)",""," (D)",""," (D)",""," (D)",""
"SURVEY","2016","YEAR","","STATE","TEXAS","48","","","","","","","00000000","","MELONS","CHEMICAL, INSECTICIDE","CHEMICAL, INSECTICIDE: (FLUPYRADIFURONE = 122304)"," (D)",""," (D)",""," (D)",""," (D)",""," (D)",""
"SURVEY","2016","YEAR","","STATE","TEXAS","48","","","","","","","00000000","","MELONS","CHEMICAL, INSECTICIDE","CHEMICAL, INSECTICIDE: (IMIDACLOPRID = 129099)"," (D)",""," (D)",""," (D)",""," (D)",""," (D)",""
"SURVEY","2016","YEAR","","STATE","TEXAS","48","","","","","","","00000000","","MELONS","CHEMICAL, INSECTICIDE","CHEMICAL, INSECTICIDE: (KAOLIN = 100104)"," (D)",""," (D)",""," (D)",""," (D)",""," (D)",""
"SURVEY","2016","YEAR","","STATE","TEXAS","48","","","","","","","00000000","","MELONS","CHEMICAL, INSECTICIDE","CHEMICAL, INSECTICIDE: (LAMBDA-CYHALOTHRIN = 128897)"," (D)",""," (D)",""," (D)",""," (D)",""," (D)",""
"SURVEY","2016","YEAR","","STATE","TEXAS","48","","","","","","","00000000","","MELONS","CHEMICAL, INSECTICIDE","CHEMICAL, INSECTICIDE: (MALATHION = 57701)"," (D)",""," (D)",""," (D)",""," (D)",""," (D)",""
"SURVEY","2016","YEAR","","STATE","TEXAS","48","","","","","","","00000000","","MELONS","CHEMICAL, INSECTICIDE","CHEMICAL, INSECTICIDE: (METHOMYL = 90301)"," (D)",""," (D)",""," (D)",""," (D)",""," (D)",""
"SURVEY","2016","YEAR","","STATE","TEXAS","48","","","","","","","00000000","","MELONS","CHEMICAL, INSECTICIDE","CHEMICAL, INSECTICIDE: (METHOXYFENOZIDE = 121027)"," (D)",""," (D)",""," (D)",""," (D)",""," (D)",""
"SURVEY","2016","YEAR","","STATE","TEXAS","48","","","","","","","00000000","","MELONS","CHEMICAL, INSECTICIDE","CHEMICAL, INSECTICIDE: (NEEM OIL, CLAR. HYD. = 25007)"," (D)",""," (D)",""," (D)",""," (D)",""," (D)",""
"SURVEY","2016","YEAR","","STATE","TEXAS","48","","","","","","","00000000","","MELONS","CHEMICAL, INSECTICIDE","CHEMICAL, INSECTICIDE: (PERMETHRIN = 109701)"," (D)",""," (D)",""," (D)",""," (D)",""," (D)",""
"SURVEY","2016","YEAR","","STATE","TEXAS","48","","","","","","","00000000","","MELONS","CHEMICAL, INSECTICIDE","CHEMICAL, INSECTICIDE: (PYRETHRINS = 69001)"," (D)",""," (D)",""," (D)",""," (D)",""," (D)",""
"SURVEY","2016","YEAR","","STATE","TEXAS","48","","","","","","","00000000","","MELONS","CHEMICAL, INSECTICIDE","CHEMICAL, INSECTICIDE: (SPINETORAM = 110007)"," (D)",""," (D)",""," (D)",""," (D)",""," (D)",""
"SURVEY","2016","YEAR","","STATE","TEXAS","48","","","","","","","00000000","","MELONS","CHEMICAL, INSECTICIDE","CHEMICAL, INSECTICIDE: (TOTAL)"," (D)","","","","","","",""," (D)",""
"SURVEY","2016","YEAR","","STATE","TEXAS","48","","","","","","","00000000","","MELONS","CHEMICAL, INSECTICIDE","CHEMICAL, INSECTICIDE: (ZETA-CYPERMETHRIN = 129064)"," (D)",""," (D)",""," (D)",""," (D)",""," (D)",""
"SURVEY","2016","YEAR","","STATE","TEXAS","48","","","","","","","00000000","","MELONS","CHEMICAL, OTHER","CHEMICAL, OTHER: (ACIBENZOLAR-S-METHYL = 61402)"," (D)",""," (D)",""," (D)",""," (D)",""," (D)",""
"SURVEY","2016","YEAR","","STATE","TEXAS","48","","","","","","","00000000","","MELONS","CHEMICAL, OTHER","CHEMICAL, OTHER: (GIBBERELLIC ACID = 43801)"," (D)",""," (D)",""," (D)",""," (D)",""," (D)",""
"SURVEY","2016","YEAR","","STATE","TEXAS","48","","","","","","","00000000","","MELONS","CHEMICAL, OTHER","CHEMICAL, OTHER: (INDAZIFLAM = 80818)"," (D)",""," (D)",""," (D)",""," (D)",""," (D)",""
"SURVEY","2016","YEAR","","STATE","TEXAS","48","","","","","","","00000000","","MELONS","CHEMICAL, OTHER","CHEMICAL, OTHER: (REYNOUTRIA SACHALINE = 55809)"," (D)",""," (D)",""," (D)",""," (D)",""," (D)",""
"SURVEY","2016","YEAR","","STATE","TEXAS","48","","","","","","","00000000","","MELONS","CHEMICAL, OTHER","CHEMICAL, OTHER: (TOTAL)"," (D)","","","","","","",""," (D)",""
