"Program","Year","Period","Week Ending","Geo Level","State","State ANSI","Ag District","Ag District Code","County","County ANSI","Zip Code","Region","watershed_code","Watershed","Commodity","Domain","Domain Category","ONIONS, DRY - APPLICATIONS, MEASURED IN LB  -  <b>VALUE</b>","ONIONS, DRY - APPLICATIONS, MEASURED IN LB  -  <b>CV (%)</b>","ONIONS, DRY - APPLICATIONS, MEASURED IN LB / ACRE / APPLICATION, AVG  -  <b>VALUE</b>","ONIONS, DRY - APPLICATIONS, MEASURED IN LB / ACRE / APPLICATION, AVG  -  <b>CV (%)</b>","ONIONS, DRY - APPLICATIONS, MEASURED IN LB / ACRE / YEAR, AVG  -  <b>VALUE</b>","ONIONS, DRY - APPLICATIONS, MEASURED IN LB / ACRE / YEAR, AVG  -  <b>CV (%)</b>","ONIONS, DRY - APPLICATIONS, MEASURED IN NUMBER, AVG  -  <b>VALUE</b>","ONIONS, DRY - APPLICATIONS, MEASURED IN NUMBER, AVG  -  <b>CV (%)</b>","ONIONS, DRY - TREATED, MEASURED IN PCT OF AREA PLANTED, AVG  -  <b>VALUE</b>","ONIONS, DRY - TREATED, MEASURED IN PCT OF AREA PLANTED, AVG  -  <b>CV (%)</b>"
"SURVEY","2016","YEAR","","REGION : MULTI-STATE","","","","","","","","PROGRAM STATES","00000000","","ONIONS","CHEMICAL, FUNGICIDE","CHEMICAL, FUNGICIDE: (AMETOCTRADIN = 119210)","3,800","","0.269","","0.427","","1.6","","8",""
"SURVEY","2016","YEAR","","REGION : MULTI-STATE","","","","","","","","PROGRAM STATES","00000000","","ONIONS","CHEMICAL, FUNGICIDE","CHEMICAL, FUNGICIDE: (AZOXYSTROBIN = 128810)","900","","0.124","","0.135","","1.1","","6",""
"SURVEY","2016","YEAR","","REGION : MULTI-STATE","","","","","","","","PROGRAM STATES","00000000","","ONIONS","CHEMICAL, FUNGICIDE","CHEMICAL, FUNGICIDE: (BACILLUS SUBTILIS = 6479)"," (NA)",""," (NA)",""," (NA)",""," (D)",""," (D)",""
"SURVEY","2016","YEAR","","REGION : MULTI-STATE","","","","","","","","PROGRAM STATES","00000000","","ONIONS","CHEMICAL, FUNGICIDE","CHEMICAL, FUNGICIDE: (BASIC COPPER SULFATE = 8101)"," (D)",""," (D)",""," (D)",""," (D)",""," (D)",""
"SURVEY","2016","YEAR","","REGION : MULTI-STATE","","","","","","","","PROGRAM STATES","00000000","","ONIONS","CHEMICAL, FUNGICIDE","CHEMICAL, FUNGICIDE: (BOSCALID = 128008)","9,200","","0.251","","0.282","","1.1","","30",""
"SURVEY","2016","YEAR","","REGION : MULTI-STATE","","","","","","","","PROGRAM STATES","00000000","","ONIONS","CHEMICAL, FUNGICIDE","CHEMICAL, FUNGICIDE: (CHLOROTHALONIL = 81901)","147,000","","1.241","","3.08","","2.5","","44",""
"SURVEY","2016","YEAR","","REGION : MULTI-STATE","","","","","","","","PROGRAM STATES","00000000","","ONIONS","CHEMICAL, FUNGICIDE","CHEMICAL, FUNGICIDE: (CONIOTHYRIUM MINITAN = 28836)"," (D)",""," (D)",""," (D)",""," (D)",""," (D)",""
"SURVEY","2016","YEAR","","REGION : MULTI-STATE","","","","","","","","PROGRAM STATES","00000000","","ONIONS","CHEMICAL, FUNGICIDE","CHEMICAL, FUNGICIDE: (COPPER CHLORIDE HYD. = 23501)","14,300","","0.309","","0.725","","2.3","","18",""
"SURVEY","2016","YEAR","","REGION : MULTI-STATE","","","","","","","","PROGRAM STATES","00000000","","ONIONS","CHEMICAL, FUNGICIDE","CHEMICAL, FUNGICIDE: (COPPER HYDROXIDE = 23401)","45,700","","0.378","","0.93","","2.5","","46",""
"SURVEY","2016","YEAR","","REGION : MULTI-STATE","","","","","","","","PROGRAM STATES","00000000","","ONIONS","CHEMICAL, FUNGICIDE","CHEMICAL, FUNGICIDE: (COPPER OXIDE = 25601)","11,600","","1.92","","2.685","","1.4","","4",""
"SURVEY","2016","YEAR","","REGION : MULTI-STATE","","","","","","","","PROGRAM STATES","00000000","","ONIONS","CHEMICAL, FUNGICIDE","CHEMICAL, FUNGICIDE: (COPPER SULFATE = 24401)"," (D)",""," (D)",""," (D)",""," (D)",""," (D)",""
"SURVEY","2016","YEAR","","REGION : MULTI-STATE","","","","","","","","PROGRAM STATES","00000000","","ONIONS","CHEMICAL, FUNGICIDE","CHEMICAL, FUNGICIDE: (CYMOXANIL = 129106)","4,500","","0.13","","0.267","","2.1","","16",""
"SURVEY","2016","YEAR","","REGION : MULTI-STATE","","","","","","","","PROGRAM STATES","00000000","","ONIONS","CHEMICAL, FUNGICIDE","CHEMICAL, FUNGICIDE: (CYPRODINIL = 288202)","3,000","","0.277","","0.277","","1","","10",""
"SURVEY","2016","YEAR","","REGION : MULTI-STATE","","","","","","","","PROGRAM STATES","00000000","","ONIONS","CHEMICAL, FUNGICIDE","CHEMICAL, FUNGICIDE: (DICLORAN = 31301)","9,100","","1.602","","2.515","","1.6","","3",""
"SURVEY","2016","YEAR","","REGION : MULTI-STATE","","","","","","","","PROGRAM STATES","00000000","","ONIONS","CHEMICAL, FUNGICIDE","CHEMICAL, FUNGICIDE: (DIFENOCONAZOLE = 128847)","1,000","","0.097","","0.097","","1","","10",""
"SURVEY","2016","YEAR","","REGION : MULTI-STATE","","","","","","","","PROGRAM STATES","00000000","","ONIONS","CHEMICAL, FUNGICIDE","CHEMICAL, FUNGICIDE: (DIMETHOMORPH = 268800)","4,700","","0.198","","0.353","","1.8","","13",""
"SURVEY","2016","YEAR","","REGION : MULTI-STATE","","","","","","","","PROGRAM STATES","00000000","","ONIONS","CHEMICAL, FUNGICIDE","CHEMICAL, FUNGICIDE: (FAMOXADONE = 113202)","4,500","","0.13","","0.267","","2.1","","16",""
"SURVEY","2016","YEAR","","REGION : MULTI-STATE","","","","","","","","PROGRAM STATES","00000000","","ONIONS","CHEMICAL, FUNGICIDE","CHEMICAL, FUNGICIDE: (FENAMIDONE = 46679)","5,300","","0.174","","0.295","","1.7","","17",""
"SURVEY","2016","YEAR","","REGION : MULTI-STATE","","","","","","","","PROGRAM STATES","00000000","","ONIONS","CHEMICAL, FUNGICIDE","CHEMICAL, FUNGICIDE: (FLUDIOXONIL = 71503)"," (D)",""," (D)",""," (D)",""," (D)",""," (D)",""
"SURVEY","2016","YEAR","","REGION : MULTI-STATE","","","","","","","","PROGRAM STATES","00000000","","ONIONS","CHEMICAL, FUNGICIDE","CHEMICAL, FUNGICIDE: (FLUXAPYROXAD = 138009)"," (D)",""," (D)",""," (D)",""," (D)",""," (D)",""
"SURVEY","2016","YEAR","","REGION : MULTI-STATE","","","","","","","","PROGRAM STATES","00000000","","ONIONS","CHEMICAL, FUNGICIDE","CHEMICAL, FUNGICIDE: (FOSETYL-AL = 123301)"," (D)",""," (D)",""," (D)",""," (D)",""," (D)",""
"SURVEY","2016","YEAR","","REGION : MULTI-STATE","","","","","","","","PROGRAM STATES","00000000","","ONIONS","CHEMICAL, FUNGICIDE","CHEMICAL, FUNGICIDE: (IPRODIONE = 109801)","15,000","","0.616","","0.8","","1.3","","18",""
"SURVEY","2016","YEAR","","REGION : MULTI-STATE","","","","","","","","PROGRAM STATES","00000000","","ONIONS","CHEMICAL, FUNGICIDE","CHEMICAL, FUNGICIDE: (MANCOZEB = 14504)","219,000","","1.456","","3.276","","2.3","","57",""
"SURVEY","2016","YEAR","","REGION : MULTI-STATE","","","","","","","","PROGRAM STATES","00000000","","ONIONS","CHEMICAL, FUNGICIDE","CHEMICAL, FUNGICIDE: (MANDIPROPAMIDE TECHN = 36602)","1,100","","0.124","","0.131","","1.1","","8",""
"SURVEY","2016","YEAR","","REGION : MULTI-STATE","","","","","","","","PROGRAM STATES","00000000","","ONIONS","CHEMICAL, FUNGICIDE","CHEMICAL, FUNGICIDE: (MEFENOXAM = 113502)","9,000","","0.101","","0.231","","2.3","","36",""
"SURVEY","2016","YEAR","","REGION : MULTI-STATE","","","","","","","","PROGRAM STATES","00000000","","ONIONS","CHEMICAL, FUNGICIDE","CHEMICAL, FUNGICIDE: (MONO-POTASSIUM SALT = 76416)","5,000","","1.117","","2.418","","2.2","","2",""
"SURVEY","2016","YEAR","","REGION : MULTI-STATE","","","","","","","","PROGRAM STATES","00000000","","ONIONS","CHEMICAL, FUNGICIDE","CHEMICAL, FUNGICIDE: (OXATHIAPIPROLIN = 128111)"," (D)",""," (D)",""," (D)",""," (D)",""," (D)",""
"SURVEY","2016","YEAR","","REGION : MULTI-STATE","","","","","","","","PROGRAM STATES","00000000","","ONIONS","CHEMICAL, FUNGICIDE","CHEMICAL, FUNGICIDE: (PENTHIOPYRAD = 90112)","9,900","","0.273","","0.397","","1.5","","23",""
"SURVEY","2016","YEAR","","REGION : MULTI-STATE","","","","","","","","PROGRAM STATES","00000000","","ONIONS","CHEMICAL, FUNGICIDE","CHEMICAL, FUNGICIDE: (PROPICONAZOLE = 122101)"," (D)",""," (D)",""," (D)",""," (D)",""," (D)",""
"SURVEY","2016","YEAR","","REGION : MULTI-STATE","","","","","","","","PROGRAM STATES","00000000","","ONIONS","CHEMICAL, FUNGICIDE","CHEMICAL, FUNGICIDE: (PYRACLOSTROBIN = 99100)","5,400","","0.13","","0.148","","1.1","","34",""
"SURVEY","2016","YEAR","","REGION : MULTI-STATE","","","","","","","","PROGRAM STATES","00000000","","ONIONS","CHEMICAL, FUNGICIDE","CHEMICAL, FUNGICIDE: (PYRIMETHANIL = 288201)"," (D)",""," (D)",""," (D)",""," (D)",""," (D)",""
"SURVEY","2016","YEAR","","REGION : MULTI-STATE","","","","","","","","PROGRAM STATES","00000000","","ONIONS","CHEMICAL, FUNGICIDE","CHEMICAL, FUNGICIDE: (SULFUR = 77501)"," (D)",""," (D)",""," (D)",""," (D)",""," (D)",""
"SURVEY","2016","YEAR","","REGION : MULTI-STATE","","","","","","","","PROGRAM STATES","00000000","","ONIONS","CHEMICAL, FUNGICIDE","CHEMICAL, FUNGICIDE: (TEBUCONAZOLE = 128997)","700","","0.411","","0.441","","1.1","","2",""
"SURVEY","2016","YEAR","","REGION : MULTI-STATE","","","","","","","","PROGRAM STATES","00000000","","ONIONS","CHEMICAL, FUNGICIDE","CHEMICAL, FUNGICIDE: (THIOPHANATE-METHYL = 102001)"," (D)",""," (D)",""," (D)",""," (D)",""," (D)",""
"SURVEY","2016","YEAR","","REGION : MULTI-STATE","","","","","","","","PROGRAM STATES","00000000","","ONIONS","CHEMICAL, FUNGICIDE","CHEMICAL, FUNGICIDE: (TOTAL)","632,900","","","","","","","","88",""
"SURVEY","2016","YEAR","","REGION : MULTI-STATE","","","","","","","","PROGRAM STATES","00000000","","ONIONS","CHEMICAL, FUNGICIDE","CHEMICAL, FUNGICIDE: (ZOXAMIDE = 101702)"," (D)",""," (D)",""," (D)",""," (D)",""," (D)",""
"SURVEY","2016","YEAR","","REGION : MULTI-STATE","","","","","","","","PROGRAM STATES","00000000","","ONIONS","CHEMICAL, HERBICIDE","CHEMICAL, HERBICIDE: (BENSULIDE = 9801)"," (D)",""," (D)",""," (D)",""," (D)",""," (D)",""
"SURVEY","2016","YEAR","","REGION : MULTI-STATE","","","","","","","","PROGRAM STATES","00000000","","ONIONS","CHEMICAL, HERBICIDE","CHEMICAL, HERBICIDE: (BENTAZON = 103901)"," (D)",""," (D)",""," (D)",""," (D)",""," (D)",""
"SURVEY","2016","YEAR","","REGION : MULTI-STATE","","","","","","","","PROGRAM STATES","00000000","","ONIONS","CHEMICAL, HERBICIDE","CHEMICAL, HERBICIDE: (BROMOXYNIL HEPTAN. = 128920)","2,800","","0.112","","0.155","","1.4","","17",""
"SURVEY","2016","YEAR","","REGION : MULTI-STATE","","","","","","","","PROGRAM STATES","00000000","","ONIONS","CHEMICAL, HERBICIDE","CHEMICAL, HERBICIDE: (BROMOXYNIL OCTANOATE = 35302)","19,500","","0.172","","0.25","","1.5","","72",""
"SURVEY","2016","YEAR","","REGION : MULTI-STATE","","","","","","","","PROGRAM STATES","00000000","","ONIONS","CHEMICAL, HERBICIDE","CHEMICAL, HERBICIDE: (CARFENTRAZONE-ETHYL = 128712)"," (Z)","","0.012","","0.015","","1.2","","2",""
"SURVEY","2016","YEAR","","REGION : MULTI-STATE","","","","","","","","PROGRAM STATES","00000000","","ONIONS","CHEMICAL, HERBICIDE","CHEMICAL, HERBICIDE: (CLETHODIM = 121011)","7,600","","0.145","","0.177","","1.2","","40",""
"SURVEY","2016","YEAR","","REGION : MULTI-STATE","","","","","","","","PROGRAM STATES","00000000","","ONIONS","CHEMICAL, HERBICIDE","CHEMICAL, HERBICIDE: (CLOPYRALID MONO SALT = 117401)"," (D)",""," (D)",""," (D)",""," (D)",""," (D)",""
"SURVEY","2016","YEAR","","REGION : MULTI-STATE","","","","","","","","PROGRAM STATES","00000000","","ONIONS","CHEMICAL, HERBICIDE","CHEMICAL, HERBICIDE: (D-LIMONENE = 179701)"," (D)",""," (D)",""," (D)",""," (D)",""," (D)",""
"SURVEY","2016","YEAR","","REGION : MULTI-STATE","","","","","","","","PROGRAM STATES","00000000","","ONIONS","CHEMICAL, HERBICIDE","CHEMICAL, HERBICIDE: (DCPA = 78701)","57,800","","5.355","","6.478","","1.2","","8",""
"SURVEY","2016","YEAR","","REGION : MULTI-STATE","","","","","","","","PROGRAM STATES","00000000","","ONIONS","CHEMICAL, HERBICIDE","CHEMICAL, HERBICIDE: (DIMETHENAMID = 129051)"," (D)",""," (D)",""," (D)",""," (D)",""," (D)",""
"SURVEY","2016","YEAR","","REGION : MULTI-STATE","","","","","","","","PROGRAM STATES","00000000","","ONIONS","CHEMICAL, HERBICIDE","CHEMICAL, HERBICIDE: (DIMETHENAMID-P = 120051)","29,300","","0.535","","0.806","","1.5","","33",""
"SURVEY","2016","YEAR","","REGION : MULTI-STATE","","","","","","","","PROGRAM STATES","00000000","","ONIONS","CHEMICAL, HERBICIDE","CHEMICAL, HERBICIDE: (ETHOFUMESATE = 110601)","11,300","","0.321","","0.425","","1.3","","25",""
"SURVEY","2016","YEAR","","REGION : MULTI-STATE","","","","","","","","PROGRAM STATES","00000000","","ONIONS","CHEMICAL, HERBICIDE","CHEMICAL, HERBICIDE: (FLUAZIFOP-P-BUTYL = 122809)","6,800","","0.248","","0.29","","1.2","","22",""
"SURVEY","2016","YEAR","","REGION : MULTI-STATE","","","","","","","","PROGRAM STATES","00000000","","ONIONS","CHEMICAL, HERBICIDE","CHEMICAL, HERBICIDE: (FLUMIOXAZIN = 129034)"," (D)",""," (D)",""," (D)",""," (D)",""," (D)",""
"SURVEY","2016","YEAR","","REGION : MULTI-STATE","","","","","","","","PROGRAM STATES","00000000","","ONIONS","CHEMICAL, HERBICIDE","CHEMICAL, HERBICIDE: (FLUROXYPYR 1-MHE = 128968)"," (D)",""," (D)",""," (D)",""," (D)",""," (D)",""
"SURVEY","2016","YEAR","","REGION : MULTI-STATE","","","","","","","","PROGRAM STATES","00000000","","ONIONS","CHEMICAL, HERBICIDE","CHEMICAL, HERBICIDE: (GLYPHOSATE ISO. SALT = 103601)","10,600","","1.192","","1.32","","1.1","","8",""
"SURVEY","2016","YEAR","","REGION : MULTI-STATE","","","","","","","","PROGRAM STATES","00000000","","ONIONS","CHEMICAL, HERBICIDE","CHEMICAL, HERBICIDE: (GLYPHOSATE POT. SALT = 103613)","31,100","","0.922","","1.083","","1.2","","27",""
"SURVEY","2016","YEAR","","REGION : MULTI-STATE","","","","","","","","PROGRAM STATES","00000000","","ONIONS","CHEMICAL, HERBICIDE","CHEMICAL, HERBICIDE: (HALOSULFURON-METHYL = 128721)"," (D)",""," (D)",""," (D)",""," (D)",""," (D)",""
"SURVEY","2016","YEAR","","REGION : MULTI-STATE","","","","","","","","PROGRAM STATES","00000000","","ONIONS","CHEMICAL, HERBICIDE","CHEMICAL, HERBICIDE: (MCPA, 2-ETHYLHEXYL = 30564)"," (D)",""," (D)",""," (D)",""," (D)",""," (D)",""
"SURVEY","2016","YEAR","","REGION : MULTI-STATE","","","","","","","","PROGRAM STATES","00000000","","ONIONS","CHEMICAL, HERBICIDE","CHEMICAL, HERBICIDE: (METOLACHLOR = 108801)"," (D)",""," (D)",""," (D)",""," (D)",""," (D)",""
"SURVEY","2016","YEAR","","REGION : MULTI-STATE","","","","","","","","PROGRAM STATES","00000000","","ONIONS","CHEMICAL, HERBICIDE","CHEMICAL, HERBICIDE: (OXYFLUORFEN = 111601)","28,300","","0.175","","0.316","","1.8","","83",""
"SURVEY","2016","YEAR","","REGION : MULTI-STATE","","","","","","","","PROGRAM STATES","00000000","","ONIONS","CHEMICAL, HERBICIDE","CHEMICAL, HERBICIDE: (PARAQUAT = 61601)"," (D)",""," (D)",""," (D)",""," (D)",""," (D)",""
"SURVEY","2016","YEAR","","REGION : MULTI-STATE","","","","","","","","PROGRAM STATES","00000000","","ONIONS","CHEMICAL, HERBICIDE","CHEMICAL, HERBICIDE: (PENDIMETHALIN = 108501)","93,500","","0.734","","1.187","","1.6","","71",""
"SURVEY","2016","YEAR","","REGION : MULTI-STATE","","","","","","","","PROGRAM STATES","00000000","","ONIONS","CHEMICAL, HERBICIDE","CHEMICAL, HERBICIDE: (S-METOLACHLOR = 108800)"," (D)",""," (D)",""," (D)",""," (D)",""," (D)",""
"SURVEY","2016","YEAR","","REGION : MULTI-STATE","","","","","","","","PROGRAM STATES","00000000","","ONIONS","CHEMICAL, HERBICIDE","CHEMICAL, HERBICIDE: (SETHOXYDIM = 121001)","2,300","","0.265","","0.297","","1.1","","7",""
"SURVEY","2016","YEAR","","REGION : MULTI-STATE","","","","","","","","PROGRAM STATES","00000000","","ONIONS","CHEMICAL, HERBICIDE","CHEMICAL, HERBICIDE: (TOTAL)","388,200","","","","","","","","92",""
"SURVEY","2016","YEAR","","REGION : MULTI-STATE","","","","","","","","PROGRAM STATES","00000000","","ONIONS","CHEMICAL, HERBICIDE","CHEMICAL, HERBICIDE: (TRIFLURALIN = 36101)"," (D)",""," (D)",""," (D)",""," (D)",""," (D)",""
"SURVEY","2016","YEAR","","REGION : MULTI-STATE","","","","","","","","PROGRAM STATES","00000000","","ONIONS","CHEMICAL, INSECTICIDE","CHEMICAL, INSECTICIDE: (ABAMECTIN = 122804)","400","","0.015","","0.02","","1.3","","20",""
"SURVEY","2016","YEAR","","REGION : MULTI-STATE","","","","","","","","PROGRAM STATES","00000000","","ONIONS","CHEMICAL, INSECTICIDE","CHEMICAL, INSECTICIDE: (ACEPHATE = 103301)"," (D)",""," (D)",""," (D)",""," (D)",""," (D)",""
"SURVEY","2016","YEAR","","REGION : MULTI-STATE","","","","","","","","PROGRAM STATES","00000000","","ONIONS","CHEMICAL, INSECTICIDE","CHEMICAL, INSECTICIDE: (ACETAMIPRID = 99050)"," (D)",""," (D)",""," (D)",""," (D)",""," (D)",""
"SURVEY","2016","YEAR","","REGION : MULTI-STATE","","","","","","","","PROGRAM STATES","00000000","","ONIONS","CHEMICAL, INSECTICIDE","CHEMICAL, INSECTICIDE: (ALUMINUM PHOSPHIDE = 66501)"," (D)",""," (D)",""," (D)",""," (D)",""," (D)",""
"SURVEY","2016","YEAR","","REGION : MULTI-STATE","","","","","","","","PROGRAM STATES","00000000","","ONIONS","CHEMICAL, INSECTICIDE","CHEMICAL, INSECTICIDE: (AZADIRACHTIN = 121701)","100","","0.008","","0.016","","2","","3",""
"SURVEY","2016","YEAR","","REGION : MULTI-STATE","","","","","","","","PROGRAM STATES","00000000","","ONIONS","CHEMICAL, INSECTICIDE","CHEMICAL, INSECTICIDE: (BEAUVERIA BASSIANA = 128924)"," (NA)",""," (NA)",""," (NA)",""," (D)",""," (D)",""
"SURVEY","2016","YEAR","","REGION : MULTI-STATE","","","","","","","","PROGRAM STATES","00000000","","ONIONS","CHEMICAL, INSECTICIDE","CHEMICAL, INSECTICIDE: (BETA-CYFLUTHRIN = 118831)"," (D)",""," (D)",""," (D)",""," (D)",""," (D)",""
"SURVEY","2016","YEAR","","REGION : MULTI-STATE","","","","","","","","PROGRAM STATES","00000000","","ONIONS","CHEMICAL, INSECTICIDE","CHEMICAL, INSECTICIDE: (BIFENTHRIN = 128825)"," (D)",""," (D)",""," (D)",""," (D)",""," (D)",""
"SURVEY","2016","YEAR","","REGION : MULTI-STATE","","","","","","","","PROGRAM STATES","00000000","","ONIONS","CHEMICAL, INSECTICIDE","CHEMICAL, INSECTICIDE: (BT KURSTAK ABTS-1857 = 6523)"," (NA)",""," (NA)",""," (NA)",""," (D)",""," (D)",""
"SURVEY","2016","YEAR","","REGION : MULTI-STATE","","","","","","","","PROGRAM STATES","00000000","","ONIONS","CHEMICAL, INSECTICIDE","CHEMICAL, INSECTICIDE: (BT KURSTAKI ABTS-351 = 6522)"," (NA)",""," (NA)",""," (NA)",""," (D)",""," (D)",""
"SURVEY","2016","YEAR","","REGION : MULTI-STATE","","","","","","","","PROGRAM STATES","00000000","","ONIONS","CHEMICAL, INSECTICIDE","CHEMICAL, INSECTICIDE: (BURKHOLDERIA A396 CELLS & MEDIA = 6534)"," (NA)",""," (NA)",""," (NA)",""," (D)",""," (D)",""
"SURVEY","2016","YEAR","","REGION : MULTI-STATE","","","","","","","","PROGRAM STATES","00000000","","ONIONS","CHEMICAL, INSECTICIDE","CHEMICAL, INSECTICIDE: (CARBARYL = 56801)"," (D)",""," (D)",""," (D)",""," (D)",""," (D)",""
"SURVEY","2016","YEAR","","REGION : MULTI-STATE","","","","","","","","PROGRAM STATES","00000000","","ONIONS","CHEMICAL, INSECTICIDE","CHEMICAL, INSECTICIDE: (CHLORANTRANILIPROLE = 90100)"," (D)",""," (D)",""," (D)",""," (D)",""," (D)",""
"SURVEY","2016","YEAR","","REGION : MULTI-STATE","","","","","","","","PROGRAM STATES","00000000","","ONIONS","CHEMICAL, INSECTICIDE","CHEMICAL, INSECTICIDE: (CHLORPYRIFOS = 59101)","20,000","","0.889","","0.938","","1.1","","20",""
"SURVEY","2016","YEAR","","REGION : MULTI-STATE","","","","","","","","PROGRAM STATES","00000000","","ONIONS","CHEMICAL, INSECTICIDE","CHEMICAL, INSECTICIDE: (CYANTRANILIPROLE = 90098)","900","","0.093","","0.097","","1","","9",""
"SURVEY","2016","YEAR","","REGION : MULTI-STATE","","","","","","","","PROGRAM STATES","00000000","","ONIONS","CHEMICAL, INSECTICIDE","CHEMICAL, INSECTICIDE: (CYPERMETHRIN = 109702)"," (D)",""," (D)",""," (D)",""," (D)",""," (D)",""
"SURVEY","2016","YEAR","","REGION : MULTI-STATE","","","","","","","","PROGRAM STATES","00000000","","ONIONS","CHEMICAL, INSECTICIDE","CHEMICAL, INSECTICIDE: (DELTAMETHRIN = 97805)"," (D)",""," (D)",""," (D)",""," (D)",""," (D)",""
"SURVEY","2016","YEAR","","REGION : MULTI-STATE","","","","","","","","PROGRAM STATES","00000000","","ONIONS","CHEMICAL, INSECTICIDE","CHEMICAL, INSECTICIDE: (DIAZINON = 57801)","29,700","","3.687","","3.714","","1","","7",""
"SURVEY","2016","YEAR","","REGION : MULTI-STATE","","","","","","","","PROGRAM STATES","00000000","","ONIONS","CHEMICAL, INSECTICIDE","CHEMICAL, INSECTICIDE: (DINOTEFURAN = 44312)"," (D)",""," (D)",""," (D)",""," (D)",""," (D)",""
"SURVEY","2016","YEAR","","REGION : MULTI-STATE","","","","","","","","PROGRAM STATES","00000000","","ONIONS","CHEMICAL, INSECTICIDE","CHEMICAL, INSECTICIDE: (ESFENVALERATE = 109303)"," (D)",""," (D)",""," (D)",""," (D)",""," (D)",""
"SURVEY","2016","YEAR","","REGION : MULTI-STATE","","","","","","","","PROGRAM STATES","00000000","","ONIONS","CHEMICAL, INSECTICIDE","CHEMICAL, INSECTICIDE: (GAMMA-CYHALOTHRIN = 128807)"," (D)",""," (D)",""," (D)",""," (D)",""," (D)",""
"SURVEY","2016","YEAR","","REGION : MULTI-STATE","","","","","","","","PROGRAM STATES","00000000","","ONIONS","CHEMICAL, INSECTICIDE","CHEMICAL, INSECTICIDE: (IMIDACLOPRID = 129099)","4,000","","0.45","","0.466","","1","","8",""
"SURVEY","2016","YEAR","","REGION : MULTI-STATE","","","","","","","","PROGRAM STATES","00000000","","ONIONS","CHEMICAL, INSECTICIDE","CHEMICAL, INSECTICIDE: (KAOLIN = 100104)"," (D)",""," (D)",""," (D)",""," (D)",""," (D)",""
"SURVEY","2016","YEAR","","REGION : MULTI-STATE","","","","","","","","PROGRAM STATES","00000000","","ONIONS","CHEMICAL, INSECTICIDE","CHEMICAL, INSECTICIDE: (LAMBDA-CYHALOTHRIN = 128897)","1,100","","0.029","","0.044","","1.5","","22",""
"SURVEY","2016","YEAR","","REGION : MULTI-STATE","","","","","","","","PROGRAM STATES","00000000","","ONIONS","CHEMICAL, INSECTICIDE","CHEMICAL, INSECTICIDE: (LINDANE = 9001)"," (D)",""," (D)",""," (D)",""," (D)",""," (D)",""
"SURVEY","2016","YEAR","","REGION : MULTI-STATE","","","","","","","","PROGRAM STATES","00000000","","ONIONS","CHEMICAL, INSECTICIDE","CHEMICAL, INSECTICIDE: (MALATHION = 57701)"," (D)",""," (D)",""," (D)",""," (D)",""," (D)",""
"SURVEY","2016","YEAR","","REGION : MULTI-STATE","","","","","","","","PROGRAM STATES","00000000","","ONIONS","CHEMICAL, INSECTICIDE","CHEMICAL, INSECTICIDE: (METHOMYL = 90301)","76,100","","0.841","","1.508","","1.8","","47",""
"SURVEY","2016","YEAR","","REGION : MULTI-STATE","","","","","","","","PROGRAM STATES","00000000","","ONIONS","CHEMICAL, INSECTICIDE","CHEMICAL, INSECTICIDE: (METHOXYFENOZIDE = 121027)"," (D)",""," (D)",""," (D)",""," (D)",""," (D)",""
"SURVEY","2016","YEAR","","REGION : MULTI-STATE","","","","","","","","PROGRAM STATES","00000000","","ONIONS","CHEMICAL, INSECTICIDE","CHEMICAL, INSECTICIDE: (NEEM OIL, CLAR. HYD. = 25007)"," (D)",""," (D)",""," (D)",""," (D)",""," (D)",""
"SURVEY","2016","YEAR","","REGION : MULTI-STATE","","","","","","","","PROGRAM STATES","00000000","","ONIONS","CHEMICAL, INSECTICIDE","CHEMICAL, INSECTICIDE: (OXAMYL = 103801)","8,500","","1.023","","1.403","","1.4","","6",""
"SURVEY","2016","YEAR","","REGION : MULTI-STATE","","","","","","","","PROGRAM STATES","00000000","","ONIONS","CHEMICAL, INSECTICIDE","CHEMICAL, INSECTICIDE: (PERMETHRIN = 109701)","3,600","","0.198","","0.249","","1.3","","14",""
"SURVEY","2016","YEAR","","REGION : MULTI-STATE","","","","","","","","PROGRAM STATES","00000000","","ONIONS","CHEMICAL, INSECTICIDE","CHEMICAL, INSECTICIDE: (POTASSIUM SALTS = 79021)","2,700","","1.111","","1.479","","1.3","","2",""
"SURVEY","2016","YEAR","","REGION : MULTI-STATE","","","","","","","","PROGRAM STATES","00000000","","ONIONS","CHEMICAL, INSECTICIDE","CHEMICAL, INSECTICIDE: (PYRETHRINS = 69001)"," (D)",""," (D)",""," (D)",""," (D)",""," (D)",""
"SURVEY","2016","YEAR","","REGION : MULTI-STATE","","","","","","","","PROGRAM STATES","00000000","","ONIONS","CHEMICAL, INSECTICIDE","CHEMICAL, INSECTICIDE: (SPINETORAM = 110007)","4,500","","0.061","","0.103","","1.7","","41",""
"SURVEY","2016","YEAR","","REGION : MULTI-STATE","","","","","","","","PROGRAM STATES","00000000","","ONIONS","CHEMICAL, INSECTICIDE","CHEMICAL, INSECTICIDE: (SPINOSAD = 110003)","1,100","","0.108","","0.143","","1.3","","7",""
"SURVEY","2016","YEAR","","REGION : MULTI-STATE","","","","","","","","PROGRAM STATES","00000000","","ONIONS","CHEMICAL, INSECTICIDE","CHEMICAL, INSECTICIDE: (SPIROTETRAMAT = 392201)","5,400","","0.079","","0.116","","1.5","","43",""
"SURVEY","2016","YEAR","","REGION : MULTI-STATE","","","","","","","","PROGRAM STATES","00000000","","ONIONS","CHEMICAL, INSECTICIDE","CHEMICAL, INSECTICIDE: (THIAMETHOXAM = 60109)"," (D)",""," (D)",""," (D)",""," (D)",""," (D)",""
"SURVEY","2016","YEAR","","REGION : MULTI-STATE","","","","","","","","PROGRAM STATES","00000000","","ONIONS","CHEMICAL, INSECTICIDE","CHEMICAL, INSECTICIDE: (TOTAL)","275,200","","","","","","","","91",""
"SURVEY","2016","YEAR","","REGION : MULTI-STATE","","","","","","","","PROGRAM STATES","00000000","","ONIONS","CHEMICAL, INSECTICIDE","CHEMICAL, INSECTICIDE: (XYLENE = 86802)"," (D)",""," (D)",""," (D)",""," (D)",""," (D)",""
"SURVEY","2016","YEAR","","REGION : MULTI-STATE","","","","","","","","PROGRAM STATES","00000000","","ONIONS","CHEMICAL, INSECTICIDE","CHEMICAL, INSECTICIDE: (ZETA-CYPERMETHRIN = 129064)","1,700","","0.042","","0.06","","1.4","","27",""
"SURVEY","2016","YEAR","","REGION : MULTI-STATE","","","","","","","","PROGRAM STATES","00000000","","ONIONS","CHEMICAL, OTHER","CHEMICAL, OTHER: (ACIBENZOLAR-S-METHYL = 61402)"," (D)",""," (D)",""," (D)",""," (D)",""," (D)",""
"SURVEY","2016","YEAR","","REGION : MULTI-STATE","","","","","","","","PROGRAM STATES","00000000","","ONIONS","CHEMICAL, OTHER","CHEMICAL, OTHER: (CHLOROPICRIN = 81501)"," (D)",""," (D)",""," (D)",""," (D)",""," (D)",""
"SURVEY","2016","YEAR","","REGION : MULTI-STATE","","","","","","","","PROGRAM STATES","00000000","","ONIONS","CHEMICAL, OTHER","CHEMICAL, OTHER: (CUPRAMMONIUM ACETATE = 36011)","700","","0.387","","0.562","","1.5","","1",""
"SURVEY","2016","YEAR","","REGION : MULTI-STATE","","","","","","","","PROGRAM STATES","00000000","","ONIONS","CHEMICAL, OTHER","CHEMICAL, OTHER: (DICHLOROPROPENE = 29001)"," (D)",""," (D)",""," (D)",""," (D)",""," (D)",""
"SURVEY","2016","YEAR","","REGION : MULTI-STATE","","","","","","","","PROGRAM STATES","00000000","","ONIONS","CHEMICAL, OTHER","CHEMICAL, OTHER: (DIPHACINONE = 67701)"," (D)",""," (D)",""," (D)",""," (D)",""," (D)",""
"SURVEY","2016","YEAR","","REGION : MULTI-STATE","","","","","","","","PROGRAM STATES","00000000","","ONIONS","CHEMICAL, OTHER","CHEMICAL, OTHER: (HYDROGEN PEROXIDE = 595)"," (D)",""," (D)",""," (D)",""," (D)",""," (D)",""
"SURVEY","2016","YEAR","","REGION : MULTI-STATE","","","","","","","","PROGRAM STATES","00000000","","ONIONS","CHEMICAL, OTHER","CHEMICAL, OTHER: (MALEIC HYDRAZIDE, POTASSIUM SALT = 51503)","32,000","","1.767","","2.036","","1.2","","15",""
"SURVEY","2016","YEAR","","REGION : MULTI-STATE","","","","","","","","PROGRAM STATES","00000000","","ONIONS","CHEMICAL, OTHER","CHEMICAL, OTHER: (METAM-POTASSIUM = 39002)"," (D)",""," (D)",""," (D)",""," (D)",""," (D)",""
"SURVEY","2016","YEAR","","REGION : MULTI-STATE","","","","","","","","PROGRAM STATES","00000000","","ONIONS","CHEMICAL, OTHER","CHEMICAL, OTHER: (METAM-SODIUM = 39003)","1,798,800","","156.299","","170.159","","1.1","","10",""
"SURVEY","2016","YEAR","","REGION : MULTI-STATE","","","","","","","","PROGRAM STATES","00000000","","ONIONS","CHEMICAL, OTHER","CHEMICAL, OTHER: (PAECILOMYCES LILACIN = 28826)"," (NA)",""," (NA)",""," (NA)",""," (D)",""," (D)",""
"SURVEY","2016","YEAR","","REGION : MULTI-STATE","","","","","","","","PROGRAM STATES","00000000","","ONIONS","CHEMICAL, OTHER","CHEMICAL, OTHER: (PEROXYACETIC ACID = 63201)"," (D)",""," (D)",""," (D)",""," (D)",""," (D)",""
"SURVEY","2016","YEAR","","REGION : MULTI-STATE","","","","","","","","PROGRAM STATES","00000000","","ONIONS","CHEMICAL, OTHER","CHEMICAL, OTHER: (REYNOUTRIA SACHALINE = 55809)","200","","0.14","","0.36","","2.6","","1",""
"SURVEY","2016","YEAR","","REGION : MULTI-STATE","","","","","","","","PROGRAM STATES","00000000","","ONIONS","CHEMICAL, OTHER","CHEMICAL, OTHER: (STRYCHNINE = 76901)"," (D)",""," (D)",""," (D)",""," (D)",""," (D)",""
"SURVEY","2016","YEAR","","REGION : MULTI-STATE","","","","","","","","PROGRAM STATES","00000000","","ONIONS","CHEMICAL, OTHER","CHEMICAL, OTHER: (TOTAL)","4,588,100","","","","","","","","29",""
"SURVEY","2016","YEAR","","REGION : MULTI-STATE","","","","","","","","PROGRAM STATES","00000000","","ONIONS","CHEMICAL, OTHER","CHEMICAL, OTHER: (ZINC PHOSPHIDE = 88601)"," (D)",""," (D)",""," (D)",""," (D)",""," (D)",""
"SURVEY","2016","YEAR","","STATE","CALIFORNIA","06","","","","","","","00000000","","ONIONS","CHEMICAL, FUNGICIDE","CHEMICAL, FUNGICIDE: (AMETOCTRADIN = 119210)","3,200","","0.269","","0.469","","1.7","","15",""
"SURVEY","2016","YEAR","","STATE","CALIFORNIA","06","","","","","","","00000000","","ONIONS","CHEMICAL, FUNGICIDE","CHEMICAL, FUNGICIDE: (AZOXYSTROBIN = 128810)","100","","0.183","","0.183","","1","","1",""
"SURVEY","2016","YEAR","","STATE","CALIFORNIA","06","","","","","","","00000000","","ONIONS","CHEMICAL, FUNGICIDE","CHEMICAL, FUNGICIDE: (BACILLUS SUBTILIS = 6479)"," (NA)",""," (NA)",""," (NA)",""," (D)",""," (D)",""
"SURVEY","2016","YEAR","","STATE","CALIFORNIA","06","","","","","","","00000000","","ONIONS","CHEMICAL, FUNGICIDE","CHEMICAL, FUNGICIDE: (BOSCALID = 128008)","900","","0.236","","0.266","","1.1","","7",""
"SURVEY","2016","YEAR","","STATE","CALIFORNIA","06","","","","","","","00000000","","ONIONS","CHEMICAL, FUNGICIDE","CHEMICAL, FUNGICIDE: (CHLOROTHALONIL = 81901)","75,600","","1.163","","2.938","","2.5","","56",""
"SURVEY","2016","YEAR","","STATE","CALIFORNIA","06","","","","","","","00000000","","ONIONS","CHEMICAL, FUNGICIDE","CHEMICAL, FUNGICIDE: (COPPER CHLORIDE HYD. = 23501)"," (D)",""," (D)",""," (D)",""," (D)",""," (D)",""
"SURVEY","2016","YEAR","","STATE","CALIFORNIA","06","","","","","","","00000000","","ONIONS","CHEMICAL, FUNGICIDE","CHEMICAL, FUNGICIDE: (COPPER HYDROXIDE = 23401)","22,400","","0.417","","1.283","","3.1","","38",""
"SURVEY","2016","YEAR","","STATE","CALIFORNIA","06","","","","","","","00000000","","ONIONS","CHEMICAL, FUNGICIDE","CHEMICAL, FUNGICIDE: (COPPER OXIDE = 25601)"," (D)",""," (D)",""," (D)",""," (D)",""," (D)",""
"SURVEY","2016","YEAR","","STATE","CALIFORNIA","06","","","","","","","00000000","","ONIONS","CHEMICAL, FUNGICIDE","CHEMICAL, FUNGICIDE: (CYMOXANIL = 129106)"," (D)",""," (D)",""," (D)",""," (D)",""," (D)",""
"SURVEY","2016","YEAR","","STATE","CALIFORNIA","06","","","","","","","00000000","","ONIONS","CHEMICAL, FUNGICIDE","CHEMICAL, FUNGICIDE: (CYPRODINIL = 288202)"," (D)",""," (D)",""," (D)",""," (D)",""," (D)",""
"SURVEY","2016","YEAR","","STATE","CALIFORNIA","06","","","","","","","00000000","","ONIONS","CHEMICAL, FUNGICIDE","CHEMICAL, FUNGICIDE: (DIFENOCONAZOLE = 128847)"," (D)",""," (D)",""," (D)",""," (D)",""," (D)",""
"SURVEY","2016","YEAR","","STATE","CALIFORNIA","06","","","","","","","00000000","","ONIONS","CHEMICAL, FUNGICIDE","CHEMICAL, FUNGICIDE: (DIMETHOMORPH = 268800)","3,300","","0.199","","0.336","","1.7","","22",""
"SURVEY","2016","YEAR","","STATE","CALIFORNIA","06","","","","","","","00000000","","ONIONS","CHEMICAL, FUNGICIDE","CHEMICAL, FUNGICIDE: (FAMOXADONE = 113202)"," (D)",""," (D)",""," (D)",""," (D)",""," (D)",""
"SURVEY","2016","YEAR","","STATE","CALIFORNIA","06","","","","","","","00000000","","ONIONS","CHEMICAL, FUNGICIDE","CHEMICAL, FUNGICIDE: (FENAMIDONE = 46679)","5,100","","0.174","","0.303","","1.7","","37",""
"SURVEY","2016","YEAR","","STATE","CALIFORNIA","06","","","","","","","00000000","","ONIONS","CHEMICAL, FUNGICIDE","CHEMICAL, FUNGICIDE: (FLUDIOXONIL = 71503)"," (D)",""," (D)",""," (D)",""," (D)",""," (D)",""
"SURVEY","2016","YEAR","","STATE","CALIFORNIA","06","","","","","","","00000000","","ONIONS","CHEMICAL, FUNGICIDE","CHEMICAL, FUNGICIDE: (FOSETYL-AL = 123301)"," (D)",""," (D)",""," (D)",""," (D)",""," (D)",""
"SURVEY","2016","YEAR","","STATE","CALIFORNIA","06","","","","","","","00000000","","ONIONS","CHEMICAL, FUNGICIDE","CHEMICAL, FUNGICIDE: (IPRODIONE = 109801)","9,000","","0.661","","0.946","","1.4","","21",""
"SURVEY","2016","YEAR","","STATE","CALIFORNIA","06","","","","","","","00000000","","ONIONS","CHEMICAL, FUNGICIDE","CHEMICAL, FUNGICIDE: (MANCOZEB = 14504)","83,700","","1.795","","3.131","","1.7","","58",""
"SURVEY","2016","YEAR","","STATE","CALIFORNIA","06","","","","","","","00000000","","ONIONS","CHEMICAL, FUNGICIDE","CHEMICAL, FUNGICIDE: (MANDIPROPAMIDE TECHN = 36602)","800","","0.124","","0.131","","1.1","","13",""
"SURVEY","2016","YEAR","","STATE","CALIFORNIA","06","","","","","","","00000000","","ONIONS","CHEMICAL, FUNGICIDE","CHEMICAL, FUNGICIDE: (MEFENOXAM = 113502)","7,600","","0.102","","0.243","","2.4","","68",""
"SURVEY","2016","YEAR","","STATE","CALIFORNIA","06","","","","","","","00000000","","ONIONS","CHEMICAL, FUNGICIDE","CHEMICAL, FUNGICIDE: (MONO-POTASSIUM SALT = 76416)"," (D)",""," (D)",""," (D)",""," (D)",""," (D)",""
"SURVEY","2016","YEAR","","STATE","CALIFORNIA","06","","","","","","","00000000","","ONIONS","CHEMICAL, FUNGICIDE","CHEMICAL, FUNGICIDE: (PENTHIOPYRAD = 90112)","2,000","","0.296","","0.538","","1.8","","8",""
"SURVEY","2016","YEAR","","STATE","CALIFORNIA","06","","","","","","","00000000","","ONIONS","CHEMICAL, FUNGICIDE","CHEMICAL, FUNGICIDE: (PYRACLOSTROBIN = 99100)","600","","0.125","","0.148","","1.2","","9",""
"SURVEY","2016","YEAR","","STATE","CALIFORNIA","06","","","","","","","00000000","","ONIONS","CHEMICAL, FUNGICIDE","CHEMICAL, FUNGICIDE: (PYRIMETHANIL = 288201)","2,200","","0.459","","0.533","","1.2","","9",""
"SURVEY","2016","YEAR","","STATE","CALIFORNIA","06","","","","","","","00000000","","ONIONS","CHEMICAL, FUNGICIDE","CHEMICAL, FUNGICIDE: (SULFUR = 77501)"," (D)",""," (D)",""," (D)",""," (D)",""," (D)",""
"SURVEY","2016","YEAR","","STATE","CALIFORNIA","06","","","","","","","00000000","","ONIONS","CHEMICAL, FUNGICIDE","CHEMICAL, FUNGICIDE: (TEBUCONAZOLE = 128997)"," (D)",""," (D)",""," (D)",""," (D)",""," (D)",""
"SURVEY","2016","YEAR","","STATE","CALIFORNIA","06","","","","","","","00000000","","ONIONS","CHEMICAL, FUNGICIDE","CHEMICAL, FUNGICIDE: (TOTAL)","317,200","","","","","","","","86",""
"SURVEY","2016","YEAR","","STATE","CALIFORNIA","06","","","","","","","00000000","","ONIONS","CHEMICAL, FUNGICIDE","CHEMICAL, FUNGICIDE: (ZOXAMIDE = 101702)"," (D)",""," (D)",""," (D)",""," (D)",""," (D)",""
"SURVEY","2016","YEAR","","STATE","CALIFORNIA","06","","","","","","","00000000","","ONIONS","CHEMICAL, HERBICIDE","CHEMICAL, HERBICIDE: (BENSULIDE = 9801)","44,400","","3.418","","3.774","","1.1","","26",""
"SURVEY","2016","YEAR","","STATE","CALIFORNIA","06","","","","","","","00000000","","ONIONS","CHEMICAL, HERBICIDE","CHEMICAL, HERBICIDE: (BROMOXYNIL HEPTAN. = 128920)","1,500","","0.098","","0.15","","1.5","","22",""
"SURVEY","2016","YEAR","","STATE","CALIFORNIA","06","","","","","","","00000000","","ONIONS","CHEMICAL, HERBICIDE","CHEMICAL, HERBICIDE: (BROMOXYNIL OCTANOATE = 35302)","7,900","","0.194","","0.273","","1.4","","63",""
"SURVEY","2016","YEAR","","STATE","CALIFORNIA","06","","","","","","","00000000","","ONIONS","CHEMICAL, HERBICIDE","CHEMICAL, HERBICIDE: (CARFENTRAZONE-ETHYL = 128712)"," (Z)","","0.012","","0.015","","1.2","","5",""
"SURVEY","2016","YEAR","","STATE","CALIFORNIA","06","","","","","","","00000000","","ONIONS","CHEMICAL, HERBICIDE","CHEMICAL, HERBICIDE: (CLETHODIM = 121011)","1,900","","0.169","","0.206","","1.2","","20",""
"SURVEY","2016","YEAR","","STATE","CALIFORNIA","06","","","","","","","00000000","","ONIONS","CHEMICAL, HERBICIDE","CHEMICAL, HERBICIDE: (DCPA = 78701)","57,400","","5.393","","6.544","","1.2","","19",""
"SURVEY","2016","YEAR","","STATE","CALIFORNIA","06","","","","","","","00000000","","ONIONS","CHEMICAL, HERBICIDE","CHEMICAL, HERBICIDE: (DIMETHENAMID-P = 120051)","5,100","","0.585","","0.874","","1.5","","13",""
"SURVEY","2016","YEAR","","STATE","CALIFORNIA","06","","","","","","","00000000","","ONIONS","CHEMICAL, HERBICIDE","CHEMICAL, HERBICIDE: (ETHOFUMESATE = 110601)","3,100","","0.683","","0.791","","1.2","","8",""
"SURVEY","2016","YEAR","","STATE","CALIFORNIA","06","","","","","","","00000000","","ONIONS","CHEMICAL, HERBICIDE","CHEMICAL, HERBICIDE: (FLUAZIFOP-P-BUTYL = 122809)","4,400","","0.312","","0.367","","1.2","","26",""
"SURVEY","2016","YEAR","","STATE","CALIFORNIA","06","","","","","","","00000000","","ONIONS","CHEMICAL, HERBICIDE","CHEMICAL, HERBICIDE: (GLYPHOSATE ISO. SALT = 103601)","5,600","","1.73","","2.328","","1.3","","5",""
"SURVEY","2016","YEAR","","STATE","CALIFORNIA","06","","","","","","","00000000","","ONIONS","CHEMICAL, HERBICIDE","CHEMICAL, HERBICIDE: (GLYPHOSATE POT. SALT = 103613)","6,800","","1.453","","1.853","","1.3","","8",""
"SURVEY","2016","YEAR","","STATE","CALIFORNIA","06","","","","","","","00000000","","ONIONS","CHEMICAL, HERBICIDE","CHEMICAL, HERBICIDE: (OXYFLUORFEN = 111601)","13,300","","0.156","","0.344","","2.2","","84",""
"SURVEY","2016","YEAR","","STATE","CALIFORNIA","06","","","","","","","00000000","","ONIONS","CHEMICAL, HERBICIDE","CHEMICAL, HERBICIDE: (PENDIMETHALIN = 108501)","36,100","","0.738","","1.139","","1.5","","69",""
"SURVEY","2016","YEAR","","STATE","CALIFORNIA","06","","","","","","","00000000","","ONIONS","CHEMICAL, HERBICIDE","CHEMICAL, HERBICIDE: (SETHOXYDIM = 121001)","2,200","","0.273","","0.309","","1.1","","15",""
"SURVEY","2016","YEAR","","STATE","CALIFORNIA","06","","","","","","","00000000","","ONIONS","CHEMICAL, HERBICIDE","CHEMICAL, HERBICIDE: (TOTAL)","189,700","","","","","","","","89",""
"SURVEY","2016","YEAR","","STATE","CALIFORNIA","06","","","","","","","00000000","","ONIONS","CHEMICAL, INSECTICIDE","CHEMICAL, INSECTICIDE: (ABAMECTIN = 122804)"," (D)",""," (D)",""," (D)",""," (D)",""," (D)",""
"SURVEY","2016","YEAR","","STATE","CALIFORNIA","06","","","","","","","00000000","","ONIONS","CHEMICAL, INSECTICIDE","CHEMICAL, INSECTICIDE: (ACETAMIPRID = 99050)"," (D)",""," (D)",""," (D)",""," (D)",""," (D)",""
"SURVEY","2016","YEAR","","STATE","CALIFORNIA","06","","","","","","","00000000","","ONIONS","CHEMICAL, INSECTICIDE","CHEMICAL, INSECTICIDE: (ALUMINUM PHOSPHIDE = 66501)"," (D)",""," (D)",""," (D)",""," (D)",""," (D)",""
"SURVEY","2016","YEAR","","STATE","CALIFORNIA","06","","","","","","","00000000","","ONIONS","CHEMICAL, INSECTICIDE","CHEMICAL, INSECTICIDE: (AZADIRACHTIN = 121701)"," (D)",""," (D)",""," (D)",""," (D)",""," (D)",""
"SURVEY","2016","YEAR","","STATE","CALIFORNIA","06","","","","","","","00000000","","ONIONS","CHEMICAL, INSECTICIDE","CHEMICAL, INSECTICIDE: (BT KURSTAK ABTS-1857 = 6523)"," (NA)",""," (NA)",""," (NA)",""," (D)",""," (D)",""
"SURVEY","2016","YEAR","","STATE","CALIFORNIA","06","","","","","","","00000000","","ONIONS","CHEMICAL, INSECTICIDE","CHEMICAL, INSECTICIDE: (CHLORANTRANILIPROLE = 90100)"," (D)",""," (D)",""," (D)",""," (D)",""," (D)",""
"SURVEY","2016","YEAR","","STATE","CALIFORNIA","06","","","","","","","00000000","","ONIONS","CHEMICAL, INSECTICIDE","CHEMICAL, INSECTICIDE: (CHLORPYRIFOS = 59101)","4,100","","0.876","","0.953","","1.1","","9",""
"SURVEY","2016","YEAR","","STATE","CALIFORNIA","06","","","","","","","00000000","","ONIONS","CHEMICAL, INSECTICIDE","CHEMICAL, INSECTICIDE: (CYANTRANILIPROLE = 90098)"," (D)",""," (D)",""," (D)",""," (D)",""," (D)",""
"SURVEY","2016","YEAR","","STATE","CALIFORNIA","06","","","","","","","00000000","","ONIONS","CHEMICAL, INSECTICIDE","CHEMICAL, INSECTICIDE: (CYPERMETHRIN = 109702)"," (D)",""," (D)",""," (D)",""," (D)",""," (D)",""
"SURVEY","2016","YEAR","","STATE","CALIFORNIA","06","","","","","","","00000000","","ONIONS","CHEMICAL, INSECTICIDE","CHEMICAL, INSECTICIDE: (DIAZINON = 57801)"," (D)",""," (D)",""," (D)",""," (D)",""," (D)",""
"SURVEY","2016","YEAR","","STATE","CALIFORNIA","06","","","","","","","00000000","","ONIONS","CHEMICAL, INSECTICIDE","CHEMICAL, INSECTICIDE: (ESFENVALERATE = 109303)"," (D)",""," (D)",""," (D)",""," (D)",""," (D)",""
"SURVEY","2016","YEAR","","STATE","CALIFORNIA","06","","","","","","","00000000","","ONIONS","CHEMICAL, INSECTICIDE","CHEMICAL, INSECTICIDE: (IMIDACLOPRID = 129099)"," (D)",""," (D)",""," (D)",""," (D)",""," (D)",""
"SURVEY","2016","YEAR","","STATE","CALIFORNIA","06","","","","","","","00000000","","ONIONS","CHEMICAL, INSECTICIDE","CHEMICAL, INSECTICIDE: (KAOLIN = 100104)","107,500","","37.691","","43.423","","1.2","","5",""
"SURVEY","2016","YEAR","","STATE","CALIFORNIA","06","","","","","","","00000000","","ONIONS","CHEMICAL, INSECTICIDE","CHEMICAL, INSECTICIDE: (LAMBDA-CYHALOTHRIN = 128897)","500","","0.028","","0.036","","1.3","","32",""
"SURVEY","2016","YEAR","","STATE","CALIFORNIA","06","","","","","","","00000000","","ONIONS","CHEMICAL, INSECTICIDE","CHEMICAL, INSECTICIDE: (METHOMYL = 90301)","12,800","","0.671","","0.975","","1.5","","29",""
"SURVEY","2016","YEAR","","STATE","CALIFORNIA","06","","","","","","","00000000","","ONIONS","CHEMICAL, INSECTICIDE","CHEMICAL, INSECTICIDE: (METHOXYFENOZIDE = 121027)"," (D)",""," (D)",""," (D)",""," (D)",""," (D)",""
"SURVEY","2016","YEAR","","STATE","CALIFORNIA","06","","","","","","","00000000","","ONIONS","CHEMICAL, INSECTICIDE","CHEMICAL, INSECTICIDE: (OXAMYL = 103801)"," (D)",""," (D)",""," (D)",""," (D)",""," (D)",""
"SURVEY","2016","YEAR","","STATE","CALIFORNIA","06","","","","","","","00000000","","ONIONS","CHEMICAL, INSECTICIDE","CHEMICAL, INSECTICIDE: (PERMETHRIN = 109701)","3,200","","0.214","","0.252","","1.2","","28",""
"SURVEY","2016","YEAR","","STATE","CALIFORNIA","06","","","","","","","00000000","","ONIONS","CHEMICAL, INSECTICIDE","CHEMICAL, INSECTICIDE: (POTASSIUM SALTS = 79021)"," (D)",""," (D)",""," (D)",""," (D)",""," (D)",""
"SURVEY","2016","YEAR","","STATE","CALIFORNIA","06","","","","","","","00000000","","ONIONS","CHEMICAL, INSECTICIDE","CHEMICAL, INSECTICIDE: (SPINETORAM = 110007)","1,400","","0.051","","0.095","","1.9","","32",""
"SURVEY","2016","YEAR","","STATE","CALIFORNIA","06","","","","","","","00000000","","ONIONS","CHEMICAL, INSECTICIDE","CHEMICAL, INSECTICIDE: (SPINOSAD = 110003)","300","","0.094","","0.132","","1.4","","5",""
"SURVEY","2016","YEAR","","STATE","CALIFORNIA","06","","","","","","","00000000","","ONIONS","CHEMICAL, INSECTICIDE","CHEMICAL, INSECTICIDE: (SPIROTETRAMAT = 392201)"," (D)",""," (D)",""," (D)",""," (D)",""," (D)",""
"SURVEY","2016","YEAR","","STATE","CALIFORNIA","06","","","","","","","00000000","","ONIONS","CHEMICAL, INSECTICIDE","CHEMICAL, INSECTICIDE: (THIAMETHOXAM = 60109)"," (D)",""," (D)",""," (D)",""," (D)",""," (D)",""
"SURVEY","2016","YEAR","","STATE","CALIFORNIA","06","","","","","","","00000000","","ONIONS","CHEMICAL, INSECTICIDE","CHEMICAL, INSECTICIDE: (TOTAL)","135,000","","","","","","","","85",""
"SURVEY","2016","YEAR","","STATE","CALIFORNIA","06","","","","","","","00000000","","ONIONS","CHEMICAL, INSECTICIDE","CHEMICAL, INSECTICIDE: (ZETA-CYPERMETHRIN = 129064)","1,400","","0.047","","0.073","","1.5","","42",""
"SURVEY","2016","YEAR","","STATE","CALIFORNIA","06","","","","","","","00000000","","ONIONS","CHEMICAL, OTHER","CHEMICAL, OTHER: (DIPHACINONE = 67701)"," (D)",""," (D)",""," (D)",""," (D)",""," (D)",""
"SURVEY","2016","YEAR","","STATE","CALIFORNIA","06","","","","","","","00000000","","ONIONS","CHEMICAL, OTHER","CHEMICAL, OTHER: (HYDROGEN PEROXIDE = 595)"," (D)",""," (D)",""," (D)",""," (D)",""," (D)",""
"SURVEY","2016","YEAR","","STATE","CALIFORNIA","06","","","","","","","00000000","","ONIONS","CHEMICAL, OTHER","CHEMICAL, OTHER: (MALEIC HYDRAZIDE, POTASSIUM SALT = 51503)"," (D)",""," (D)",""," (D)",""," (D)",""," (D)",""
"SURVEY","2016","YEAR","","STATE","CALIFORNIA","06","","","","","","","00000000","","ONIONS","CHEMICAL, OTHER","CHEMICAL, OTHER: (METAM-POTASSIUM = 39002)"," (D)",""," (D)",""," (D)",""," (D)",""," (D)",""
"SURVEY","2016","YEAR","","STATE","CALIFORNIA","06","","","","","","","00000000","","ONIONS","CHEMICAL, OTHER","CHEMICAL, OTHER: (METAM-SODIUM = 39003)"," (D)",""," (D)",""," (D)",""," (D)",""," (D)",""
"SURVEY","2016","YEAR","","STATE","CALIFORNIA","06","","","","","","","00000000","","ONIONS","CHEMICAL, OTHER","CHEMICAL, OTHER: (PAECILOMYCES LILACIN = 28826)"," (NA)",""," (NA)",""," (NA)",""," (D)",""," (D)",""
"SURVEY","2016","YEAR","","STATE","CALIFORNIA","06","","","","","","","00000000","","ONIONS","CHEMICAL, OTHER","CHEMICAL, OTHER: (PEROXYACETIC ACID = 63201)"," (D)",""," (D)",""," (D)",""," (D)",""," (D)",""
"SURVEY","2016","YEAR","","STATE","CALIFORNIA","06","","","","","","","00000000","","ONIONS","CHEMICAL, OTHER","CHEMICAL, OTHER: (REYNOUTRIA SACHALINE = 55809)"," (D)",""," (D)",""," (D)",""," (D)",""," (D)",""
"SURVEY","2016","YEAR","","STATE","CALIFORNIA","06","","","","","","","00000000","","ONIONS","CHEMICAL, OTHER","CHEMICAL, OTHER: (STRYCHNINE = 76901)"," (D)",""," (D)",""," (D)",""," (D)",""," (D)",""
"SURVEY","2016","YEAR","","STATE","CALIFORNIA","06","","","","","","","00000000","","ONIONS","CHEMICAL, OTHER","CHEMICAL, OTHER: (TOTAL)","625,100","","","","","","","","12",""
"SURVEY","2016","YEAR","","STATE","CALIFORNIA","06","","","","","","","00000000","","ONIONS","CHEMICAL, OTHER","CHEMICAL, OTHER: (ZINC PHOSPHIDE = 88601)"," (D)",""," (D)",""," (D)",""," (D)",""," (D)",""
"SURVEY","2016","YEAR","","STATE","NEW YORK","36","","","","","","","00000000","","ONIONS","CHEMICAL, FUNGICIDE","CHEMICAL, FUNGICIDE: (AZOXYSTROBIN = 128810)"," (D)",""," (D)",""," (D)",""," (D)",""," (D)",""
"SURVEY","2016","YEAR","","STATE","NEW YORK","36","","","","","","","00000000","","ONIONS","CHEMICAL, FUNGICIDE","CHEMICAL, FUNGICIDE: (BOSCALID = 128008)"," (D)",""," (D)",""," (D)",""," (D)",""," (D)",""
"SURVEY","2016","YEAR","","STATE","NEW YORK","36","","","","","","","00000000","","ONIONS","CHEMICAL, FUNGICIDE","CHEMICAL, FUNGICIDE: (CHLOROTHALONIL = 81901)","18,500","","0.785","","3.166","","4","","81",""
"SURVEY","2016","YEAR","","STATE","NEW YORK","36","","","","","","","00000000","","ONIONS","CHEMICAL, FUNGICIDE","CHEMICAL, FUNGICIDE: (COPPER CHLORIDE HYD. = 23501)"," (D)",""," (D)",""," (D)",""," (D)",""," (D)",""
"SURVEY","2016","YEAR","","STATE","NEW YORK","36","","","","","","","00000000","","ONIONS","CHEMICAL, FUNGICIDE","CHEMICAL, FUNGICIDE: (COPPER HYDROXIDE = 23401)"," (D)",""," (D)",""," (D)",""," (D)",""," (D)",""
"SURVEY","2016","YEAR","","STATE","NEW YORK","36","","","","","","","00000000","","ONIONS","CHEMICAL, FUNGICIDE","CHEMICAL, FUNGICIDE: (CYMOXANIL = 129106)"," (D)",""," (D)",""," (D)",""," (D)",""," (D)",""
"SURVEY","2016","YEAR","","STATE","NEW YORK","36","","","","","","","00000000","","ONIONS","CHEMICAL, FUNGICIDE","CHEMICAL, FUNGICIDE: (CYPRODINIL = 288202)"," (D)",""," (D)",""," (D)",""," (D)",""," (D)",""
"SURVEY","2016","YEAR","","STATE","NEW YORK","36","","","","","","","00000000","","ONIONS","CHEMICAL, FUNGICIDE","CHEMICAL, FUNGICIDE: (DIFENOCONAZOLE = 128847)"," (D)",""," (D)",""," (D)",""," (D)",""," (D)",""
"SURVEY","2016","YEAR","","STATE","NEW YORK","36","","","","","","","00000000","","ONIONS","CHEMICAL, FUNGICIDE","CHEMICAL, FUNGICIDE: (DIMETHOMORPH = 268800)"," (D)",""," (D)",""," (D)",""," (D)",""," (D)",""
"SURVEY","2016","YEAR","","STATE","NEW YORK","36","","","","","","","00000000","","ONIONS","CHEMICAL, FUNGICIDE","CHEMICAL, FUNGICIDE: (FAMOXADONE = 113202)"," (D)",""," (D)",""," (D)",""," (D)",""," (D)",""
"SURVEY","2016","YEAR","","STATE","NEW YORK","36","","","","","","","00000000","","ONIONS","CHEMICAL, FUNGICIDE","CHEMICAL, FUNGICIDE: (FENAMIDONE = 46679)"," (D)",""," (D)",""," (D)",""," (D)",""," (D)",""
"SURVEY","2016","YEAR","","STATE","NEW YORK","36","","","","","","","00000000","","ONIONS","CHEMICAL, FUNGICIDE","CHEMICAL, FUNGICIDE: (FLUXAPYROXAD = 138009)"," (D)",""," (D)",""," (D)",""," (D)",""," (D)",""
"SURVEY","2016","YEAR","","STATE","NEW YORK","36","","","","","","","00000000","","ONIONS","CHEMICAL, FUNGICIDE","CHEMICAL, FUNGICIDE: (IPRODIONE = 109801)"," (D)",""," (D)",""," (D)",""," (D)",""," (D)",""
"SURVEY","2016","YEAR","","STATE","NEW YORK","36","","","","","","","00000000","","ONIONS","CHEMICAL, FUNGICIDE","CHEMICAL, FUNGICIDE: (MANCOZEB = 14504)","73,800","","1.895","","12.668","","6.7","","81",""
"SURVEY","2016","YEAR","","STATE","NEW YORK","36","","","","","","","00000000","","ONIONS","CHEMICAL, FUNGICIDE","CHEMICAL, FUNGICIDE: (MEFENOXAM = 113502)"," (D)",""," (D)",""," (D)",""," (D)",""," (D)",""
"SURVEY","2016","YEAR","","STATE","NEW YORK","36","","","","","","","00000000","","ONIONS","CHEMICAL, FUNGICIDE","CHEMICAL, FUNGICIDE: (MONO-POTASSIUM SALT = 76416)"," (D)",""," (D)",""," (D)",""," (D)",""," (D)",""
"SURVEY","2016","YEAR","","STATE","NEW YORK","36","","","","","","","00000000","","ONIONS","CHEMICAL, FUNGICIDE","CHEMICAL, FUNGICIDE: (PYRACLOSTROBIN = 99100)"," (D)",""," (D)",""," (D)",""," (D)",""," (D)",""
"SURVEY","2016","YEAR","","STATE","NEW YORK","36","","","","","","","00000000","","ONIONS","CHEMICAL, FUNGICIDE","CHEMICAL, FUNGICIDE: (PYRIMETHANIL = 288201)"," (D)",""," (D)",""," (D)",""," (D)",""," (D)",""
"SURVEY","2016","YEAR","","STATE","NEW YORK","36","","","","","","","00000000","","ONIONS","CHEMICAL, FUNGICIDE","CHEMICAL, FUNGICIDE: (TOTAL)"," (D)","","","","","","",""," (D)",""
"SURVEY","2016","YEAR","","STATE","NEW YORK","36","","","","","","","00000000","","ONIONS","CHEMICAL, HERBICIDE","CHEMICAL, HERBICIDE: (BENTAZON = 103901)"," (D)",""," (D)",""," (D)",""," (D)",""," (D)",""
"SURVEY","2016","YEAR","","STATE","NEW YORK","36","","","","","","","00000000","","ONIONS","CHEMICAL, HERBICIDE","CHEMICAL, HERBICIDE: (BROMOXYNIL OCTANOATE = 35302)"," (D)",""," (D)",""," (D)",""," (D)",""," (D)",""
"SURVEY","2016","YEAR","","STATE","NEW YORK","36","","","","","","","00000000","","ONIONS","CHEMICAL, HERBICIDE","CHEMICAL, HERBICIDE: (CLETHODIM = 121011)"," (D)",""," (D)",""," (D)",""," (D)",""," (D)",""
"SURVEY","2016","YEAR","","STATE","NEW YORK","36","","","","","","","00000000","","ONIONS","CHEMICAL, HERBICIDE","CHEMICAL, HERBICIDE: (DIMETHENAMID = 129051)"," (D)",""," (D)",""," (D)",""," (D)",""," (D)",""
"SURVEY","2016","YEAR","","STATE","NEW YORK","36","","","","","","","00000000","","ONIONS","CHEMICAL, HERBICIDE","CHEMICAL, HERBICIDE: (DIMETHENAMID-P = 120051)","7,000","","0.601","","1.001","","1.7","","97",""
"SURVEY","2016","YEAR","","STATE","NEW YORK","36","","","","","","","00000000","","ONIONS","CHEMICAL, HERBICIDE","CHEMICAL, HERBICIDE: (FLUAZIFOP-P-BUTYL = 122809)","1,200","","0.17","","0.215","","1.3","","76",""
"SURVEY","2016","YEAR","","STATE","NEW YORK","36","","","","","","","00000000","","ONIONS","CHEMICAL, HERBICIDE","CHEMICAL, HERBICIDE: (FLUMIOXAZIN = 129034)"," (D)",""," (D)",""," (D)",""," (D)",""," (D)",""
"SURVEY","2016","YEAR","","STATE","NEW YORK","36","","","","","","","00000000","","ONIONS","CHEMICAL, HERBICIDE","CHEMICAL, HERBICIDE: (GLYPHOSATE ISO. SALT = 103601)"," (D)",""," (D)",""," (D)",""," (D)",""," (D)",""
"SURVEY","2016","YEAR","","STATE","NEW YORK","36","","","","","","","00000000","","ONIONS","CHEMICAL, HERBICIDE","CHEMICAL, HERBICIDE: (HALOSULFURON-METHYL = 128721)"," (D)",""," (D)",""," (D)",""," (D)",""," (D)",""
"SURVEY","2016","YEAR","","STATE","NEW YORK","36","","","","","","","00000000","","ONIONS","CHEMICAL, HERBICIDE","CHEMICAL, HERBICIDE: (METOLACHLOR = 108801)"," (D)",""," (D)",""," (D)",""," (D)",""," (D)",""
"SURVEY","2016","YEAR","","STATE","NEW YORK","36","","","","","","","00000000","","ONIONS","CHEMICAL, HERBICIDE","CHEMICAL, HERBICIDE: (OXYFLUORFEN = 111601)","2,200","","0.189","","0.381","","2","","79",""
"SURVEY","2016","YEAR","","STATE","NEW YORK","36","","","","","","","00000000","","ONIONS","CHEMICAL, HERBICIDE","CHEMICAL, HERBICIDE: (PENDIMETHALIN = 108501)","16,600","","0.696","","2.354","","3.4","","98",""
"SURVEY","2016","YEAR","","STATE","NEW YORK","36","","","","","","","00000000","","ONIONS","CHEMICAL, HERBICIDE","CHEMICAL, HERBICIDE: (S-METOLACHLOR = 108800)"," (D)",""," (D)",""," (D)",""," (D)",""," (D)",""
"SURVEY","2016","YEAR","","STATE","NEW YORK","36","","","","","","","00000000","","ONIONS","CHEMICAL, HERBICIDE","CHEMICAL, HERBICIDE: (TOTAL)","32,700","","","","","","","","99",""
"SURVEY","2016","YEAR","","STATE","NEW YORK","36","","","","","","","00000000","","ONIONS","CHEMICAL, HERBICIDE","CHEMICAL, HERBICIDE: (TRIFLURALIN = 36101)"," (D)",""," (D)",""," (D)",""," (D)",""," (D)",""
"SURVEY","2016","YEAR","","STATE","NEW YORK","36","","","","","","","00000000","","ONIONS","CHEMICAL, INSECTICIDE","CHEMICAL, INSECTICIDE: (ABAMECTIN = 122804)"," (D)",""," (D)",""," (D)",""," (D)",""," (D)",""
"SURVEY","2016","YEAR","","STATE","NEW YORK","36","","","","","","","00000000","","ONIONS","CHEMICAL, INSECTICIDE","CHEMICAL, INSECTICIDE: (ACEPHATE = 103301)"," (D)",""," (D)",""," (D)",""," (D)",""," (D)",""
"SURVEY","2016","YEAR","","STATE","NEW YORK","36","","","","","","","00000000","","ONIONS","CHEMICAL, INSECTICIDE","CHEMICAL, INSECTICIDE: (AZADIRACHTIN = 121701)"," (D)",""," (D)",""," (D)",""," (D)",""," (D)",""
"SURVEY","2016","YEAR","","STATE","NEW YORK","36","","","","","","","00000000","","ONIONS","CHEMICAL, INSECTICIDE","CHEMICAL, INSECTICIDE: (BEAUVERIA BASSIANA = 128924)"," (NA)",""," (NA)",""," (NA)",""," (D)",""," (D)",""
"SURVEY","2016","YEAR","","STATE","NEW YORK","36","","","","","","","00000000","","ONIONS","CHEMICAL, INSECTICIDE","CHEMICAL, INSECTICIDE: (BETA-CYFLUTHRIN = 118831)"," (D)",""," (D)",""," (D)",""," (D)",""," (D)",""
"SURVEY","2016","YEAR","","STATE","NEW YORK","36","","","","","","","00000000","","ONIONS","CHEMICAL, INSECTICIDE","CHEMICAL, INSECTICIDE: (BIFENTHRIN = 128825)"," (D)",""," (D)",""," (D)",""," (D)",""," (D)",""
"SURVEY","2016","YEAR","","STATE","NEW YORK","36","","","","","","","00000000","","ONIONS","CHEMICAL, INSECTICIDE","CHEMICAL, INSECTICIDE: (CHLORPYRIFOS = 59101)"," (D)",""," (D)",""," (D)",""," (D)",""," (D)",""
"SURVEY","2016","YEAR","","STATE","NEW YORK","36","","","","","","","00000000","","ONIONS","CHEMICAL, INSECTICIDE","CHEMICAL, INSECTICIDE: (DIAZINON = 57801)"," (D)",""," (D)",""," (D)",""," (D)",""," (D)",""
"SURVEY","2016","YEAR","","STATE","NEW YORK","36","","","","","","","00000000","","ONIONS","CHEMICAL, INSECTICIDE","CHEMICAL, INSECTICIDE: (ESFENVALERATE = 109303)"," (D)",""," (D)",""," (D)",""," (D)",""," (D)",""
"SURVEY","2016","YEAR","","STATE","NEW YORK","36","","","","","","","00000000","","ONIONS","CHEMICAL, INSECTICIDE","CHEMICAL, INSECTICIDE: (IMIDACLOPRID = 129099)"," (D)",""," (D)",""," (D)",""," (D)",""," (D)",""
"SURVEY","2016","YEAR","","STATE","NEW YORK","36","","","","","","","00000000","","ONIONS","CHEMICAL, INSECTICIDE","CHEMICAL, INSECTICIDE: (LAMBDA-CYHALOTHRIN = 128897)","500","","0.032","","0.077","","2.4","","96",""
"SURVEY","2016","YEAR","","STATE","NEW YORK","36","","","","","","","00000000","","ONIONS","CHEMICAL, INSECTICIDE","CHEMICAL, INSECTICIDE: (METHOMYL = 90301)"," (D)",""," (D)",""," (D)",""," (D)",""," (D)",""
"SURVEY","2016","YEAR","","STATE","NEW YORK","36","","","","","","","00000000","","ONIONS","CHEMICAL, INSECTICIDE","CHEMICAL, INSECTICIDE: (PERMETHRIN = 109701)"," (D)",""," (D)",""," (D)",""," (D)",""," (D)",""
"SURVEY","2016","YEAR","","STATE","NEW YORK","36","","","","","","","00000000","","ONIONS","CHEMICAL, INSECTICIDE","CHEMICAL, INSECTICIDE: (PYRETHRINS = 69001)"," (D)",""," (D)",""," (D)",""," (D)",""," (D)",""
"SURVEY","2016","YEAR","","STATE","NEW YORK","36","","","","","","","00000000","","ONIONS","CHEMICAL, INSECTICIDE","CHEMICAL, INSECTICIDE: (SPINETORAM = 110007)","400","","0.057","","0.093","","1.6","","62",""
"SURVEY","2016","YEAR","","STATE","NEW YORK","36","","","","","","","00000000","","ONIONS","CHEMICAL, INSECTICIDE","CHEMICAL, INSECTICIDE: (SPINOSAD = 110003)"," (D)",""," (D)",""," (D)",""," (D)",""," (D)",""
"SURVEY","2016","YEAR","","STATE","NEW YORK","36","","","","","","","00000000","","ONIONS","CHEMICAL, INSECTICIDE","CHEMICAL, INSECTICIDE: (SPIROTETRAMAT = 392201)","900","","0.078","","0.125","","1.6","","96",""
"SURVEY","2016","YEAR","","STATE","NEW YORK","36","","","","","","","00000000","","ONIONS","CHEMICAL, INSECTICIDE","CHEMICAL, INSECTICIDE: (TOTAL)","3,900","","","","","","","","98",""
"SURVEY","2016","YEAR","","STATE","NEW YORK","36","","","","","","","00000000","","ONIONS","CHEMICAL, INSECTICIDE","CHEMICAL, INSECTICIDE: (ZETA-CYPERMETHRIN = 129064)"," (D)",""," (D)",""," (D)",""," (D)",""," (D)",""
"SURVEY","2016","YEAR","","STATE","NEW YORK","36","","","","","","","00000000","","ONIONS","CHEMICAL, OTHER","CHEMICAL, OTHER: (MALEIC HYDRAZIDE, POTASSIUM SALT = 51503)"," (D)",""," (D)",""," (D)",""," (D)",""," (D)",""
"SURVEY","2016","YEAR","","STATE","NEW YORK","36","","","","","","","00000000","","ONIONS","CHEMICAL, OTHER","CHEMICAL, OTHER: (TOTAL)"," (D)","","","","","","",""," (D)",""
"SURVEY","2016","YEAR","","STATE","OREGON","41","","","","","","","00000000","","ONIONS","CHEMICAL, FUNGICIDE","CHEMICAL, FUNGICIDE: (AMETOCTRADIN = 119210)","500","","0.273","","0.273","","1","","10",""
"SURVEY","2016","YEAR","","STATE","OREGON","41","","","","","","","00000000","","ONIONS","CHEMICAL, FUNGICIDE","CHEMICAL, FUNGICIDE: (AZOXYSTROBIN = 128810)"," (D)",""," (D)",""," (D)",""," (D)",""," (D)",""
"SURVEY","2016","YEAR","","STATE","OREGON","41","","","","","","","00000000","","ONIONS","CHEMICAL, FUNGICIDE","CHEMICAL, FUNGICIDE: (BASIC COPPER SULFATE = 8101)"," (D)",""," (D)",""," (D)",""," (D)",""," (D)",""
"SURVEY","2016","YEAR","","STATE","OREGON","41","","","","","","","00000000","","ONIONS","CHEMICAL, FUNGICIDE","CHEMICAL, FUNGICIDE: (BOSCALID = 128008)","2,100","","0.24","","0.256","","1.1","","42",""
"SURVEY","2016","YEAR","","STATE","OREGON","41","","","","","","","00000000","","ONIONS","CHEMICAL, FUNGICIDE","CHEMICAL, FUNGICIDE: (CHLOROTHALONIL = 81901)","9,300","","1.189","","3.526","","3","","14",""
"SURVEY","2016","YEAR","","STATE","OREGON","41","","","","","","","00000000","","ONIONS","CHEMICAL, FUNGICIDE","CHEMICAL, FUNGICIDE: (COPPER CHLORIDE HYD. = 23501)","1,300","","0.173","","0.183","","1.1","","37",""
"SURVEY","2016","YEAR","","STATE","OREGON","41","","","","","","","00000000","","ONIONS","CHEMICAL, FUNGICIDE","CHEMICAL, FUNGICIDE: (COPPER HYDROXIDE = 23401)","1,500","","0.188","","0.198","","1.1","","40",""
"SURVEY","2016","YEAR","","STATE","OREGON","41","","","","","","","00000000","","ONIONS","CHEMICAL, FUNGICIDE","CHEMICAL, FUNGICIDE: (CYMOXANIL = 129106)"," (D)",""," (D)",""," (D)",""," (D)",""," (D)",""
"SURVEY","2016","YEAR","","STATE","OREGON","41","","","","","","","00000000","","ONIONS","CHEMICAL, FUNGICIDE","CHEMICAL, FUNGICIDE: (CYPRODINIL = 288202)"," (D)",""," (D)",""," (D)",""," (D)",""," (D)",""
"SURVEY","2016","YEAR","","STATE","OREGON","41","","","","","","","00000000","","ONIONS","CHEMICAL, FUNGICIDE","CHEMICAL, FUNGICIDE: (DICLORAN = 31301)"," (D)",""," (D)",""," (D)",""," (D)",""," (D)",""
"SURVEY","2016","YEAR","","STATE","OREGON","41","","","","","","","00000000","","ONIONS","CHEMICAL, FUNGICIDE","CHEMICAL, FUNGICIDE: (DIMETHOMORPH = 268800)"," (D)",""," (D)",""," (D)",""," (D)",""," (D)",""
"SURVEY","2016","YEAR","","STATE","OREGON","41","","","","","","","00000000","","ONIONS","CHEMICAL, FUNGICIDE","CHEMICAL, FUNGICIDE: (FAMOXADONE = 113202)"," (D)",""," (D)",""," (D)",""," (D)",""," (D)",""
"SURVEY","2016","YEAR","","STATE","OREGON","41","","","","","","","00000000","","ONIONS","CHEMICAL, FUNGICIDE","CHEMICAL, FUNGICIDE: (FLUDIOXONIL = 71503)"," (D)",""," (D)",""," (D)",""," (D)",""," (D)",""
"SURVEY","2016","YEAR","","STATE","OREGON","41","","","","","","","00000000","","ONIONS","CHEMICAL, FUNGICIDE","CHEMICAL, FUNGICIDE: (IPRODIONE = 109801)"," (D)",""," (D)",""," (D)",""," (D)",""," (D)",""
"SURVEY","2016","YEAR","","STATE","OREGON","41","","","","","","","00000000","","ONIONS","CHEMICAL, FUNGICIDE","CHEMICAL, FUNGICIDE: (MANCOZEB = 14504)","19,100","","1.856","","3.657","","2","","27",""
"SURVEY","2016","YEAR","","STATE","OREGON","41","","","","","","","00000000","","ONIONS","CHEMICAL, FUNGICIDE","CHEMICAL, FUNGICIDE: (MANDIPROPAMIDE TECHN = 36602)"," (D)",""," (D)",""," (D)",""," (D)",""," (D)",""
"SURVEY","2016","YEAR","","STATE","OREGON","41","","","","","","","00000000","","ONIONS","CHEMICAL, FUNGICIDE","CHEMICAL, FUNGICIDE: (MEFENOXAM = 113502)","900","","0.116","","0.345","","3","","14",""
"SURVEY","2016","YEAR","","STATE","OREGON","41","","","","","","","00000000","","ONIONS","CHEMICAL, FUNGICIDE","CHEMICAL, FUNGICIDE: (MONO-POTASSIUM SALT = 76416)"," (D)",""," (D)",""," (D)",""," (D)",""," (D)",""
"SURVEY","2016","YEAR","","STATE","OREGON","41","","","","","","","00000000","","ONIONS","CHEMICAL, FUNGICIDE","CHEMICAL, FUNGICIDE: (OXATHIAPIPROLIN = 128111)"," (D)",""," (D)",""," (D)",""," (D)",""," (D)",""
"SURVEY","2016","YEAR","","STATE","OREGON","41","","","","","","","00000000","","ONIONS","CHEMICAL, FUNGICIDE","CHEMICAL, FUNGICIDE: (PENTHIOPYRAD = 90112)"," (D)",""," (D)",""," (D)",""," (D)",""," (D)",""
"SURVEY","2016","YEAR","","STATE","OREGON","41","","","","","","","00000000","","ONIONS","CHEMICAL, FUNGICIDE","CHEMICAL, FUNGICIDE: (PROPICONAZOLE = 122101)"," (D)",""," (D)",""," (D)",""," (D)",""," (D)",""
"SURVEY","2016","YEAR","","STATE","OREGON","41","","","","","","","00000000","","ONIONS","CHEMICAL, FUNGICIDE","CHEMICAL, FUNGICIDE: (PYRACLOSTROBIN = 99100)","1,300","","0.131","","0.158","","1.2","","44",""
"SURVEY","2016","YEAR","","STATE","OREGON","41","","","","","","","00000000","","ONIONS","CHEMICAL, FUNGICIDE","CHEMICAL, FUNGICIDE: (THIOPHANATE-METHYL = 102001)"," (D)",""," (D)",""," (D)",""," (D)",""," (D)",""
"SURVEY","2016","YEAR","","STATE","OREGON","41","","","","","","","00000000","","ONIONS","CHEMICAL, FUNGICIDE","CHEMICAL, FUNGICIDE: (TOTAL)","49,200","","","","","","","","76",""
"SURVEY","2016","YEAR","","STATE","OREGON","41","","","","","","","00000000","","ONIONS","CHEMICAL, HERBICIDE","CHEMICAL, HERBICIDE: (BROMOXYNIL HEPTAN. = 128920)"," (D)",""," (D)",""," (D)",""," (D)",""," (D)",""
"SURVEY","2016","YEAR","","STATE","OREGON","41","","","","","","","00000000","","ONIONS","CHEMICAL, HERBICIDE","CHEMICAL, HERBICIDE: (BROMOXYNIL OCTANOATE = 35302)","3,700","","0.17","","0.227","","1.3","","86",""
"SURVEY","2016","YEAR","","STATE","OREGON","41","","","","","","","00000000","","ONIONS","CHEMICAL, HERBICIDE","CHEMICAL, HERBICIDE: (CLETHODIM = 121011)","2,700","","0.171","","0.196","","1.2","","71",""
"SURVEY","2016","YEAR","","STATE","OREGON","41","","","","","","","00000000","","ONIONS","CHEMICAL, HERBICIDE","CHEMICAL, HERBICIDE: (CLOPYRALID MONO SALT = 117401)"," (D)",""," (D)",""," (D)",""," (D)",""," (D)",""
"SURVEY","2016","YEAR","","STATE","OREGON","41","","","","","","","00000000","","ONIONS","CHEMICAL, HERBICIDE","CHEMICAL, HERBICIDE: (DIMETHENAMID-P = 120051)","5,500","","0.625","","0.636","","1","","45",""
"SURVEY","2016","YEAR","","STATE","OREGON","41","","","","","","","00000000","","ONIONS","CHEMICAL, HERBICIDE","CHEMICAL, HERBICIDE: (ETHOFUMESATE = 110601)","4,500","","0.206","","0.326","","1.6","","73",""
"SURVEY","2016","YEAR","","STATE","OREGON","41","","","","","","","00000000","","ONIONS","CHEMICAL, HERBICIDE","CHEMICAL, HERBICIDE: (FLUROXYPYR 1-MHE = 128968)"," (D)",""," (D)",""," (D)",""," (D)",""," (D)",""
"SURVEY","2016","YEAR","","STATE","OREGON","41","","","","","","","00000000","","ONIONS","CHEMICAL, HERBICIDE","CHEMICAL, HERBICIDE: (GLYPHOSATE ISO. SALT = 103601)"," (D)",""," (D)",""," (D)",""," (D)",""," (D)",""
"SURVEY","2016","YEAR","","STATE","OREGON","41","","","","","","","00000000","","ONIONS","CHEMICAL, HERBICIDE","CHEMICAL, HERBICIDE: (GLYPHOSATE POT. SALT = 103613)","9,100","","0.759","","0.871","","1.1","","55",""
"SURVEY","2016","YEAR","","STATE","OREGON","41","","","","","","","00000000","","ONIONS","CHEMICAL, HERBICIDE","CHEMICAL, HERBICIDE: (OXYFLUORFEN = 111601)","5,600","","0.219","","0.323","","1.5","","91",""
"SURVEY","2016","YEAR","","STATE","OREGON","41","","","","","","","00000000","","ONIONS","CHEMICAL, HERBICIDE","CHEMICAL, HERBICIDE: (PARAQUAT = 61601)"," (D)",""," (D)",""," (D)",""," (D)",""," (D)",""
"SURVEY","2016","YEAR","","STATE","OREGON","41","","","","","","","00000000","","ONIONS","CHEMICAL, HERBICIDE","CHEMICAL, HERBICIDE: (PENDIMETHALIN = 108501)","19,700","","0.808","","1.049","","1.3","","98",""
"SURVEY","2016","YEAR","","STATE","OREGON","41","","","","","","","00000000","","ONIONS","CHEMICAL, HERBICIDE","CHEMICAL, HERBICIDE: (S-METOLACHLOR = 108800)"," (D)",""," (D)",""," (D)",""," (D)",""," (D)",""
"SURVEY","2016","YEAR","","STATE","OREGON","41","","","","","","","00000000","","ONIONS","CHEMICAL, HERBICIDE","CHEMICAL, HERBICIDE: (SETHOXYDIM = 121001)"," (D)",""," (D)",""," (D)",""," (D)",""," (D)",""
"SURVEY","2016","YEAR","","STATE","OREGON","41","","","","","","","00000000","","ONIONS","CHEMICAL, HERBICIDE","CHEMICAL, HERBICIDE: (TOTAL)","54,200","","","","","","","","100",""
"SURVEY","2016","YEAR","","STATE","OREGON","41","","","","","","","00000000","","ONIONS","CHEMICAL, INSECTICIDE","CHEMICAL, INSECTICIDE: (ABAMECTIN = 122804)","100","","0.015","","0.019","","1.3","","25",""
"SURVEY","2016","YEAR","","STATE","OREGON","41","","","","","","","00000000","","ONIONS","CHEMICAL, INSECTICIDE","CHEMICAL, INSECTICIDE: (AZADIRACHTIN = 121701)","100","","0.008","","0.016","","2","","19",""
"SURVEY","2016","YEAR","","STATE","OREGON","41","","","","","","","00000000","","ONIONS","CHEMICAL, INSECTICIDE","CHEMICAL, INSECTICIDE: (CHLORPYRIFOS = 59101)","5,500","","0.996","","0.996","","1","","29",""
"SURVEY","2016","YEAR","","STATE","OREGON","41","","","","","","","00000000","","ONIONS","CHEMICAL, INSECTICIDE","CHEMICAL, INSECTICIDE: (CYANTRANILIPROLE = 90098)"," (D)",""," (D)",""," (D)",""," (D)",""," (D)",""
"SURVEY","2016","YEAR","","STATE","OREGON","41","","","","","","","00000000","","ONIONS","CHEMICAL, INSECTICIDE","CHEMICAL, INSECTICIDE: (DELTAMETHRIN = 97805)"," (D)",""," (D)",""," (D)",""," (D)",""," (D)",""
"SURVEY","2016","YEAR","","STATE","OREGON","41","","","","","","","00000000","","ONIONS","CHEMICAL, INSECTICIDE","CHEMICAL, INSECTICIDE: (DINOTEFURAN = 44312)"," (D)",""," (D)",""," (D)",""," (D)",""," (D)",""
"SURVEY","2016","YEAR","","STATE","OREGON","41","","","","","","","00000000","","ONIONS","CHEMICAL, INSECTICIDE","CHEMICAL, INSECTICIDE: (IMIDACLOPRID = 129099)"," (D)",""," (D)",""," (D)",""," (D)",""," (D)",""
"SURVEY","2016","YEAR","","STATE","OREGON","41","","","","","","","00000000","","ONIONS","CHEMICAL, INSECTICIDE","CHEMICAL, INSECTICIDE: (KAOLIN = 100104)"," (D)",""," (D)",""," (D)",""," (D)",""," (D)",""
"SURVEY","2016","YEAR","","STATE","OREGON","41","","","","","","","00000000","","ONIONS","CHEMICAL, INSECTICIDE","CHEMICAL, INSECTICIDE: (LAMBDA-CYHALOTHRIN = 128897)"," (D)",""," (D)",""," (D)",""," (D)",""," (D)",""
"SURVEY","2016","YEAR","","STATE","OREGON","41","","","","","","","00000000","","ONIONS","CHEMICAL, INSECTICIDE","CHEMICAL, INSECTICIDE: (LINDANE = 9001)"," (D)",""," (D)",""," (D)",""," (D)",""," (D)",""
"SURVEY","2016","YEAR","","STATE","OREGON","41","","","","","","","00000000","","ONIONS","CHEMICAL, INSECTICIDE","CHEMICAL, INSECTICIDE: (MALATHION = 57701)"," (D)",""," (D)",""," (D)",""," (D)",""," (D)",""
"SURVEY","2016","YEAR","","STATE","OREGON","41","","","","","","","00000000","","ONIONS","CHEMICAL, INSECTICIDE","CHEMICAL, INSECTICIDE: (METHOMYL = 90301)","38,900","","0.885","","2.375","","2.7","","86",""
"SURVEY","2016","YEAR","","STATE","OREGON","41","","","","","","","00000000","","ONIONS","CHEMICAL, INSECTICIDE","CHEMICAL, INSECTICIDE: (OXAMYL = 103801)"," (D)",""," (D)",""," (D)",""," (D)",""," (D)",""
"SURVEY","2016","YEAR","","STATE","OREGON","41","","","","","","","00000000","","ONIONS","CHEMICAL, INSECTICIDE","CHEMICAL, INSECTICIDE: (POTASSIUM SALTS = 79021)"," (D)",""," (D)",""," (D)",""," (D)",""," (D)",""
"SURVEY","2016","YEAR","","STATE","OREGON","41","","","","","","","00000000","","ONIONS","CHEMICAL, INSECTICIDE","CHEMICAL, INSECTICIDE: (SPINETORAM = 110007)","1,600","","0.064","","0.109","","1.7","","77",""
"SURVEY","2016","YEAR","","STATE","OREGON","41","","","","","","","00000000","","ONIONS","CHEMICAL, INSECTICIDE","CHEMICAL, INSECTICIDE: (SPINOSAD = 110003)"," (D)",""," (D)",""," (D)",""," (D)",""," (D)",""
"SURVEY","2016","YEAR","","STATE","OREGON","41","","","","","","","00000000","","ONIONS","CHEMICAL, INSECTICIDE","CHEMICAL, INSECTICIDE: (SPIROTETRAMAT = 392201)","2,500","","0.081","","0.14","","1.7","","92",""
"SURVEY","2016","YEAR","","STATE","OREGON","41","","","","","","","00000000","","ONIONS","CHEMICAL, INSECTICIDE","CHEMICAL, INSECTICIDE: (TOTAL)","61,400","","","","","","","","99",""
"SURVEY","2016","YEAR","","STATE","OREGON","41","","","","","","","00000000","","ONIONS","CHEMICAL, INSECTICIDE","CHEMICAL, INSECTICIDE: (XYLENE = 86802)"," (D)",""," (D)",""," (D)",""," (D)",""," (D)",""
"SURVEY","2016","YEAR","","STATE","OREGON","41","","","","","","","00000000","","ONIONS","CHEMICAL, INSECTICIDE","CHEMICAL, INSECTICIDE: (ZETA-CYPERMETHRIN = 129064)","100","","0.025","","0.025","","1","","13",""
"SURVEY","2016","YEAR","","STATE","OREGON","41","","","","","","","00000000","","ONIONS","CHEMICAL, OTHER","CHEMICAL, OTHER: (CHLOROPICRIN = 81501)"," (D)",""," (D)",""," (D)",""," (D)",""," (D)",""
"SURVEY","2016","YEAR","","STATE","OREGON","41","","","","","","","00000000","","ONIONS","CHEMICAL, OTHER","CHEMICAL, OTHER: (CUPRAMMONIUM ACETATE = 36011)"," (D)",""," (D)",""," (D)",""," (D)",""," (D)",""
"SURVEY","2016","YEAR","","STATE","OREGON","41","","","","","","","00000000","","ONIONS","CHEMICAL, OTHER","CHEMICAL, OTHER: (DICHLOROPROPENE = 29001)"," (D)",""," (D)",""," (D)",""," (D)",""," (D)",""
"SURVEY","2016","YEAR","","STATE","OREGON","41","","","","","","","00000000","","ONIONS","CHEMICAL, OTHER","CHEMICAL, OTHER: (HYDROGEN PEROXIDE = 595)"," (D)",""," (D)",""," (D)",""," (D)",""," (D)",""
"SURVEY","2016","YEAR","","STATE","OREGON","41","","","","","","","00000000","","ONIONS","CHEMICAL, OTHER","CHEMICAL, OTHER: (MALEIC HYDRAZIDE, POTASSIUM SALT = 51503)","8,100","","1.727","","1.727","","1","","24",""
"SURVEY","2016","YEAR","","STATE","OREGON","41","","","","","","","00000000","","ONIONS","CHEMICAL, OTHER","CHEMICAL, OTHER: (METAM-POTASSIUM = 39002)"," (D)",""," (D)",""," (D)",""," (D)",""," (D)",""
"SURVEY","2016","YEAR","","STATE","OREGON","41","","","","","","","00000000","","ONIONS","CHEMICAL, OTHER","CHEMICAL, OTHER: (METAM-SODIUM = 39003)"," (D)",""," (D)",""," (D)",""," (D)",""," (D)",""
"SURVEY","2016","YEAR","","STATE","OREGON","41","","","","","","","00000000","","ONIONS","CHEMICAL, OTHER","CHEMICAL, OTHER: (REYNOUTRIA SACHALINE = 55809)"," (D)",""," (D)",""," (D)",""," (D)",""," (D)",""
"SURVEY","2016","YEAR","","STATE","OREGON","41","","","","","","","00000000","","ONIONS","CHEMICAL, OTHER","CHEMICAL, OTHER: (TOTAL)","2,093,600","","","","","","","","68",""
"SURVEY","2016","YEAR","","STATE","TEXAS","48","","","","","","","00000000","","ONIONS","CHEMICAL, FUNGICIDE","CHEMICAL, FUNGICIDE: (AZOXYSTROBIN = 128810)"," (D)",""," (D)",""," (D)",""," (D)",""," (D)",""
"SURVEY","2016","YEAR","","STATE","TEXAS","48","","","","","","","00000000","","ONIONS","CHEMICAL, FUNGICIDE","CHEMICAL, FUNGICIDE: (CHLOROTHALONIL = 81901)"," (D)",""," (D)",""," (D)",""," (D)",""," (D)",""
"SURVEY","2016","YEAR","","STATE","TEXAS","48","","","","","","","00000000","","ONIONS","CHEMICAL, FUNGICIDE","CHEMICAL, FUNGICIDE: (CONIOTHYRIUM MINITAN = 28836)"," (D)",""," (D)",""," (D)",""," (D)",""," (D)",""
"SURVEY","2016","YEAR","","STATE","TEXAS","48","","","","","","","00000000","","ONIONS","CHEMICAL, FUNGICIDE","CHEMICAL, FUNGICIDE: (COPPER HYDROXIDE = 23401)","5,900","","0.413","","0.95","","2.3","","62",""
"SURVEY","2016","YEAR","","STATE","TEXAS","48","","","","","","","00000000","","ONIONS","CHEMICAL, FUNGICIDE","CHEMICAL, FUNGICIDE: (COPPER OXIDE = 25601)"," (D)",""," (D)",""," (D)",""," (D)",""," (D)",""
"SURVEY","2016","YEAR","","STATE","TEXAS","48","","","","","","","00000000","","ONIONS","CHEMICAL, FUNGICIDE","CHEMICAL, FUNGICIDE: (CYPRODINIL = 288202)"," (D)",""," (D)",""," (D)",""," (D)",""," (D)",""
"SURVEY","2016","YEAR","","STATE","TEXAS","48","","","","","","","00000000","","ONIONS","CHEMICAL, FUNGICIDE","CHEMICAL, FUNGICIDE: (DIFENOCONAZOLE = 128847)"," (D)",""," (D)",""," (D)",""," (D)",""," (D)",""
"SURVEY","2016","YEAR","","STATE","TEXAS","48","","","","","","","00000000","","ONIONS","CHEMICAL, FUNGICIDE","CHEMICAL, FUNGICIDE: (FENAMIDONE = 46679)"," (D)",""," (D)",""," (D)",""," (D)",""," (D)",""
"SURVEY","2016","YEAR","","STATE","TEXAS","48","","","","","","","00000000","","ONIONS","CHEMICAL, FUNGICIDE","CHEMICAL, FUNGICIDE: (IPRODIONE = 109801)"," (D)",""," (D)",""," (D)",""," (D)",""," (D)",""
"SURVEY","2016","YEAR","","STATE","TEXAS","48","","","","","","","00000000","","ONIONS","CHEMICAL, FUNGICIDE","CHEMICAL, FUNGICIDE: (MANCOZEB = 14504)"," (D)",""," (D)",""," (D)",""," (D)",""," (D)",""
"SURVEY","2016","YEAR","","STATE","TEXAS","48","","","","","","","00000000","","ONIONS","CHEMICAL, FUNGICIDE","CHEMICAL, FUNGICIDE: (MEFENOXAM = 113502)","100","","0.039","","0.051","","1.3","","27",""
"SURVEY","2016","YEAR","","STATE","TEXAS","48","","","","","","","00000000","","ONIONS","CHEMICAL, FUNGICIDE","CHEMICAL, FUNGICIDE: (MONO-POTASSIUM SALT = 76416)"," (D)",""," (D)",""," (D)",""," (D)",""," (D)",""
"SURVEY","2016","YEAR","","STATE","TEXAS","48","","","","","","","00000000","","ONIONS","CHEMICAL, FUNGICIDE","CHEMICAL, FUNGICIDE: (PENTHIOPYRAD = 90112)"," (D)",""," (D)",""," (D)",""," (D)",""," (D)",""
"SURVEY","2016","YEAR","","STATE","TEXAS","48","","","","","","","00000000","","ONIONS","CHEMICAL, FUNGICIDE","CHEMICAL, FUNGICIDE: (PYRACLOSTROBIN = 99100)"," (D)",""," (D)",""," (D)",""," (D)",""," (D)",""
"SURVEY","2016","YEAR","","STATE","TEXAS","48","","","","","","","00000000","","ONIONS","CHEMICAL, FUNGICIDE","CHEMICAL, FUNGICIDE: (TEBUCONAZOLE = 128997)"," (D)",""," (D)",""," (D)",""," (D)",""," (D)",""
"SURVEY","2016","YEAR","","STATE","TEXAS","48","","","","","","","00000000","","ONIONS","CHEMICAL, FUNGICIDE","CHEMICAL, FUNGICIDE: (TOTAL)","27,800","","","","","","","","90",""
"SURVEY","2016","YEAR","","STATE","TEXAS","48","","","","","","","00000000","","ONIONS","CHEMICAL, HERBICIDE","CHEMICAL, HERBICIDE: (BENSULIDE = 9801)"," (D)",""," (D)",""," (D)",""," (D)",""," (D)",""
"SURVEY","2016","YEAR","","STATE","TEXAS","48","","","","","","","00000000","","ONIONS","CHEMICAL, HERBICIDE","CHEMICAL, HERBICIDE: (BROMOXYNIL HEPTAN. = 128920)"," (D)",""," (D)",""," (D)",""," (D)",""," (D)",""
"SURVEY","2016","YEAR","","STATE","TEXAS","48","","","","","","","00000000","","ONIONS","CHEMICAL, HERBICIDE","CHEMICAL, HERBICIDE: (BROMOXYNIL OCTANOATE = 35302)"," (D)",""," (D)",""," (D)",""," (D)",""," (D)",""
"SURVEY","2016","YEAR","","STATE","TEXAS","48","","","","","","","00000000","","ONIONS","CHEMICAL, HERBICIDE","CHEMICAL, HERBICIDE: (CLETHODIM = 121011)"," (D)",""," (D)",""," (D)",""," (D)",""," (D)",""
"SURVEY","2016","YEAR","","STATE","TEXAS","48","","","","","","","00000000","","ONIONS","CHEMICAL, HERBICIDE","CHEMICAL, HERBICIDE: (DCPA = 78701)"," (D)",""," (D)",""," (D)",""," (D)",""," (D)",""
"SURVEY","2016","YEAR","","STATE","TEXAS","48","","","","","","","00000000","","ONIONS","CHEMICAL, HERBICIDE","CHEMICAL, HERBICIDE: (DIMETHENAMID-P = 120051)"," (D)",""," (D)",""," (D)",""," (D)",""," (D)",""
"SURVEY","2016","YEAR","","STATE","TEXAS","48","","","","","","","00000000","","ONIONS","CHEMICAL, HERBICIDE","CHEMICAL, HERBICIDE: (ETHOFUMESATE = 110601)"," (D)",""," (D)",""," (D)",""," (D)",""," (D)",""
"SURVEY","2016","YEAR","","STATE","TEXAS","48","","","","","","","00000000","","ONIONS","CHEMICAL, HERBICIDE","CHEMICAL, HERBICIDE: (FLUAZIFOP-P-BUTYL = 122809)"," (D)",""," (D)",""," (D)",""," (D)",""," (D)",""
"SURVEY","2016","YEAR","","STATE","TEXAS","48","","","","","","","00000000","","ONIONS","CHEMICAL, HERBICIDE","CHEMICAL, HERBICIDE: (GLYPHOSATE POT. SALT = 103613)"," (D)",""," (D)",""," (D)",""," (D)",""," (D)",""
"SURVEY","2016","YEAR","","STATE","TEXAS","48","","","","","","","00000000","","ONIONS","CHEMICAL, HERBICIDE","CHEMICAL, HERBICIDE: (OXYFLUORFEN = 111601)"," (D)",""," (D)",""," (D)",""," (D)",""," (D)",""
"SURVEY","2016","YEAR","","STATE","TEXAS","48","","","","","","","00000000","","ONIONS","CHEMICAL, HERBICIDE","CHEMICAL, HERBICIDE: (PENDIMETHALIN = 108501)"," (D)",""," (D)",""," (D)",""," (D)",""," (D)",""
"SURVEY","2016","YEAR","","STATE","TEXAS","48","","","","","","","00000000","","ONIONS","CHEMICAL, HERBICIDE","CHEMICAL, HERBICIDE: (S-METOLACHLOR = 108800)"," (D)",""," (D)",""," (D)",""," (D)",""," (D)",""
"SURVEY","2016","YEAR","","STATE","TEXAS","48","","","","","","","00000000","","ONIONS","CHEMICAL, HERBICIDE","CHEMICAL, HERBICIDE: (TOTAL)"," (D)","","","","","","",""," (D)",""
"SURVEY","2016","YEAR","","STATE","TEXAS","48","","","","","","","00000000","","ONIONS","CHEMICAL, HERBICIDE","CHEMICAL, HERBICIDE: (TRIFLURALIN = 36101)"," (D)",""," (D)",""," (D)",""," (D)",""," (D)",""
"SURVEY","2016","YEAR","","STATE","TEXAS","48","","","","","","","00000000","","ONIONS","CHEMICAL, INSECTICIDE","CHEMICAL, INSECTICIDE: (BIFENTHRIN = 128825)"," (D)",""," (D)",""," (D)",""," (D)",""," (D)",""
"SURVEY","2016","YEAR","","STATE","TEXAS","48","","","","","","","00000000","","ONIONS","CHEMICAL, INSECTICIDE","CHEMICAL, INSECTICIDE: (BT KURSTAKI ABTS-351 = 6522)"," (NA)",""," (NA)",""," (NA)",""," (D)",""," (D)",""
"SURVEY","2016","YEAR","","STATE","TEXAS","48","","","","","","","00000000","","ONIONS","CHEMICAL, INSECTICIDE","CHEMICAL, INSECTICIDE: (CARBARYL = 56801)"," (D)",""," (D)",""," (D)",""," (D)",""," (D)",""
"SURVEY","2016","YEAR","","STATE","TEXAS","48","","","","","","","00000000","","ONIONS","CHEMICAL, INSECTICIDE","CHEMICAL, INSECTICIDE: (CHLORPYRIFOS = 59101)"," (D)",""," (D)",""," (D)",""," (D)",""," (D)",""
"SURVEY","2016","YEAR","","STATE","TEXAS","48","","","","","","","00000000","","ONIONS","CHEMICAL, INSECTICIDE","CHEMICAL, INSECTICIDE: (CYPERMETHRIN = 109702)"," (D)",""," (D)",""," (D)",""," (D)",""," (D)",""
"SURVEY","2016","YEAR","","STATE","TEXAS","48","","","","","","","00000000","","ONIONS","CHEMICAL, INSECTICIDE","CHEMICAL, INSECTICIDE: (DIAZINON = 57801)"," (D)",""," (D)",""," (D)",""," (D)",""," (D)",""
"SURVEY","2016","YEAR","","STATE","TEXAS","48","","","","","","","00000000","","ONIONS","CHEMICAL, INSECTICIDE","CHEMICAL, INSECTICIDE: (GAMMA-CYHALOTHRIN = 128807)"," (D)",""," (D)",""," (D)",""," (D)",""," (D)",""
"SURVEY","2016","YEAR","","STATE","TEXAS","48","","","","","","","00000000","","ONIONS","CHEMICAL, INSECTICIDE","CHEMICAL, INSECTICIDE: (IMIDACLOPRID = 129099)"," (D)",""," (D)",""," (D)",""," (D)",""," (D)",""
"SURVEY","2016","YEAR","","STATE","TEXAS","48","","","","","","","00000000","","ONIONS","CHEMICAL, INSECTICIDE","CHEMICAL, INSECTICIDE: (MALATHION = 57701)"," (D)",""," (D)",""," (D)",""," (D)",""," (D)",""
"SURVEY","2016","YEAR","","STATE","TEXAS","48","","","","","","","00000000","","ONIONS","CHEMICAL, INSECTICIDE","CHEMICAL, INSECTICIDE: (METHOMYL = 90301)"," (D)",""," (D)",""," (D)",""," (D)",""," (D)",""
"SURVEY","2016","YEAR","","STATE","TEXAS","48","","","","","","","00000000","","ONIONS","CHEMICAL, INSECTICIDE","CHEMICAL, INSECTICIDE: (METHOXYFENOZIDE = 121027)"," (D)",""," (D)",""," (D)",""," (D)",""," (D)",""
"SURVEY","2016","YEAR","","STATE","TEXAS","48","","","","","","","00000000","","ONIONS","CHEMICAL, INSECTICIDE","CHEMICAL, INSECTICIDE: (NEEM OIL, CLAR. HYD. = 25007)"," (D)",""," (D)",""," (D)",""," (D)",""," (D)",""
"SURVEY","2016","YEAR","","STATE","TEXAS","48","","","","","","","00000000","","ONIONS","CHEMICAL, INSECTICIDE","CHEMICAL, INSECTICIDE: (PERMETHRIN = 109701)"," (D)",""," (D)",""," (D)",""," (D)",""," (D)",""
"SURVEY","2016","YEAR","","STATE","TEXAS","48","","","","","","","00000000","","ONIONS","CHEMICAL, INSECTICIDE","CHEMICAL, INSECTICIDE: (SPINETORAM = 110007)"," (D)",""," (D)",""," (D)",""," (D)",""," (D)",""
"SURVEY","2016","YEAR","","STATE","TEXAS","48","","","","","","","00000000","","ONIONS","CHEMICAL, INSECTICIDE","CHEMICAL, INSECTICIDE: (TOTAL)"," (D)","","","","","","",""," (D)",""
"SURVEY","2016","YEAR","","STATE","TEXAS","48","","","","","","","00000000","","ONIONS","CHEMICAL, INSECTICIDE","CHEMICAL, INSECTICIDE: (ZETA-CYPERMETHRIN = 129064)"," (D)",""," (D)",""," (D)",""," (D)",""," (D)",""
"SURVEY","2016","YEAR","","STATE","TEXAS","48","","","","","","","00000000","","ONIONS","CHEMICAL, OTHER","CHEMICAL, OTHER: (ACIBENZOLAR-S-METHYL = 61402)"," (D)",""," (D)",""," (D)",""," (D)",""," (D)",""
"SURVEY","2016","YEAR","","STATE","TEXAS","48","","","","","","","00000000","","ONIONS","CHEMICAL, OTHER","CHEMICAL, OTHER: (TOTAL)"," (D)","","","","","","",""," (D)",""
"SURVEY","2016","YEAR","","STATE","WASHINGTON","53","","","","","","","00000000","","ONIONS","CHEMICAL, FUNGICIDE","CHEMICAL, FUNGICIDE: (AZOXYSTROBIN = 128810)"," (D)",""," (D)",""," (D)",""," (D)",""," (D)",""
"SURVEY","2016","YEAR","","STATE","WASHINGTON","53","","","","","","","00000000","","ONIONS","CHEMICAL, FUNGICIDE","CHEMICAL, FUNGICIDE: (BOSCALID = 128008)"," (D)",""," (D)",""," (D)",""," (D)",""," (D)",""
"SURVEY","2016","YEAR","","STATE","WASHINGTON","53","","","","","","","00000000","","ONIONS","CHEMICAL, FUNGICIDE","CHEMICAL, FUNGICIDE: (CHLOROTHALONIL = 81901)"," (D)",""," (D)",""," (D)",""," (D)",""," (D)",""
"SURVEY","2016","YEAR","","STATE","WASHINGTON","53","","","","","","","00000000","","ONIONS","CHEMICAL, FUNGICIDE","CHEMICAL, FUNGICIDE: (COPPER CHLORIDE HYD. = 23501)"," (D)",""," (D)",""," (D)",""," (D)",""," (D)",""
"SURVEY","2016","YEAR","","STATE","WASHINGTON","53","","","","","","","00000000","","ONIONS","CHEMICAL, FUNGICIDE","CHEMICAL, FUNGICIDE: (COPPER HYDROXIDE = 23401)"," (D)",""," (D)",""," (D)",""," (D)",""," (D)",""
"SURVEY","2016","YEAR","","STATE","WASHINGTON","53","","","","","","","00000000","","ONIONS","CHEMICAL, FUNGICIDE","CHEMICAL, FUNGICIDE: (COPPER OXIDE = 25601)"," (D)",""," (D)",""," (D)",""," (D)",""," (D)",""
"SURVEY","2016","YEAR","","STATE","WASHINGTON","53","","","","","","","00000000","","ONIONS","CHEMICAL, FUNGICIDE","CHEMICAL, FUNGICIDE: (COPPER SULFATE = 24401)"," (D)",""," (D)",""," (D)",""," (D)",""," (D)",""
"SURVEY","2016","YEAR","","STATE","WASHINGTON","53","","","","","","","00000000","","ONIONS","CHEMICAL, FUNGICIDE","CHEMICAL, FUNGICIDE: (CYMOXANIL = 129106)"," (D)",""," (D)",""," (D)",""," (D)",""," (D)",""
"SURVEY","2016","YEAR","","STATE","WASHINGTON","53","","","","","","","00000000","","ONIONS","CHEMICAL, FUNGICIDE","CHEMICAL, FUNGICIDE: (CYPRODINIL = 288202)"," (D)",""," (D)",""," (D)",""," (D)",""," (D)",""
"SURVEY","2016","YEAR","","STATE","WASHINGTON","53","","","","","","","00000000","","ONIONS","CHEMICAL, FUNGICIDE","CHEMICAL, FUNGICIDE: (DICLORAN = 31301)"," (D)",""," (D)",""," (D)",""," (D)",""," (D)",""
"SURVEY","2016","YEAR","","STATE","WASHINGTON","53","","","","","","","00000000","","ONIONS","CHEMICAL, FUNGICIDE","CHEMICAL, FUNGICIDE: (DIFENOCONAZOLE = 128847)"," (D)",""," (D)",""," (D)",""," (D)",""," (D)",""
"SURVEY","2016","YEAR","","STATE","WASHINGTON","53","","","","","","","00000000","","ONIONS","CHEMICAL, FUNGICIDE","CHEMICAL, FUNGICIDE: (FAMOXADONE = 113202)"," (D)",""," (D)",""," (D)",""," (D)",""," (D)",""
"SURVEY","2016","YEAR","","STATE","WASHINGTON","53","","","","","","","00000000","","ONIONS","CHEMICAL, FUNGICIDE","CHEMICAL, FUNGICIDE: (FLUDIOXONIL = 71503)"," (D)",""," (D)",""," (D)",""," (D)",""," (D)",""
"SURVEY","2016","YEAR","","STATE","WASHINGTON","53","","","","","","","00000000","","ONIONS","CHEMICAL, FUNGICIDE","CHEMICAL, FUNGICIDE: (IPRODIONE = 109801)"," (D)",""," (D)",""," (D)",""," (D)",""," (D)",""
"SURVEY","2016","YEAR","","STATE","WASHINGTON","53","","","","","","","00000000","","ONIONS","CHEMICAL, FUNGICIDE","CHEMICAL, FUNGICIDE: (MANCOZEB = 14504)"," (D)",""," (D)",""," (D)",""," (D)",""," (D)",""
"SURVEY","2016","YEAR","","STATE","WASHINGTON","53","","","","","","","00000000","","ONIONS","CHEMICAL, FUNGICIDE","CHEMICAL, FUNGICIDE: (MANDIPROPAMIDE TECHN = 36602)"," (D)",""," (D)",""," (D)",""," (D)",""," (D)",""
"SURVEY","2016","YEAR","","STATE","WASHINGTON","53","","","","","","","00000000","","ONIONS","CHEMICAL, FUNGICIDE","CHEMICAL, FUNGICIDE: (MEFENOXAM = 113502)"," (D)",""," (D)",""," (D)",""," (D)",""," (D)",""
"SURVEY","2016","YEAR","","STATE","WASHINGTON","53","","","","","","","00000000","","ONIONS","CHEMICAL, FUNGICIDE","CHEMICAL, FUNGICIDE: (PENTHIOPYRAD = 90112)"," (D)",""," (D)",""," (D)",""," (D)",""," (D)",""
"SURVEY","2016","YEAR","","STATE","WASHINGTON","53","","","","","","","00000000","","ONIONS","CHEMICAL, FUNGICIDE","CHEMICAL, FUNGICIDE: (PROPICONAZOLE = 122101)"," (D)",""," (D)",""," (D)",""," (D)",""," (D)",""
"SURVEY","2016","YEAR","","STATE","WASHINGTON","53","","","","","","","00000000","","ONIONS","CHEMICAL, FUNGICIDE","CHEMICAL, FUNGICIDE: (PYRACLOSTROBIN = 99100)"," (D)",""," (D)",""," (D)",""," (D)",""," (D)",""
"SURVEY","2016","YEAR","","STATE","WASHINGTON","53","","","","","","","00000000","","ONIONS","CHEMICAL, FUNGICIDE","CHEMICAL, FUNGICIDE: (TEBUCONAZOLE = 128997)"," (D)",""," (D)",""," (D)",""," (D)",""," (D)",""
"SURVEY","2016","YEAR","","STATE","WASHINGTON","53","","","","","","","00000000","","ONIONS","CHEMICAL, FUNGICIDE","CHEMICAL, FUNGICIDE: (TOTAL)"," (D)","","","","","","",""," (D)",""
"SURVEY","2016","YEAR","","STATE","WASHINGTON","53","","","","","","","00000000","","ONIONS","CHEMICAL, FUNGICIDE","CHEMICAL, FUNGICIDE: (ZOXAMIDE = 101702)"," (D)",""," (D)",""," (D)",""," (D)",""," (D)",""
"SURVEY","2016","YEAR","","STATE","WASHINGTON","53","","","","","","","00000000","","ONIONS","CHEMICAL, HERBICIDE","CHEMICAL, HERBICIDE: (BROMOXYNIL OCTANOATE = 35302)"," (D)",""," (D)",""," (D)",""," (D)",""," (D)",""
"SURVEY","2016","YEAR","","STATE","WASHINGTON","53","","","","","","","00000000","","ONIONS","CHEMICAL, HERBICIDE","CHEMICAL, HERBICIDE: (CLETHODIM = 121011)"," (D)",""," (D)",""," (D)",""," (D)",""," (D)",""
"SURVEY","2016","YEAR","","STATE","WASHINGTON","53","","","","","","","00000000","","ONIONS","CHEMICAL, HERBICIDE","CHEMICAL, HERBICIDE: (D-LIMONENE = 179701)"," (D)",""," (D)",""," (D)",""," (D)",""," (D)",""
"SURVEY","2016","YEAR","","STATE","WASHINGTON","53","","","","","","","00000000","","ONIONS","CHEMICAL, HERBICIDE","CHEMICAL, HERBICIDE: (DCPA = 78701)"," (D)",""," (D)",""," (D)",""," (D)",""," (D)",""
"SURVEY","2016","YEAR","","STATE","WASHINGTON","53","","","","","","","00000000","","ONIONS","CHEMICAL, HERBICIDE","CHEMICAL, HERBICIDE: (DIMETHENAMID-P = 120051)"," (D)",""," (D)",""," (D)",""," (D)",""," (D)",""
"SURVEY","2016","YEAR","","STATE","WASHINGTON","53","","","","","","","00000000","","ONIONS","CHEMICAL, HERBICIDE","CHEMICAL, HERBICIDE: (ETHOFUMESATE = 110601)"," (D)",""," (D)",""," (D)",""," (D)",""," (D)",""
"SURVEY","2016","YEAR","","STATE","WASHINGTON","53","","","","","","","00000000","","ONIONS","CHEMICAL, HERBICIDE","CHEMICAL, HERBICIDE: (FLUAZIFOP-P-BUTYL = 122809)"," (D)",""," (D)",""," (D)",""," (D)",""," (D)",""
"SURVEY","2016","YEAR","","STATE","WASHINGTON","53","","","","","","","00000000","","ONIONS","CHEMICAL, HERBICIDE","CHEMICAL, HERBICIDE: (FLUROXYPYR 1-MHE = 128968)"," (D)",""," (D)",""," (D)",""," (D)",""," (D)",""
"SURVEY","2016","YEAR","","STATE","WASHINGTON","53","","","","","","","00000000","","ONIONS","CHEMICAL, HERBICIDE","CHEMICAL, HERBICIDE: (GLYPHOSATE ISO. SALT = 103601)"," (D)",""," (D)",""," (D)",""," (D)",""," (D)",""
"SURVEY","2016","YEAR","","STATE","WASHINGTON","53","","","","","","","00000000","","ONIONS","CHEMICAL, HERBICIDE","CHEMICAL, HERBICIDE: (GLYPHOSATE POT. SALT = 103613)"," (D)",""," (D)",""," (D)",""," (D)",""," (D)",""
"SURVEY","2016","YEAR","","STATE","WASHINGTON","53","","","","","","","00000000","","ONIONS","CHEMICAL, HERBICIDE","CHEMICAL, HERBICIDE: (MCPA, 2-ETHYLHEXYL = 30564)"," (D)",""," (D)",""," (D)",""," (D)",""," (D)",""
"SURVEY","2016","YEAR","","STATE","WASHINGTON","53","","","","","","","00000000","","ONIONS","CHEMICAL, HERBICIDE","CHEMICAL, HERBICIDE: (OXYFLUORFEN = 111601)"," (D)",""," (D)",""," (D)",""," (D)",""," (D)",""
"SURVEY","2016","YEAR","","STATE","WASHINGTON","53","","","","","","","00000000","","ONIONS","CHEMICAL, HERBICIDE","CHEMICAL, HERBICIDE: (PENDIMETHALIN = 108501)"," (D)",""," (D)",""," (D)",""," (D)",""," (D)",""
"SURVEY","2016","YEAR","","STATE","WASHINGTON","53","","","","","","","00000000","","ONIONS","CHEMICAL, HERBICIDE","CHEMICAL, HERBICIDE: (SETHOXYDIM = 121001)"," (D)",""," (D)",""," (D)",""," (D)",""," (D)",""
"SURVEY","2016","YEAR","","STATE","WASHINGTON","53","","","","","","","00000000","","ONIONS","CHEMICAL, HERBICIDE","CHEMICAL, HERBICIDE: (TOTAL)"," (D)","","","","","","",""," (D)",""
"SURVEY","2016","YEAR","","STATE","WASHINGTON","53","","","","","","","00000000","","ONIONS","CHEMICAL, INSECTICIDE","CHEMICAL, INSECTICIDE: (ABAMECTIN = 122804)"," (D)",""," (D)",""," (D)",""," (D)",""," (D)",""
"SURVEY","2016","YEAR","","STATE","WASHINGTON","53","","","","","","","00000000","","ONIONS","CHEMICAL, INSECTICIDE","CHEMICAL, INSECTICIDE: (BURKHOLDERIA A396 CELLS & MEDIA = 6534)"," (NA)",""," (NA)",""," (NA)",""," (D)",""," (D)",""
"SURVEY","2016","YEAR","","STATE","WASHINGTON","53","","","","","","","00000000","","ONIONS","CHEMICAL, INSECTICIDE","CHEMICAL, INSECTICIDE: (CHLORPYRIFOS = 59101)"," (D)",""," (D)",""," (D)",""," (D)",""," (D)",""
"SURVEY","2016","YEAR","","STATE","WASHINGTON","53","","","","","","","00000000","","ONIONS","CHEMICAL, INSECTICIDE","CHEMICAL, INSECTICIDE: (CYANTRANILIPROLE = 90098)"," (D)",""," (D)",""," (D)",""," (D)",""," (D)",""
"SURVEY","2016","YEAR","","STATE","WASHINGTON","53","","","","","","","00000000","","ONIONS","CHEMICAL, INSECTICIDE","CHEMICAL, INSECTICIDE: (DIAZINON = 57801)"," (D)",""," (D)",""," (D)",""," (D)",""," (D)",""
"SURVEY","2016","YEAR","","STATE","WASHINGTON","53","","","","","","","00000000","","ONIONS","CHEMICAL, INSECTICIDE","CHEMICAL, INSECTICIDE: (LAMBDA-CYHALOTHRIN = 128897)"," (D)",""," (D)",""," (D)",""," (D)",""," (D)",""
"SURVEY","2016","YEAR","","STATE","WASHINGTON","53","","","","","","","00000000","","ONIONS","CHEMICAL, INSECTICIDE","CHEMICAL, INSECTICIDE: (METHOMYL = 90301)"," (D)",""," (D)",""," (D)",""," (D)",""," (D)",""
"SURVEY","2016","YEAR","","STATE","WASHINGTON","53","","","","","","","00000000","","ONIONS","CHEMICAL, INSECTICIDE","CHEMICAL, INSECTICIDE: (OXAMYL = 103801)"," (D)",""," (D)",""," (D)",""," (D)",""," (D)",""
"SURVEY","2016","YEAR","","STATE","WASHINGTON","53","","","","","","","00000000","","ONIONS","CHEMICAL, INSECTICIDE","CHEMICAL, INSECTICIDE: (PERMETHRIN = 109701)"," (D)",""," (D)",""," (D)",""," (D)",""," (D)",""
"SURVEY","2016","YEAR","","STATE","WASHINGTON","53","","","","","","","00000000","","ONIONS","CHEMICAL, INSECTICIDE","CHEMICAL, INSECTICIDE: (SPINETORAM = 110007)"," (D)",""," (D)",""," (D)",""," (D)",""," (D)",""
"SURVEY","2016","YEAR","","STATE","WASHINGTON","53","","","","","","","00000000","","ONIONS","CHEMICAL, INSECTICIDE","CHEMICAL, INSECTICIDE: (SPIROTETRAMAT = 392201)"," (D)",""," (D)",""," (D)",""," (D)",""," (D)",""
"SURVEY","2016","YEAR","","STATE","WASHINGTON","53","","","","","","","00000000","","ONIONS","CHEMICAL, INSECTICIDE","CHEMICAL, INSECTICIDE: (TOTAL)"," (D)","","","","","","",""," (D)",""
"SURVEY","2016","YEAR","","STATE","WASHINGTON","53","","","","","","","00000000","","ONIONS","CHEMICAL, INSECTICIDE","CHEMICAL, INSECTICIDE: (ZETA-CYPERMETHRIN = 129064)"," (D)",""," (D)",""," (D)",""," (D)",""," (D)",""
"SURVEY","2016","YEAR","","STATE","WASHINGTON","53","","","","","","","00000000","","ONIONS","CHEMICAL, OTHER","CHEMICAL, OTHER: (CHLOROPICRIN = 81501)"," (D)",""," (D)",""," (D)",""," (D)",""," (D)",""
"SURVEY","2016","YEAR","","STATE","WASHINGTON","53","","","","","","","00000000","","ONIONS","CHEMICAL, OTHER","CHEMICAL, OTHER: (CUPRAMMONIUM ACETATE = 36011)"," (D)",""," (D)",""," (D)",""," (D)",""," (D)",""
"SURVEY","2016","YEAR","","STATE","WASHINGTON","53","","","","","","","00000000","","ONIONS","CHEMICAL, OTHER","CHEMICAL, OTHER: (DICHLOROPROPENE = 29001)"," (D)",""," (D)",""," (D)",""," (D)",""," (D)",""
"SURVEY","2016","YEAR","","STATE","WASHINGTON","53","","","","","","","00000000","","ONIONS","CHEMICAL, OTHER","CHEMICAL, OTHER: (HYDROGEN PEROXIDE = 595)"," (D)",""," (D)",""," (D)",""," (D)",""," (D)",""
"SURVEY","2016","YEAR","","STATE","WASHINGTON","53","","","","","","","00000000","","ONIONS","CHEMICAL, OTHER","CHEMICAL, OTHER: (MALEIC HYDRAZIDE, POTASSIUM SALT = 51503)"," (D)",""," (D)",""," (D)",""," (D)",""," (D)",""
"SURVEY","2016","YEAR","","STATE","WASHINGTON","53","","","","","","","00000000","","ONIONS","CHEMICAL, OTHER","CHEMICAL, OTHER: (METAM-POTASSIUM = 39002)"," (D)",""," (D)",""," (D)",""," (D)",""," (D)",""
"SURVEY","2016","YEAR","","STATE","WASHINGTON","53","","","","","","","00000000","","ONIONS","CHEMICAL, OTHER","CHEMICAL, OTHER: (METAM-SODIUM = 39003)"," (D)",""," (D)",""," (D)",""," (D)",""," (D)",""
"SURVEY","2016","YEAR","","STATE","WASHINGTON","53","","","","","","","00000000","","ONIONS","CHEMICAL, OTHER","CHEMICAL, OTHER: (REYNOUTRIA SACHALINE = 55809)"," (D)",""," (D)",""," (D)",""," (D)",""," (D)",""
"SURVEY","2016","YEAR","","STATE","WASHINGTON","53","","","","","","","00000000","","ONIONS","CHEMICAL, OTHER","CHEMICAL, OTHER: (TOTAL)"," (D)","","","","","","",""," (D)",""
