"Program","Year","Period","Week Ending","Geo Level","State","State ANSI","Ag District","Ag District Code","County","County ANSI","Zip Code","Region","watershed_code","Watershed","Commodity","Domain","Domain Category","PEPPERS, BELL - APPLICATIONS, MEASURED IN LB  -  <b>VALUE</b>","PEPPERS, BELL - APPLICATIONS, MEASURED IN LB  -  <b>CV (%)</b>","PEPPERS, BELL - APPLICATIONS, MEASURED IN LB / ACRE / APPLICATION, AVG  -  <b>VALUE</b>","PEPPERS, BELL - APPLICATIONS, MEASURED IN LB / ACRE / APPLICATION, AVG  -  <b>CV (%)</b>","PEPPERS, BELL - APPLICATIONS, MEASURED IN LB / ACRE / YEAR, AVG  -  <b>VALUE</b>","PEPPERS, BELL - APPLICATIONS, MEASURED IN LB / ACRE / YEAR, AVG  -  <b>CV (%)</b>","PEPPERS, BELL - APPLICATIONS, MEASURED IN NUMBER, AVG  -  <b>VALUE</b>","PEPPERS, BELL - APPLICATIONS, MEASURED IN NUMBER, AVG  -  <b>CV (%)</b>","PEPPERS, BELL - TREATED, MEASURED IN PCT OF AREA PLANTED, AVG  -  <b>VALUE</b>","PEPPERS, BELL - TREATED, MEASURED IN PCT OF AREA PLANTED, AVG  -  <b>CV (%)</b>"
"SURVEY","2016","YEAR","","REGION : MULTI-STATE","","","","","","","","PROGRAM STATES","00000000","","PEPPERS","CHEMICAL, FUNGICIDE","CHEMICAL, FUNGICIDE: (AMETOCTRADIN = 119210)"," (D)",""," (D)",""," (D)",""," (D)",""," (D)",""
"SURVEY","2016","YEAR","","REGION : MULTI-STATE","","","","","","","","PROGRAM STATES","00000000","","PEPPERS","CHEMICAL, FUNGICIDE","CHEMICAL, FUNGICIDE: (AZOXYSTROBIN = 128810)","3,500","","0.14","","0.237","","1.7","","36",""
"SURVEY","2016","YEAR","","REGION : MULTI-STATE","","","","","","","","PROGRAM STATES","00000000","","PEPPERS","CHEMICAL, FUNGICIDE","CHEMICAL, FUNGICIDE: (BACILLUS AMYLOLIQUEFACIENS STRAIN D747 = 16482)"," (NA)",""," (NA)",""," (NA)",""," (D)",""," (D)",""
"SURVEY","2016","YEAR","","REGION : MULTI-STATE","","","","","","","","PROGRAM STATES","00000000","","PEPPERS","CHEMICAL, FUNGICIDE","CHEMICAL, FUNGICIDE: (BACILLUS SUBTILIS = 6479)"," (NA)",""," (NA)",""," (NA)",""," (D)",""," (D)",""
"SURVEY","2016","YEAR","","REGION : MULTI-STATE","","","","","","","","PROGRAM STATES","00000000","","PEPPERS","CHEMICAL, FUNGICIDE","CHEMICAL, FUNGICIDE: (BASIC COPPER SULFATE = 8101)","3,000","","0.41","","3.875","","9.5","","2",""
"SURVEY","2016","YEAR","","REGION : MULTI-STATE","","","","","","","","PROGRAM STATES","00000000","","PEPPERS","CHEMICAL, FUNGICIDE","CHEMICAL, FUNGICIDE: (BOSCALID = 128008)"," (D)",""," (D)",""," (D)",""," (D)",""," (D)",""
"SURVEY","2016","YEAR","","REGION : MULTI-STATE","","","","","","","","PROGRAM STATES","00000000","","PEPPERS","CHEMICAL, FUNGICIDE","CHEMICAL, FUNGICIDE: (CHLOROTHALONIL = 81901)","26,800","","0.991","","3.312","","3.3","","19",""
"SURVEY","2016","YEAR","","REGION : MULTI-STATE","","","","","","","","PROGRAM STATES","00000000","","PEPPERS","CHEMICAL, FUNGICIDE","CHEMICAL, FUNGICIDE: (COPPER CHLORIDE HYD. = 23501)","1,200","","0.139","","0.424","","3.1","","7",""
"SURVEY","2016","YEAR","","REGION : MULTI-STATE","","","","","","","","PROGRAM STATES","00000000","","PEPPERS","CHEMICAL, FUNGICIDE","CHEMICAL, FUNGICIDE: (COPPER HYDROXIDE = 23401)","38,100","","0.53","","1.818","","3.4","","50",""
"SURVEY","2016","YEAR","","REGION : MULTI-STATE","","","","","","","","PROGRAM STATES","00000000","","PEPPERS","CHEMICAL, FUNGICIDE","CHEMICAL, FUNGICIDE: (COPPER OCTANOATE = 23306)"," (D)",""," (D)",""," (D)",""," (D)",""," (D)",""
"SURVEY","2016","YEAR","","REGION : MULTI-STATE","","","","","","","","PROGRAM STATES","00000000","","PEPPERS","CHEMICAL, FUNGICIDE","CHEMICAL, FUNGICIDE: (COPPER OXIDE = 25601)","10,400","","0.835","","4.848","","5.8","","5",""
"SURVEY","2016","YEAR","","REGION : MULTI-STATE","","","","","","","","PROGRAM STATES","00000000","","PEPPERS","CHEMICAL, FUNGICIDE","CHEMICAL, FUNGICIDE: (COPPER SULFATE = 24401)"," (D)",""," (D)",""," (D)",""," (D)",""," (D)",""
"SURVEY","2016","YEAR","","REGION : MULTI-STATE","","","","","","","","PROGRAM STATES","00000000","","PEPPERS","CHEMICAL, FUNGICIDE","CHEMICAL, FUNGICIDE: (CYAZOFAMID = 85651)","100","","0.075","","0.112","","1.5","","2",""
"SURVEY","2016","YEAR","","REGION : MULTI-STATE","","","","","","","","PROGRAM STATES","00000000","","PEPPERS","CHEMICAL, FUNGICIDE","CHEMICAL, FUNGICIDE: (CYMOXANIL = 129106)","100","","0.135","","0.321","","2.4","","1",""
"SURVEY","2016","YEAR","","REGION : MULTI-STATE","","","","","","","","PROGRAM STATES","00000000","","PEPPERS","CHEMICAL, FUNGICIDE","CHEMICAL, FUNGICIDE: (CYPRODINIL = 288202)"," (D)",""," (D)",""," (D)",""," (D)",""," (D)",""
"SURVEY","2016","YEAR","","REGION : MULTI-STATE","","","","","","","","PROGRAM STATES","00000000","","PEPPERS","CHEMICAL, FUNGICIDE","CHEMICAL, FUNGICIDE: (DIFENOCONAZOLE = 128847)","1,500","","0.091","","0.127","","1.4","","30",""
"SURVEY","2016","YEAR","","REGION : MULTI-STATE","","","","","","","","PROGRAM STATES","00000000","","PEPPERS","CHEMICAL, FUNGICIDE","CHEMICAL, FUNGICIDE: (DIMETHOMORPH = 268800)"," (D)",""," (D)",""," (D)",""," (D)",""," (D)",""
"SURVEY","2016","YEAR","","REGION : MULTI-STATE","","","","","","","","PROGRAM STATES","00000000","","PEPPERS","CHEMICAL, FUNGICIDE","CHEMICAL, FUNGICIDE: (FAMOXADONE = 113202)","100","","0.135","","0.321","","2.4","","1",""
"SURVEY","2016","YEAR","","REGION : MULTI-STATE","","","","","","","","PROGRAM STATES","00000000","","PEPPERS","CHEMICAL, FUNGICIDE","CHEMICAL, FUNGICIDE: (FENAMIDONE = 46679)"," (D)",""," (D)",""," (D)",""," (D)",""," (D)",""
"SURVEY","2016","YEAR","","REGION : MULTI-STATE","","","","","","","","PROGRAM STATES","00000000","","PEPPERS","CHEMICAL, FUNGICIDE","CHEMICAL, FUNGICIDE: (FLUDIOXONIL = 71503)"," (D)",""," (D)",""," (D)",""," (D)",""," (D)",""
"SURVEY","2016","YEAR","","REGION : MULTI-STATE","","","","","","","","PROGRAM STATES","00000000","","PEPPERS","CHEMICAL, FUNGICIDE","CHEMICAL, FUNGICIDE: (FLUOPICOLIDE = 27412)","200","","0.124","","0.175","","1.4","","3",""
"SURVEY","2016","YEAR","","REGION : MULTI-STATE","","","","","","","","PROGRAM STATES","00000000","","PEPPERS","CHEMICAL, FUNGICIDE","CHEMICAL, FUNGICIDE: (FLUOPYRAM = 80302)"," (D)",""," (D)",""," (D)",""," (D)",""," (D)",""
"SURVEY","2016","YEAR","","REGION : MULTI-STATE","","","","","","","","PROGRAM STATES","00000000","","PEPPERS","CHEMICAL, FUNGICIDE","CHEMICAL, FUNGICIDE: (FLUXAPYROXAD = 138009)"," (D)",""," (D)",""," (D)",""," (D)",""," (D)",""
"SURVEY","2016","YEAR","","REGION : MULTI-STATE","","","","","","","","PROGRAM STATES","00000000","","PEPPERS","CHEMICAL, FUNGICIDE","CHEMICAL, FUNGICIDE: (MANCOZEB = 14504)","42,300","","0.997","","2.914","","2.9","","36",""
"SURVEY","2016","YEAR","","REGION : MULTI-STATE","","","","","","","","PROGRAM STATES","00000000","","PEPPERS","CHEMICAL, FUNGICIDE","CHEMICAL, FUNGICIDE: (MANDIPROPAMIDE TECHN = 36602)"," (D)",""," (D)",""," (D)",""," (D)",""," (D)",""
"SURVEY","2016","YEAR","","REGION : MULTI-STATE","","","","","","","","PROGRAM STATES","00000000","","PEPPERS","CHEMICAL, FUNGICIDE","CHEMICAL, FUNGICIDE: (MANEB = 14505)"," (D)",""," (D)",""," (D)",""," (D)",""," (D)",""
"SURVEY","2016","YEAR","","REGION : MULTI-STATE","","","","","","","","PROGRAM STATES","00000000","","PEPPERS","CHEMICAL, FUNGICIDE","CHEMICAL, FUNGICIDE: (MEFENOXAM = 113502)","3,900","","0.294","","0.446","","1.5","","21",""
"SURVEY","2016","YEAR","","REGION : MULTI-STATE","","","","","","","","PROGRAM STATES","00000000","","PEPPERS","CHEMICAL, FUNGICIDE","CHEMICAL, FUNGICIDE: (MONO-POTASSIUM SALT = 76416)","1,600","","2.077","","3.3","","1.6","","1",""
"SURVEY","2016","YEAR","","REGION : MULTI-STATE","","","","","","","","PROGRAM STATES","00000000","","PEPPERS","CHEMICAL, FUNGICIDE","CHEMICAL, FUNGICIDE: (MYCLOBUTANIL = 128857)"," (D)",""," (D)",""," (D)",""," (D)",""," (D)",""
"SURVEY","2016","YEAR","","REGION : MULTI-STATE","","","","","","","","PROGRAM STATES","00000000","","PEPPERS","CHEMICAL, FUNGICIDE","CHEMICAL, FUNGICIDE: (OXATHIAPIPROLIN = 128111)"," (D)",""," (D)",""," (D)",""," (D)",""," (D)",""
"SURVEY","2016","YEAR","","REGION : MULTI-STATE","","","","","","","","PROGRAM STATES","00000000","","PEPPERS","CHEMICAL, FUNGICIDE","CHEMICAL, FUNGICIDE: (PENTHIOPYRAD = 90112)","1,500","","0.264","","0.405","","1.5","","9",""
"SURVEY","2016","YEAR","","REGION : MULTI-STATE","","","","","","","","PROGRAM STATES","00000000","","PEPPERS","CHEMICAL, FUNGICIDE","CHEMICAL, FUNGICIDE: (PROPAMOCARB HYDROCH. = 119302)","12,400","","0.782","","2.366","","3","","13",""
"SURVEY","2016","YEAR","","REGION : MULTI-STATE","","","","","","","","PROGRAM STATES","00000000","","PEPPERS","CHEMICAL, FUNGICIDE","CHEMICAL, FUNGICIDE: (PYRACLOSTROBIN = 99100)","3,100","","0.131","","0.281","","2.2","","27",""
"SURVEY","2016","YEAR","","REGION : MULTI-STATE","","","","","","","","PROGRAM STATES","00000000","","PEPPERS","CHEMICAL, FUNGICIDE","CHEMICAL, FUNGICIDE: (QUINOLINE = 55459)","600","","0.089","","0.125","","1.4","","12",""
"SURVEY","2016","YEAR","","REGION : MULTI-STATE","","","","","","","","PROGRAM STATES","00000000","","PEPPERS","CHEMICAL, FUNGICIDE","CHEMICAL, FUNGICIDE: (STREPTOMYCES LYDICUS = 6327)"," (NA)",""," (NA)",""," (NA)",""," (D)",""," (D)",""
"SURVEY","2016","YEAR","","REGION : MULTI-STATE","","","","","","","","PROGRAM STATES","00000000","","PEPPERS","CHEMICAL, FUNGICIDE","CHEMICAL, FUNGICIDE: (SULFUR = 77501)"," (D)",""," (D)",""," (D)",""," (D)",""," (D)",""
"SURVEY","2016","YEAR","","REGION : MULTI-STATE","","","","","","","","PROGRAM STATES","00000000","","PEPPERS","CHEMICAL, FUNGICIDE","CHEMICAL, FUNGICIDE: (TEBUCONAZOLE = 128997)"," (D)",""," (D)",""," (D)",""," (D)",""," (D)",""
"SURVEY","2016","YEAR","","REGION : MULTI-STATE","","","","","","","","PROGRAM STATES","00000000","","PEPPERS","CHEMICAL, FUNGICIDE","CHEMICAL, FUNGICIDE: (THIOPHANATE-METHYL = 102001)"," (D)",""," (D)",""," (D)",""," (D)",""," (D)",""
"SURVEY","2016","YEAR","","REGION : MULTI-STATE","","","","","","","","PROGRAM STATES","00000000","","PEPPERS","CHEMICAL, FUNGICIDE","CHEMICAL, FUNGICIDE: (TOTAL)","439,200","","","","","","","","84",""
"SURVEY","2016","YEAR","","REGION : MULTI-STATE","","","","","","","","PROGRAM STATES","00000000","","PEPPERS","CHEMICAL, FUNGICIDE","CHEMICAL, FUNGICIDE: (TRIFLOXYSTROBIN = 129112)"," (D)",""," (D)",""," (D)",""," (D)",""," (D)",""
"SURVEY","2016","YEAR","","REGION : MULTI-STATE","","","","","","","","PROGRAM STATES","00000000","","PEPPERS","CHEMICAL, HERBICIDE","CHEMICAL, HERBICIDE: (CARFENTRAZONE-ETHYL = 128712)"," (D)",""," (D)",""," (D)",""," (D)",""," (D)",""
"SURVEY","2016","YEAR","","REGION : MULTI-STATE","","","","","","","","PROGRAM STATES","00000000","","PEPPERS","CHEMICAL, HERBICIDE","CHEMICAL, HERBICIDE: (CLETHODIM = 121011)"," (D)",""," (D)",""," (D)",""," (D)",""," (D)",""
"SURVEY","2016","YEAR","","REGION : MULTI-STATE","","","","","","","","PROGRAM STATES","00000000","","PEPPERS","CHEMICAL, HERBICIDE","CHEMICAL, HERBICIDE: (CLOMAZONE = 125401)"," (D)",""," (D)",""," (D)",""," (D)",""," (D)",""
"SURVEY","2016","YEAR","","REGION : MULTI-STATE","","","","","","","","PROGRAM STATES","00000000","","PEPPERS","CHEMICAL, HERBICIDE","CHEMICAL, HERBICIDE: (FLUMIOXAZIN = 129034)"," (D)",""," (D)",""," (D)",""," (D)",""," (D)",""
"SURVEY","2016","YEAR","","REGION : MULTI-STATE","","","","","","","","PROGRAM STATES","00000000","","PEPPERS","CHEMICAL, HERBICIDE","CHEMICAL, HERBICIDE: (FOMESAFEN SODIUM = 123802)"," (D)",""," (D)",""," (D)",""," (D)",""," (D)",""
"SURVEY","2016","YEAR","","REGION : MULTI-STATE","","","","","","","","PROGRAM STATES","00000000","","PEPPERS","CHEMICAL, HERBICIDE","CHEMICAL, HERBICIDE: (GLYPHOSATE ISO. SALT = 103601)","3,800","","1.53","","1.941","","1.3","","5",""
"SURVEY","2016","YEAR","","REGION : MULTI-STATE","","","","","","","","PROGRAM STATES","00000000","","PEPPERS","CHEMICAL, HERBICIDE","CHEMICAL, HERBICIDE: (GLYPHOSATE POT. SALT = 103613)"," (D)",""," (D)",""," (D)",""," (D)",""," (D)",""
"SURVEY","2016","YEAR","","REGION : MULTI-STATE","","","","","","","","PROGRAM STATES","00000000","","PEPPERS","CHEMICAL, HERBICIDE","CHEMICAL, HERBICIDE: (HALOSULFURON-METHYL = 128721)"," (D)",""," (D)",""," (D)",""," (D)",""," (D)",""
"SURVEY","2016","YEAR","","REGION : MULTI-STATE","","","","","","","","PROGRAM STATES","00000000","","PEPPERS","CHEMICAL, HERBICIDE","CHEMICAL, HERBICIDE: (METRIBUZIN = 101101)"," (D)",""," (D)",""," (D)",""," (D)",""," (D)",""
"SURVEY","2016","YEAR","","REGION : MULTI-STATE","","","","","","","","PROGRAM STATES","00000000","","PEPPERS","CHEMICAL, HERBICIDE","CHEMICAL, HERBICIDE: (NAPROPAMIDE = 103001)","9,800","","1.618","","1.825","","1.1","","13",""
"SURVEY","2016","YEAR","","REGION : MULTI-STATE","","","","","","","","PROGRAM STATES","00000000","","PEPPERS","CHEMICAL, HERBICIDE","CHEMICAL, HERBICIDE: (OXYFLUORFEN = 111601)","1,400","","0.274","","0.551","","2","","6",""
"SURVEY","2016","YEAR","","REGION : MULTI-STATE","","","","","","","","PROGRAM STATES","00000000","","PEPPERS","CHEMICAL, HERBICIDE","CHEMICAL, HERBICIDE: (PARAQUAT = 61601)","1,000","","0.54","","0.594","","1.1","","4",""
"SURVEY","2016","YEAR","","REGION : MULTI-STATE","","","","","","","","PROGRAM STATES","00000000","","PEPPERS","CHEMICAL, HERBICIDE","CHEMICAL, HERBICIDE: (PENDIMETHALIN = 108501)","3,700","","0.788","","1.047","","1.3","","8",""
"SURVEY","2016","YEAR","","REGION : MULTI-STATE","","","","","","","","PROGRAM STATES","00000000","","PEPPERS","CHEMICAL, HERBICIDE","CHEMICAL, HERBICIDE: (PYRAFLUFEN-ETHYL = 30090)"," (D)",""," (D)",""," (D)",""," (D)",""," (D)",""
"SURVEY","2016","YEAR","","REGION : MULTI-STATE","","","","","","","","PROGRAM STATES","00000000","","PEPPERS","CHEMICAL, HERBICIDE","CHEMICAL, HERBICIDE: (S-METOLACHLOR = 108800)","6,500","","1.271","","1.373","","1.1","","11",""
"SURVEY","2016","YEAR","","REGION : MULTI-STATE","","","","","","","","PROGRAM STATES","00000000","","PEPPERS","CHEMICAL, HERBICIDE","CHEMICAL, HERBICIDE: (TOTAL)","38,000","","","","","","","","44",""
"SURVEY","2016","YEAR","","REGION : MULTI-STATE","","","","","","","","PROGRAM STATES","00000000","","PEPPERS","CHEMICAL, HERBICIDE","CHEMICAL, HERBICIDE: (TRIFLURALIN = 36101)"," (D)",""," (D)",""," (D)",""," (D)",""," (D)",""
"SURVEY","2016","YEAR","","REGION : MULTI-STATE","","","","","","","","PROGRAM STATES","00000000","","PEPPERS","CHEMICAL, INSECTICIDE","CHEMICAL, INSECTICIDE: (ABAMECTIN = 122804)","200","","0.015","","0.023","","1.5","","17",""
"SURVEY","2016","YEAR","","REGION : MULTI-STATE","","","","","","","","PROGRAM STATES","00000000","","PEPPERS","CHEMICAL, INSECTICIDE","CHEMICAL, INSECTICIDE: (ACEPHATE = 103301)","3,900","","0.811","","1.142","","1.4","","8",""
"SURVEY","2016","YEAR","","REGION : MULTI-STATE","","","","","","","","PROGRAM STATES","00000000","","PEPPERS","CHEMICAL, INSECTICIDE","CHEMICAL, INSECTICIDE: (ACEQUINOCYL = 6329)"," (D)",""," (D)",""," (D)",""," (D)",""," (D)",""
"SURVEY","2016","YEAR","","REGION : MULTI-STATE","","","","","","","","PROGRAM STATES","00000000","","PEPPERS","CHEMICAL, INSECTICIDE","CHEMICAL, INSECTICIDE: (ACETAMIPRID = 99050)"," (D)",""," (D)",""," (D)",""," (D)",""," (D)",""
"SURVEY","2016","YEAR","","REGION : MULTI-STATE","","","","","","","","PROGRAM STATES","00000000","","PEPPERS","CHEMICAL, INSECTICIDE","CHEMICAL, INSECTICIDE: (ALUMINUM PHOSPHIDE = 66501)"," (D)",""," (D)",""," (D)",""," (D)",""," (D)",""
"SURVEY","2016","YEAR","","REGION : MULTI-STATE","","","","","","","","PROGRAM STATES","00000000","","PEPPERS","CHEMICAL, INSECTICIDE","CHEMICAL, INSECTICIDE: (AZADIRACHTIN = 121701)"," (D)",""," (D)",""," (D)",""," (D)",""," (D)",""
"SURVEY","2016","YEAR","","REGION : MULTI-STATE","","","","","","","","PROGRAM STATES","00000000","","PEPPERS","CHEMICAL, INSECTICIDE","CHEMICAL, INSECTICIDE: (BETA-CYFLUTHRIN = 118831)","200","","0.022","","0.032","","1.5","","17",""
"SURVEY","2016","YEAR","","REGION : MULTI-STATE","","","","","","","","PROGRAM STATES","00000000","","PEPPERS","CHEMICAL, INSECTICIDE","CHEMICAL, INSECTICIDE: (BIFENAZATE = 586)"," (D)",""," (D)",""," (D)",""," (D)",""," (D)",""
"SURVEY","2016","YEAR","","REGION : MULTI-STATE","","","","","","","","PROGRAM STATES","00000000","","PEPPERS","CHEMICAL, INSECTICIDE","CHEMICAL, INSECTICIDE: (BIFENTHRIN = 128825)","1,400","","0.079","","0.125","","1.6","","25",""
"SURVEY","2016","YEAR","","REGION : MULTI-STATE","","","","","","","","PROGRAM STATES","00000000","","PEPPERS","CHEMICAL, INSECTICIDE","CHEMICAL, INSECTICIDE: (BT KURSTAK ABTS-1857 = 6523)"," (NA)",""," (NA)",""," (NA)",""," (D)",""," (D)",""
"SURVEY","2016","YEAR","","REGION : MULTI-STATE","","","","","","","","PROGRAM STATES","00000000","","PEPPERS","CHEMICAL, INSECTICIDE","CHEMICAL, INSECTICIDE: (BT KURSTAKI ABTS-351 = 6522)"," (NA)",""," (NA)",""," (NA)",""," (D)",""," (D)",""
"SURVEY","2016","YEAR","","REGION : MULTI-STATE","","","","","","","","PROGRAM STATES","00000000","","PEPPERS","CHEMICAL, INSECTICIDE","CHEMICAL, INSECTICIDE: (BUPROFEZIN = 275100)"," (D)",""," (D)",""," (D)",""," (D)",""," (D)",""
"SURVEY","2016","YEAR","","REGION : MULTI-STATE","","","","","","","","PROGRAM STATES","00000000","","PEPPERS","CHEMICAL, INSECTICIDE","CHEMICAL, INSECTICIDE: (CARBARYL = 56801)"," (D)",""," (D)",""," (D)",""," (D)",""," (D)",""
"SURVEY","2016","YEAR","","REGION : MULTI-STATE","","","","","","","","PROGRAM STATES","00000000","","PEPPERS","CHEMICAL, INSECTICIDE","CHEMICAL, INSECTICIDE: (CHLORANTRANILIPROLE = 90100)","2,100","","0.056","","0.103","","1.9","","49",""
"SURVEY","2016","YEAR","","REGION : MULTI-STATE","","","","","","","","PROGRAM STATES","00000000","","PEPPERS","CHEMICAL, INSECTICIDE","CHEMICAL, INSECTICIDE: (CLOTHIANIDIN = 44309)"," (D)",""," (D)",""," (D)",""," (D)",""," (D)",""
"SURVEY","2016","YEAR","","REGION : MULTI-STATE","","","","","","","","PROGRAM STATES","00000000","","PEPPERS","CHEMICAL, INSECTICIDE","CHEMICAL, INSECTICIDE: (CRYOLITE = 75101)"," (D)",""," (D)",""," (D)",""," (D)",""," (D)",""
"SURVEY","2016","YEAR","","REGION : MULTI-STATE","","","","","","","","PROGRAM STATES","00000000","","PEPPERS","CHEMICAL, INSECTICIDE","CHEMICAL, INSECTICIDE: (CYANTRANILIPROLE = 90098)"," (D)",""," (D)",""," (D)",""," (D)",""," (D)",""
"SURVEY","2016","YEAR","","REGION : MULTI-STATE","","","","","","","","PROGRAM STATES","00000000","","PEPPERS","CHEMICAL, INSECTICIDE","CHEMICAL, INSECTICIDE: (CYFLUTHRIN = 128831)","100","","0.032","","0.092","","2.9","","4",""
"SURVEY","2016","YEAR","","REGION : MULTI-STATE","","","","","","","","PROGRAM STATES","00000000","","PEPPERS","CHEMICAL, INSECTICIDE","CHEMICAL, INSECTICIDE: (DIFLUBENZURON = 108201)"," (D)",""," (D)",""," (D)",""," (D)",""," (D)",""
"SURVEY","2016","YEAR","","REGION : MULTI-STATE","","","","","","","","PROGRAM STATES","00000000","","PEPPERS","CHEMICAL, INSECTICIDE","CHEMICAL, INSECTICIDE: (DIMETHOATE = 35001)","1,700","","0.247","","0.426","","1.7","","10",""
"SURVEY","2016","YEAR","","REGION : MULTI-STATE","","","","","","","","PROGRAM STATES","00000000","","PEPPERS","CHEMICAL, INSECTICIDE","CHEMICAL, INSECTICIDE: (DINOTEFURAN = 44312)","2,200","","0.17","","0.375","","2.2","","14",""
"SURVEY","2016","YEAR","","REGION : MULTI-STATE","","","","","","","","PROGRAM STATES","00000000","","PEPPERS","CHEMICAL, INSECTICIDE","CHEMICAL, INSECTICIDE: (EMAMECTIN BENZOATE = 122806)","100","","0.012","","0.022","","1.8","","6",""
"SURVEY","2016","YEAR","","REGION : MULTI-STATE","","","","","","","","PROGRAM STATES","00000000","","PEPPERS","CHEMICAL, INSECTICIDE","CHEMICAL, INSECTICIDE: (ESFENVALERATE = 109303)","100","","0.043","","0.072","","1.7","","4",""
"SURVEY","2016","YEAR","","REGION : MULTI-STATE","","","","","","","","PROGRAM STATES","00000000","","PEPPERS","CHEMICAL, INSECTICIDE","CHEMICAL, INSECTICIDE: (FENPYROXIMATE = 129131)","1,000","","0.084","","0.123","","1.5","","19",""
"SURVEY","2016","YEAR","","REGION : MULTI-STATE","","","","","","","","PROGRAM STATES","00000000","","PEPPERS","CHEMICAL, INSECTICIDE","CHEMICAL, INSECTICIDE: (FLONICAMID = 128016)"," (D)",""," (D)",""," (D)",""," (D)",""," (D)",""
"SURVEY","2016","YEAR","","REGION : MULTI-STATE","","","","","","","","PROGRAM STATES","00000000","","PEPPERS","CHEMICAL, INSECTICIDE","CHEMICAL, INSECTICIDE: (FLUBENDIAMIDE = 27602)","400","","0.045","","0.072","","1.6","","14",""
"SURVEY","2016","YEAR","","REGION : MULTI-STATE","","","","","","","","PROGRAM STATES","00000000","","PEPPERS","CHEMICAL, INSECTICIDE","CHEMICAL, INSECTICIDE: (FLUPYRADIFURONE = 122304)","400","","0.169","","0.198","","1.2","","5",""
"SURVEY","2016","YEAR","","REGION : MULTI-STATE","","","","","","","","PROGRAM STATES","00000000","","PEPPERS","CHEMICAL, INSECTICIDE","CHEMICAL, INSECTICIDE: (HEXYTHIAZOX = 128849)"," (D)",""," (D)",""," (D)",""," (D)",""," (D)",""
"SURVEY","2016","YEAR","","REGION : MULTI-STATE","","","","","","","","PROGRAM STATES","00000000","","PEPPERS","CHEMICAL, INSECTICIDE","CHEMICAL, INSECTICIDE: (IMIDACLOPRID = 129099)","4,400","","0.246","","0.367","","1.5","","29",""
"SURVEY","2016","YEAR","","REGION : MULTI-STATE","","","","","","","","PROGRAM STATES","00000000","","PEPPERS","CHEMICAL, INSECTICIDE","CHEMICAL, INSECTICIDE: (INDOXACARB = 67710)","200","","0.061","","0.11","","1.8","","5",""
"SURVEY","2016","YEAR","","REGION : MULTI-STATE","","","","","","","","PROGRAM STATES","00000000","","PEPPERS","CHEMICAL, INSECTICIDE","CHEMICAL, INSECTICIDE: (KAOLIN = 100104)"," (D)",""," (D)",""," (D)",""," (D)",""," (D)",""
"SURVEY","2016","YEAR","","REGION : MULTI-STATE","","","","","","","","PROGRAM STATES","00000000","","PEPPERS","CHEMICAL, INSECTICIDE","CHEMICAL, INSECTICIDE: (LAMBDA-CYHALOTHRIN = 128897)","300","","0.028","","0.055","","1.9","","12",""
"SURVEY","2016","YEAR","","REGION : MULTI-STATE","","","","","","","","PROGRAM STATES","00000000","","PEPPERS","CHEMICAL, INSECTICIDE","CHEMICAL, INSECTICIDE: (MALATHION = 57701)"," (D)",""," (D)",""," (D)",""," (D)",""," (D)",""
"SURVEY","2016","YEAR","","REGION : MULTI-STATE","","","","","","","","PROGRAM STATES","00000000","","PEPPERS","CHEMICAL, INSECTICIDE","CHEMICAL, INSECTICIDE: (METHOMYL = 90301)","1,500","","0.36","","0.939","","2.6","","4",""
"SURVEY","2016","YEAR","","REGION : MULTI-STATE","","","","","","","","PROGRAM STATES","00000000","","PEPPERS","CHEMICAL, INSECTICIDE","CHEMICAL, INSECTICIDE: (METHOXYFENOZIDE = 121027)","5,700","","0.126","","0.561","","4.5","","22",""
"SURVEY","2016","YEAR","","REGION : MULTI-STATE","","","","","","","","PROGRAM STATES","00000000","","PEPPERS","CHEMICAL, INSECTICIDE","CHEMICAL, INSECTICIDE: (NEEM OIL = 25006)"," (D)",""," (D)",""," (D)",""," (D)",""," (D)",""
"SURVEY","2016","YEAR","","REGION : MULTI-STATE","","","","","","","","PROGRAM STATES","00000000","","PEPPERS","CHEMICAL, INSECTICIDE","CHEMICAL, INSECTICIDE: (NOVALURON = 124002)","200","","0.075","","0.114","","1.5","","4",""
"SURVEY","2016","YEAR","","REGION : MULTI-STATE","","","","","","","","PROGRAM STATES","00000000","","PEPPERS","CHEMICAL, INSECTICIDE","CHEMICAL, INSECTICIDE: (OXAMYL = 103801)"," (D)",""," (D)",""," (D)",""," (D)",""," (D)",""
"SURVEY","2016","YEAR","","REGION : MULTI-STATE","","","","","","","","PROGRAM STATES","00000000","","PEPPERS","CHEMICAL, INSECTICIDE","CHEMICAL, INSECTICIDE: (PERMETHRIN = 109701)","100","","0.19","","0.308","","1.6","","1",""
"SURVEY","2016","YEAR","","REGION : MULTI-STATE","","","","","","","","PROGRAM STATES","00000000","","PEPPERS","CHEMICAL, INSECTICIDE","CHEMICAL, INSECTICIDE: (PETROLEUM DISTILLATE = 63503)"," (D)",""," (D)",""," (D)",""," (D)",""," (D)",""
"SURVEY","2016","YEAR","","REGION : MULTI-STATE","","","","","","","","PROGRAM STATES","00000000","","PEPPERS","CHEMICAL, INSECTICIDE","CHEMICAL, INSECTICIDE: (POTASSIUM SALTS = 79021)"," (D)",""," (D)",""," (D)",""," (D)",""," (D)",""
"SURVEY","2016","YEAR","","REGION : MULTI-STATE","","","","","","","","PROGRAM STATES","00000000","","PEPPERS","CHEMICAL, INSECTICIDE","CHEMICAL, INSECTICIDE: (PYMETROZINE = 101103)"," (D)",""," (D)",""," (D)",""," (D)",""," (D)",""
"SURVEY","2016","YEAR","","REGION : MULTI-STATE","","","","","","","","PROGRAM STATES","00000000","","PEPPERS","CHEMICAL, INSECTICIDE","CHEMICAL, INSECTICIDE: (PYRETHRINS = 69001)"," (D)",""," (D)",""," (D)",""," (D)",""," (D)",""
"SURVEY","2016","YEAR","","REGION : MULTI-STATE","","","","","","","","PROGRAM STATES","00000000","","PEPPERS","CHEMICAL, INSECTICIDE","CHEMICAL, INSECTICIDE: (PYRIPROXYFEN = 129032)"," (D)",""," (D)",""," (D)",""," (D)",""," (D)",""
"SURVEY","2016","YEAR","","REGION : MULTI-STATE","","","","","","","","PROGRAM STATES","00000000","","PEPPERS","CHEMICAL, INSECTICIDE","CHEMICAL, INSECTICIDE: (SPINETORAM = 110007)","1,400","","0.057","","0.114","","2","","29",""
"SURVEY","2016","YEAR","","REGION : MULTI-STATE","","","","","","","","PROGRAM STATES","00000000","","PEPPERS","CHEMICAL, INSECTICIDE","CHEMICAL, INSECTICIDE: (SPINOSAD = 110003)","300","","0.114","","0.155","","1.4","","5",""
"SURVEY","2016","YEAR","","REGION : MULTI-STATE","","","","","","","","PROGRAM STATES","00000000","","PEPPERS","CHEMICAL, INSECTICIDE","CHEMICAL, INSECTICIDE: (SPIROMESIFEN = 24875)","1,000","","0.126","","0.218","","1.7","","11",""
"SURVEY","2016","YEAR","","REGION : MULTI-STATE","","","","","","","","PROGRAM STATES","00000000","","PEPPERS","CHEMICAL, INSECTICIDE","CHEMICAL, INSECTICIDE: (SPIROTETRAMAT = 392201)","300","","0.075","","0.086","","1.1","","9",""
"SURVEY","2016","YEAR","","REGION : MULTI-STATE","","","","","","","","PROGRAM STATES","00000000","","PEPPERS","CHEMICAL, INSECTICIDE","CHEMICAL, INSECTICIDE: (THIAMETHOXAM = 60109)","1,300","","0.127","","0.145","","1.1","","21",""
"SURVEY","2016","YEAR","","REGION : MULTI-STATE","","","","","","","","PROGRAM STATES","00000000","","PEPPERS","CHEMICAL, INSECTICIDE","CHEMICAL, INSECTICIDE: (TOTAL)","101,700","","","","","","","","81",""
"SURVEY","2016","YEAR","","REGION : MULTI-STATE","","","","","","","","PROGRAM STATES","00000000","","PEPPERS","CHEMICAL, INSECTICIDE","CHEMICAL, INSECTICIDE: (ZETA-CYPERMETHRIN = 129064)","1,500","","0.046","","0.095","","2.1","","38",""
"SURVEY","2016","YEAR","","REGION : MULTI-STATE","","","","","","","","PROGRAM STATES","00000000","","PEPPERS","CHEMICAL, OTHER","CHEMICAL, OTHER: (ACIBENZOLAR-S-METHYL = 61402)"," (D)",""," (D)",""," (D)",""," (D)",""," (D)",""
"SURVEY","2016","YEAR","","REGION : MULTI-STATE","","","","","","","","PROGRAM STATES","00000000","","PEPPERS","CHEMICAL, OTHER","CHEMICAL, OTHER: (CHLOROPICRIN = 81501)"," (D)",""," (D)",""," (D)",""," (D)",""," (D)",""
"SURVEY","2016","YEAR","","REGION : MULTI-STATE","","","","","","","","PROGRAM STATES","00000000","","PEPPERS","CHEMICAL, OTHER","CHEMICAL, OTHER: (CYTOKININS = 116801)"," (D)",""," (D)",""," (D)",""," (D)",""," (D)",""
"SURVEY","2016","YEAR","","REGION : MULTI-STATE","","","","","","","","PROGRAM STATES","00000000","","PEPPERS","CHEMICAL, OTHER","CHEMICAL, OTHER: (DICHLOROPROPENE = 29001)","291,700","","87.132","","98.201","","1.1","","7",""
"SURVEY","2016","YEAR","","REGION : MULTI-STATE","","","","","","","","PROGRAM STATES","00000000","","PEPPERS","CHEMICAL, OTHER","CHEMICAL, OTHER: (DIPHACINONE = 67701)"," (D)",""," (D)",""," (D)",""," (D)",""," (D)",""
"SURVEY","2016","YEAR","","REGION : MULTI-STATE","","","","","","","","PROGRAM STATES","00000000","","PEPPERS","CHEMICAL, OTHER","CHEMICAL, OTHER: (FLUTRIAFOL = 128940)"," (D)",""," (D)",""," (D)",""," (D)",""," (D)",""
"SURVEY","2016","YEAR","","REGION : MULTI-STATE","","","","","","","","PROGRAM STATES","00000000","","PEPPERS","CHEMICAL, OTHER","CHEMICAL, OTHER: (GIBBERELLIC ACID = 43801)"," (D)",""," (D)",""," (D)",""," (D)",""," (D)",""
"SURVEY","2016","YEAR","","REGION : MULTI-STATE","","","","","","","","PROGRAM STATES","00000000","","PEPPERS","CHEMICAL, OTHER","CHEMICAL, OTHER: (HYDROGEN PEROXIDE = 595)","3,700","","0.98","","1.713","","1.7","","5",""
"SURVEY","2016","YEAR","","REGION : MULTI-STATE","","","","","","","","PROGRAM STATES","00000000","","PEPPERS","CHEMICAL, OTHER","CHEMICAL, OTHER: (INDOLEBUTYRIC ACID = 46701)"," (D)",""," (D)",""," (D)",""," (D)",""," (D)",""
"SURVEY","2016","YEAR","","REGION : MULTI-STATE","","","","","","","","PROGRAM STATES","00000000","","PEPPERS","CHEMICAL, OTHER","CHEMICAL, OTHER: (METAM-POTASSIUM = 39002)"," (D)",""," (D)",""," (D)",""," (D)",""," (D)",""
"SURVEY","2016","YEAR","","REGION : MULTI-STATE","","","","","","","","PROGRAM STATES","00000000","","PEPPERS","CHEMICAL, OTHER","CHEMICAL, OTHER: (METAM-SODIUM = 39003)"," (D)",""," (D)",""," (D)",""," (D)",""," (D)",""
"SURVEY","2016","YEAR","","REGION : MULTI-STATE","","","","","","","","PROGRAM STATES","00000000","","PEPPERS","CHEMICAL, OTHER","CHEMICAL, OTHER: (METRAFENONE = 325)"," (D)",""," (D)",""," (D)",""," (D)",""," (D)",""
"SURVEY","2016","YEAR","","REGION : MULTI-STATE","","","","","","","","PROGRAM STATES","00000000","","PEPPERS","CHEMICAL, OTHER","CHEMICAL, OTHER: (MINERAL OIL = 63502)"," (D)",""," (D)",""," (D)",""," (D)",""," (D)",""
"SURVEY","2016","YEAR","","REGION : MULTI-STATE","","","","","","","","PROGRAM STATES","00000000","","PEPPERS","CHEMICAL, OTHER","CHEMICAL, OTHER: (PAECILOMYCES LILACIN = 28826)"," (NA)",""," (NA)",""," (NA)",""," (D)",""," (D)",""
"SURVEY","2016","YEAR","","REGION : MULTI-STATE","","","","","","","","PROGRAM STATES","00000000","","PEPPERS","CHEMICAL, OTHER","CHEMICAL, OTHER: (PEROXYACETIC ACID = 63201)"," (D)",""," (D)",""," (D)",""," (D)",""," (D)",""
"SURVEY","2016","YEAR","","REGION : MULTI-STATE","","","","","","","","PROGRAM STATES","00000000","","PEPPERS","CHEMICAL, OTHER","CHEMICAL, OTHER: (REYNOUTRIA SACHALINE = 55809)"," (D)",""," (D)",""," (D)",""," (D)",""," (D)",""
"SURVEY","2016","YEAR","","REGION : MULTI-STATE","","","","","","","","PROGRAM STATES","00000000","","PEPPERS","CHEMICAL, OTHER","CHEMICAL, OTHER: (STRYCHNINE = 76901)"," (D)",""," (D)",""," (D)",""," (D)",""," (D)",""
"SURVEY","2016","YEAR","","REGION : MULTI-STATE","","","","","","","","PROGRAM STATES","00000000","","PEPPERS","CHEMICAL, OTHER","CHEMICAL, OTHER: (TOTAL)","1,557,000","","","","","","","","27",""
"SURVEY","2016","YEAR","","STATE","CALIFORNIA","06","","","","","","","00000000","","PEPPERS","CHEMICAL, FUNGICIDE","CHEMICAL, FUNGICIDE: (AMETOCTRADIN = 119210)"," (D)",""," (D)",""," (D)",""," (D)",""," (D)",""
"SURVEY","2016","YEAR","","STATE","CALIFORNIA","06","","","","","","","00000000","","PEPPERS","CHEMICAL, FUNGICIDE","CHEMICAL, FUNGICIDE: (AZOXYSTROBIN = 128810)","2,000","","0.167","","0.274","","1.6","","37",""
"SURVEY","2016","YEAR","","STATE","CALIFORNIA","06","","","","","","","00000000","","PEPPERS","CHEMICAL, FUNGICIDE","CHEMICAL, FUNGICIDE: (BOSCALID = 128008)"," (D)",""," (D)",""," (D)",""," (D)",""," (D)",""
"SURVEY","2016","YEAR","","STATE","CALIFORNIA","06","","","","","","","00000000","","PEPPERS","CHEMICAL, FUNGICIDE","CHEMICAL, FUNGICIDE: (CHLOROTHALONIL = 81901)"," (D)",""," (D)",""," (D)",""," (D)",""," (D)",""
"SURVEY","2016","YEAR","","STATE","CALIFORNIA","06","","","","","","","00000000","","PEPPERS","CHEMICAL, FUNGICIDE","CHEMICAL, FUNGICIDE: (COPPER CHLORIDE HYD. = 23501)"," (D)",""," (D)",""," (D)",""," (D)",""," (D)",""
"SURVEY","2016","YEAR","","STATE","CALIFORNIA","06","","","","","","","00000000","","PEPPERS","CHEMICAL, FUNGICIDE","CHEMICAL, FUNGICIDE: (COPPER HYDROXIDE = 23401)","3,700","","0.397","","0.723","","1.8","","26",""
"SURVEY","2016","YEAR","","STATE","CALIFORNIA","06","","","","","","","00000000","","PEPPERS","CHEMICAL, FUNGICIDE","CHEMICAL, FUNGICIDE: (COPPER OCTANOATE = 23306)"," (D)",""," (D)",""," (D)",""," (D)",""," (D)",""
"SURVEY","2016","YEAR","","STATE","CALIFORNIA","06","","","","","","","00000000","","PEPPERS","CHEMICAL, FUNGICIDE","CHEMICAL, FUNGICIDE: (COPPER OXIDE = 25601)"," (D)",""," (D)",""," (D)",""," (D)",""," (D)",""
"SURVEY","2016","YEAR","","STATE","CALIFORNIA","06","","","","","","","00000000","","PEPPERS","CHEMICAL, FUNGICIDE","CHEMICAL, FUNGICIDE: (CYAZOFAMID = 85651)"," (D)",""," (D)",""," (D)",""," (D)",""," (D)",""
"SURVEY","2016","YEAR","","STATE","CALIFORNIA","06","","","","","","","00000000","","PEPPERS","CHEMICAL, FUNGICIDE","CHEMICAL, FUNGICIDE: (CYMOXANIL = 129106)"," (D)",""," (D)",""," (D)",""," (D)",""," (D)",""
"SURVEY","2016","YEAR","","STATE","CALIFORNIA","06","","","","","","","00000000","","PEPPERS","CHEMICAL, FUNGICIDE","CHEMICAL, FUNGICIDE: (CYPRODINIL = 288202)"," (D)",""," (D)",""," (D)",""," (D)",""," (D)",""
"SURVEY","2016","YEAR","","STATE","CALIFORNIA","06","","","","","","","00000000","","PEPPERS","CHEMICAL, FUNGICIDE","CHEMICAL, FUNGICIDE: (DIFENOCONAZOLE = 128847)","1,000","","0.095","","0.162","","1.7","","32",""
"SURVEY","2016","YEAR","","STATE","CALIFORNIA","06","","","","","","","00000000","","PEPPERS","CHEMICAL, FUNGICIDE","CHEMICAL, FUNGICIDE: (DIMETHOMORPH = 268800)"," (D)",""," (D)",""," (D)",""," (D)",""," (D)",""
"SURVEY","2016","YEAR","","STATE","CALIFORNIA","06","","","","","","","00000000","","PEPPERS","CHEMICAL, FUNGICIDE","CHEMICAL, FUNGICIDE: (FAMOXADONE = 113202)"," (D)",""," (D)",""," (D)",""," (D)",""," (D)",""
"SURVEY","2016","YEAR","","STATE","CALIFORNIA","06","","","","","","","00000000","","PEPPERS","CHEMICAL, FUNGICIDE","CHEMICAL, FUNGICIDE: (FENAMIDONE = 46679)"," (D)",""," (D)",""," (D)",""," (D)",""," (D)",""
"SURVEY","2016","YEAR","","STATE","CALIFORNIA","06","","","","","","","00000000","","PEPPERS","CHEMICAL, FUNGICIDE","CHEMICAL, FUNGICIDE: (FLUDIOXONIL = 71503)"," (D)",""," (D)",""," (D)",""," (D)",""," (D)",""
"SURVEY","2016","YEAR","","STATE","CALIFORNIA","06","","","","","","","00000000","","PEPPERS","CHEMICAL, FUNGICIDE","CHEMICAL, FUNGICIDE: (FLUOPICOLIDE = 27412)"," (D)",""," (D)",""," (D)",""," (D)",""," (D)",""
"SURVEY","2016","YEAR","","STATE","CALIFORNIA","06","","","","","","","00000000","","PEPPERS","CHEMICAL, FUNGICIDE","CHEMICAL, FUNGICIDE: (FLUOPYRAM = 80302)"," (D)",""," (D)",""," (D)",""," (D)",""," (D)",""
"SURVEY","2016","YEAR","","STATE","CALIFORNIA","06","","","","","","","00000000","","PEPPERS","CHEMICAL, FUNGICIDE","CHEMICAL, FUNGICIDE: (FLUXAPYROXAD = 138009)","500","","0.083","","0.184","","2.2","","13",""
"SURVEY","2016","YEAR","","STATE","CALIFORNIA","06","","","","","","","00000000","","PEPPERS","CHEMICAL, FUNGICIDE","CHEMICAL, FUNGICIDE: (MANCOZEB = 14504)","8,200","","1.337","","2.835","","2.1","","14",""
"SURVEY","2016","YEAR","","STATE","CALIFORNIA","06","","","","","","","00000000","","PEPPERS","CHEMICAL, FUNGICIDE","CHEMICAL, FUNGICIDE: (MEFENOXAM = 113502)","2,400","","0.284","","0.51","","1.8","","24",""
"SURVEY","2016","YEAR","","STATE","CALIFORNIA","06","","","","","","","00000000","","PEPPERS","CHEMICAL, FUNGICIDE","CHEMICAL, FUNGICIDE: (MONO-POTASSIUM SALT = 76416)"," (D)",""," (D)",""," (D)",""," (D)",""," (D)",""
"SURVEY","2016","YEAR","","STATE","CALIFORNIA","06","","","","","","","00000000","","PEPPERS","CHEMICAL, FUNGICIDE","CHEMICAL, FUNGICIDE: (MYCLOBUTANIL = 128857)","1,200","","0.115","","0.149","","1.3","","40",""
"SURVEY","2016","YEAR","","STATE","CALIFORNIA","06","","","","","","","00000000","","PEPPERS","CHEMICAL, FUNGICIDE","CHEMICAL, FUNGICIDE: (PENTHIOPYRAD = 90112)"," (D)",""," (D)",""," (D)",""," (D)",""," (D)",""
"SURVEY","2016","YEAR","","STATE","CALIFORNIA","06","","","","","","","00000000","","PEPPERS","CHEMICAL, FUNGICIDE","CHEMICAL, FUNGICIDE: (PROPAMOCARB HYDROCH. = 119302)"," (D)",""," (D)",""," (D)",""," (D)",""," (D)",""
"SURVEY","2016","YEAR","","STATE","CALIFORNIA","06","","","","","","","00000000","","PEPPERS","CHEMICAL, FUNGICIDE","CHEMICAL, FUNGICIDE: (PYRACLOSTROBIN = 99100)","1,300","","0.173","","0.33","","1.9","","20",""
"SURVEY","2016","YEAR","","STATE","CALIFORNIA","06","","","","","","","00000000","","PEPPERS","CHEMICAL, FUNGICIDE","CHEMICAL, FUNGICIDE: (QUINOLINE = 55459)","600","","0.09","","0.125","","1.4","","24",""
"SURVEY","2016","YEAR","","STATE","CALIFORNIA","06","","","","","","","00000000","","PEPPERS","CHEMICAL, FUNGICIDE","CHEMICAL, FUNGICIDE: (STREPTOMYCES LYDICUS = 6327)"," (NA)",""," (NA)",""," (NA)",""," (D)",""," (D)",""
"SURVEY","2016","YEAR","","STATE","CALIFORNIA","06","","","","","","","00000000","","PEPPERS","CHEMICAL, FUNGICIDE","CHEMICAL, FUNGICIDE: (SULFUR = 77501)","241,900","","8.862","","32.925","","3.7","","37",""
"SURVEY","2016","YEAR","","STATE","CALIFORNIA","06","","","","","","","00000000","","PEPPERS","CHEMICAL, FUNGICIDE","CHEMICAL, FUNGICIDE: (TOTAL)","271,500","","","","","","","","72",""
"SURVEY","2016","YEAR","","STATE","CALIFORNIA","06","","","","","","","00000000","","PEPPERS","CHEMICAL, FUNGICIDE","CHEMICAL, FUNGICIDE: (TRIFLOXYSTROBIN = 129112)"," (D)",""," (D)",""," (D)",""," (D)",""," (D)",""
"SURVEY","2016","YEAR","","STATE","CALIFORNIA","06","","","","","","","00000000","","PEPPERS","CHEMICAL, HERBICIDE","CHEMICAL, HERBICIDE: (CARFENTRAZONE-ETHYL = 128712)"," (Z)","","0.011","","0.011","","1.1","","13",""
"SURVEY","2016","YEAR","","STATE","CALIFORNIA","06","","","","","","","00000000","","PEPPERS","CHEMICAL, HERBICIDE","CHEMICAL, HERBICIDE: (CLETHODIM = 121011)"," (D)",""," (D)",""," (D)",""," (D)",""," (D)",""
"SURVEY","2016","YEAR","","STATE","CALIFORNIA","06","","","","","","","00000000","","PEPPERS","CHEMICAL, HERBICIDE","CHEMICAL, HERBICIDE: (FLUMIOXAZIN = 129034)"," (D)",""," (D)",""," (D)",""," (D)",""," (D)",""
"SURVEY","2016","YEAR","","STATE","CALIFORNIA","06","","","","","","","00000000","","PEPPERS","CHEMICAL, HERBICIDE","CHEMICAL, HERBICIDE: (GLYPHOSATE ISO. SALT = 103601)","3,800","","1.53","","1.941","","1.3","","10",""
"SURVEY","2016","YEAR","","STATE","CALIFORNIA","06","","","","","","","00000000","","PEPPERS","CHEMICAL, HERBICIDE","CHEMICAL, HERBICIDE: (GLYPHOSATE POT. SALT = 103613)","5,600","","1.288","","2.551","","2","","11",""
"SURVEY","2016","YEAR","","STATE","CALIFORNIA","06","","","","","","","00000000","","PEPPERS","CHEMICAL, HERBICIDE","CHEMICAL, HERBICIDE: (HALOSULFURON-METHYL = 128721)"," (D)",""," (D)",""," (D)",""," (D)",""," (D)",""
"SURVEY","2016","YEAR","","STATE","CALIFORNIA","06","","","","","","","00000000","","PEPPERS","CHEMICAL, HERBICIDE","CHEMICAL, HERBICIDE: (NAPROPAMIDE = 103001)","3,200","","2","","2.673","","1.3","","6",""
"SURVEY","2016","YEAR","","STATE","CALIFORNIA","06","","","","","","","00000000","","PEPPERS","CHEMICAL, HERBICIDE","CHEMICAL, HERBICIDE: (OXYFLUORFEN = 111601)","1,400","","0.274","","0.551","","2","","12",""
"SURVEY","2016","YEAR","","STATE","CALIFORNIA","06","","","","","","","00000000","","PEPPERS","CHEMICAL, HERBICIDE","CHEMICAL, HERBICIDE: (PARAQUAT = 61601)"," (D)",""," (D)",""," (D)",""," (D)",""," (D)",""
"SURVEY","2016","YEAR","","STATE","CALIFORNIA","06","","","","","","","00000000","","PEPPERS","CHEMICAL, HERBICIDE","CHEMICAL, HERBICIDE: (PENDIMETHALIN = 108501)","3,400","","0.782","","1.056","","1.3","","16",""
"SURVEY","2016","YEAR","","STATE","CALIFORNIA","06","","","","","","","00000000","","PEPPERS","CHEMICAL, HERBICIDE","CHEMICAL, HERBICIDE: (PYRAFLUFEN-ETHYL = 30090)"," (D)",""," (D)",""," (D)",""," (D)",""," (D)",""
"SURVEY","2016","YEAR","","STATE","CALIFORNIA","06","","","","","","","00000000","","PEPPERS","CHEMICAL, HERBICIDE","CHEMICAL, HERBICIDE: (S-METOLACHLOR = 108800)"," (D)",""," (D)",""," (D)",""," (D)",""," (D)",""
"SURVEY","2016","YEAR","","STATE","CALIFORNIA","06","","","","","","","00000000","","PEPPERS","CHEMICAL, HERBICIDE","CHEMICAL, HERBICIDE: (TOTAL)","23,400","","","","","","","","49",""
"SURVEY","2016","YEAR","","STATE","CALIFORNIA","06","","","","","","","00000000","","PEPPERS","CHEMICAL, HERBICIDE","CHEMICAL, HERBICIDE: (TRIFLURALIN = 36101)","3,100","","0.487","","0.623","","1.3","","25",""
"SURVEY","2016","YEAR","","STATE","CALIFORNIA","06","","","","","","","00000000","","PEPPERS","CHEMICAL, INSECTICIDE","CHEMICAL, INSECTICIDE: (ABAMECTIN = 122804)","200","","0.015","","0.023","","1.5","","35",""
"SURVEY","2016","YEAR","","STATE","CALIFORNIA","06","","","","","","","00000000","","PEPPERS","CHEMICAL, INSECTICIDE","CHEMICAL, INSECTICIDE: (ACEPHATE = 103301)"," (D)",""," (D)",""," (D)",""," (D)",""," (D)",""
"SURVEY","2016","YEAR","","STATE","CALIFORNIA","06","","","","","","","00000000","","PEPPERS","CHEMICAL, INSECTICIDE","CHEMICAL, INSECTICIDE: (ACEQUINOCYL = 6329)"," (D)",""," (D)",""," (D)",""," (D)",""," (D)",""
"SURVEY","2016","YEAR","","STATE","CALIFORNIA","06","","","","","","","00000000","","PEPPERS","CHEMICAL, INSECTICIDE","CHEMICAL, INSECTICIDE: (ACETAMIPRID = 99050)"," (D)",""," (D)",""," (D)",""," (D)",""," (D)",""
"SURVEY","2016","YEAR","","STATE","CALIFORNIA","06","","","","","","","00000000","","PEPPERS","CHEMICAL, INSECTICIDE","CHEMICAL, INSECTICIDE: (ALUMINUM PHOSPHIDE = 66501)"," (D)",""," (D)",""," (D)",""," (D)",""," (D)",""
"SURVEY","2016","YEAR","","STATE","CALIFORNIA","06","","","","","","","00000000","","PEPPERS","CHEMICAL, INSECTICIDE","CHEMICAL, INSECTICIDE: (AZADIRACHTIN = 121701)"," (D)",""," (D)",""," (D)",""," (D)",""," (D)",""
"SURVEY","2016","YEAR","","STATE","CALIFORNIA","06","","","","","","","00000000","","PEPPERS","CHEMICAL, INSECTICIDE","CHEMICAL, INSECTICIDE: (BETA-CYFLUTHRIN = 118831)","100","","0.024","","0.025","","1","","12",""
"SURVEY","2016","YEAR","","STATE","CALIFORNIA","06","","","","","","","00000000","","PEPPERS","CHEMICAL, INSECTICIDE","CHEMICAL, INSECTICIDE: (BIFENAZATE = 586)"," (D)",""," (D)",""," (D)",""," (D)",""," (D)",""
"SURVEY","2016","YEAR","","STATE","CALIFORNIA","06","","","","","","","00000000","","PEPPERS","CHEMICAL, INSECTICIDE","CHEMICAL, INSECTICIDE: (BIFENTHRIN = 128825)","300","","0.077","","0.137","","1.8","","11",""
"SURVEY","2016","YEAR","","STATE","CALIFORNIA","06","","","","","","","00000000","","PEPPERS","CHEMICAL, INSECTICIDE","CHEMICAL, INSECTICIDE: (BT KURSTAK ABTS-1857 = 6523)"," (NA)",""," (NA)",""," (NA)",""," (D)",""," (D)",""
"SURVEY","2016","YEAR","","STATE","CALIFORNIA","06","","","","","","","00000000","","PEPPERS","CHEMICAL, INSECTICIDE","CHEMICAL, INSECTICIDE: (BUPROFEZIN = 275100)"," (D)",""," (D)",""," (D)",""," (D)",""," (D)",""
"SURVEY","2016","YEAR","","STATE","CALIFORNIA","06","","","","","","","00000000","","PEPPERS","CHEMICAL, INSECTICIDE","CHEMICAL, INSECTICIDE: (CARBARYL = 56801)","1,500","","0.424","","0.519","","1.2","","14",""
"SURVEY","2016","YEAR","","STATE","CALIFORNIA","06","","","","","","","00000000","","PEPPERS","CHEMICAL, INSECTICIDE","CHEMICAL, INSECTICIDE: (CHLORANTRANILIPROLE = 90100)","700","","0.06","","0.095","","1.6","","39",""
"SURVEY","2016","YEAR","","STATE","CALIFORNIA","06","","","","","","","00000000","","PEPPERS","CHEMICAL, INSECTICIDE","CHEMICAL, INSECTICIDE: (CLOTHIANIDIN = 44309)"," (D)",""," (D)",""," (D)",""," (D)",""," (D)",""
"SURVEY","2016","YEAR","","STATE","CALIFORNIA","06","","","","","","","00000000","","PEPPERS","CHEMICAL, INSECTICIDE","CHEMICAL, INSECTICIDE: (CRYOLITE = 75101)"," (D)",""," (D)",""," (D)",""," (D)",""," (D)",""
"SURVEY","2016","YEAR","","STATE","CALIFORNIA","06","","","","","","","00000000","","PEPPERS","CHEMICAL, INSECTICIDE","CHEMICAL, INSECTICIDE: (CYANTRANILIPROLE = 90098)"," (D)",""," (D)",""," (D)",""," (D)",""," (D)",""
"SURVEY","2016","YEAR","","STATE","CALIFORNIA","06","","","","","","","00000000","","PEPPERS","CHEMICAL, INSECTICIDE","CHEMICAL, INSECTICIDE: (CYFLUTHRIN = 128831)"," (D)",""," (D)",""," (D)",""," (D)",""," (D)",""
"SURVEY","2016","YEAR","","STATE","CALIFORNIA","06","","","","","","","00000000","","PEPPERS","CHEMICAL, INSECTICIDE","CHEMICAL, INSECTICIDE: (DIFLUBENZURON = 108201)"," (D)",""," (D)",""," (D)",""," (D)",""," (D)",""
"SURVEY","2016","YEAR","","STATE","CALIFORNIA","06","","","","","","","00000000","","PEPPERS","CHEMICAL, INSECTICIDE","CHEMICAL, INSECTICIDE: (DIMETHOATE = 35001)"," (D)",""," (D)",""," (D)",""," (D)",""," (D)",""
"SURVEY","2016","YEAR","","STATE","CALIFORNIA","06","","","","","","","00000000","","PEPPERS","CHEMICAL, INSECTICIDE","CHEMICAL, INSECTICIDE: (DINOTEFURAN = 44312)"," (D)",""," (D)",""," (D)",""," (D)",""," (D)",""
"SURVEY","2016","YEAR","","STATE","CALIFORNIA","06","","","","","","","00000000","","PEPPERS","CHEMICAL, INSECTICIDE","CHEMICAL, INSECTICIDE: (EMAMECTIN BENZOATE = 122806)","100","","0.012","","0.022","","1.8","","12",""
"SURVEY","2016","YEAR","","STATE","CALIFORNIA","06","","","","","","","00000000","","PEPPERS","CHEMICAL, INSECTICIDE","CHEMICAL, INSECTICIDE: (ESFENVALERATE = 109303)"," (D)",""," (D)",""," (D)",""," (D)",""," (D)",""
"SURVEY","2016","YEAR","","STATE","CALIFORNIA","06","","","","","","","00000000","","PEPPERS","CHEMICAL, INSECTICIDE","CHEMICAL, INSECTICIDE: (FENPYROXIMATE = 129131)"," (D)",""," (D)",""," (D)",""," (D)",""," (D)",""
"SURVEY","2016","YEAR","","STATE","CALIFORNIA","06","","","","","","","00000000","","PEPPERS","CHEMICAL, INSECTICIDE","CHEMICAL, INSECTICIDE: (FLONICAMID = 128016)","500","","0.096","","0.121","","1.3","","19",""
"SURVEY","2016","YEAR","","STATE","CALIFORNIA","06","","","","","","","00000000","","PEPPERS","CHEMICAL, INSECTICIDE","CHEMICAL, INSECTICIDE: (FLUBENDIAMIDE = 27602)","400","","0.045","","0.072","","1.6","","28",""
"SURVEY","2016","YEAR","","STATE","CALIFORNIA","06","","","","","","","00000000","","PEPPERS","CHEMICAL, INSECTICIDE","CHEMICAL, INSECTICIDE: (FLUPYRADIFURONE = 122304)","400","","0.169","","0.198","","1.2","","11",""
"SURVEY","2016","YEAR","","STATE","CALIFORNIA","06","","","","","","","00000000","","PEPPERS","CHEMICAL, INSECTICIDE","CHEMICAL, INSECTICIDE: (HEXYTHIAZOX = 128849)"," (D)",""," (D)",""," (D)",""," (D)",""," (D)",""
"SURVEY","2016","YEAR","","STATE","CALIFORNIA","06","","","","","","","00000000","","PEPPERS","CHEMICAL, INSECTICIDE","CHEMICAL, INSECTICIDE: (IMIDACLOPRID = 129099)","3,700","","0.27","","0.371","","1.4","","50",""
"SURVEY","2016","YEAR","","STATE","CALIFORNIA","06","","","","","","","00000000","","PEPPERS","CHEMICAL, INSECTICIDE","CHEMICAL, INSECTICIDE: (INDOXACARB = 67710)","200","","0.063","","0.097","","1.5","","10",""
"SURVEY","2016","YEAR","","STATE","CALIFORNIA","06","","","","","","","00000000","","PEPPERS","CHEMICAL, INSECTICIDE","CHEMICAL, INSECTICIDE: (KAOLIN = 100104)"," (D)",""," (D)",""," (D)",""," (D)",""," (D)",""
"SURVEY","2016","YEAR","","STATE","CALIFORNIA","06","","","","","","","00000000","","PEPPERS","CHEMICAL, INSECTICIDE","CHEMICAL, INSECTICIDE: (LAMBDA-CYHALOTHRIN = 128897)","200","","0.029","","0.053","","1.8","","22",""
"SURVEY","2016","YEAR","","STATE","CALIFORNIA","06","","","","","","","00000000","","PEPPERS","CHEMICAL, INSECTICIDE","CHEMICAL, INSECTICIDE: (MALATHION = 57701)"," (D)",""," (D)",""," (D)",""," (D)",""," (D)",""
"SURVEY","2016","YEAR","","STATE","CALIFORNIA","06","","","","","","","00000000","","PEPPERS","CHEMICAL, INSECTICIDE","CHEMICAL, INSECTICIDE: (METHOMYL = 90301)"," (D)",""," (D)",""," (D)",""," (D)",""," (D)",""
"SURVEY","2016","YEAR","","STATE","CALIFORNIA","06","","","","","","","00000000","","PEPPERS","CHEMICAL, INSECTICIDE","CHEMICAL, INSECTICIDE: (METHOXYFENOZIDE = 121027)","600","","0.153","","0.242","","1.6","","12",""
"SURVEY","2016","YEAR","","STATE","CALIFORNIA","06","","","","","","","00000000","","PEPPERS","CHEMICAL, INSECTICIDE","CHEMICAL, INSECTICIDE: (NOVALURON = 124002)"," (D)",""," (D)",""," (D)",""," (D)",""," (D)",""
"SURVEY","2016","YEAR","","STATE","CALIFORNIA","06","","","","","","","00000000","","PEPPERS","CHEMICAL, INSECTICIDE","CHEMICAL, INSECTICIDE: (PERMETHRIN = 109701)"," (D)",""," (D)",""," (D)",""," (D)",""," (D)",""
"SURVEY","2016","YEAR","","STATE","CALIFORNIA","06","","","","","","","00000000","","PEPPERS","CHEMICAL, INSECTICIDE","CHEMICAL, INSECTICIDE: (PETROLEUM DISTILLATE = 63503)"," (D)",""," (D)",""," (D)",""," (D)",""," (D)",""
"SURVEY","2016","YEAR","","STATE","CALIFORNIA","06","","","","","","","00000000","","PEPPERS","CHEMICAL, INSECTICIDE","CHEMICAL, INSECTICIDE: (POTASSIUM SALTS = 79021)"," (D)",""," (D)",""," (D)",""," (D)",""," (D)",""
"SURVEY","2016","YEAR","","STATE","CALIFORNIA","06","","","","","","","00000000","","PEPPERS","CHEMICAL, INSECTICIDE","CHEMICAL, INSECTICIDE: (PYMETROZINE = 101103)"," (D)",""," (D)",""," (D)",""," (D)",""," (D)",""
"SURVEY","2016","YEAR","","STATE","CALIFORNIA","06","","","","","","","00000000","","PEPPERS","CHEMICAL, INSECTICIDE","CHEMICAL, INSECTICIDE: (PYRETHRINS = 69001)"," (D)",""," (D)",""," (D)",""," (D)",""," (D)",""
"SURVEY","2016","YEAR","","STATE","CALIFORNIA","06","","","","","","","00000000","","PEPPERS","CHEMICAL, INSECTICIDE","CHEMICAL, INSECTICIDE: (SPINETORAM = 110007)","1,000","","0.059","","0.124","","2.1","","42",""
"SURVEY","2016","YEAR","","STATE","CALIFORNIA","06","","","","","","","00000000","","PEPPERS","CHEMICAL, INSECTICIDE","CHEMICAL, INSECTICIDE: (SPINOSAD = 110003)","300","","0.114","","0.155","","1.4","","10",""
"SURVEY","2016","YEAR","","STATE","CALIFORNIA","06","","","","","","","00000000","","PEPPERS","CHEMICAL, INSECTICIDE","CHEMICAL, INSECTICIDE: (SPIROMESIFEN = 24875)","900","","0.125","","0.218","","1.7","","22",""
"SURVEY","2016","YEAR","","STATE","CALIFORNIA","06","","","","","","","00000000","","PEPPERS","CHEMICAL, INSECTICIDE","CHEMICAL, INSECTICIDE: (SPIROTETRAMAT = 392201)","300","","0.075","","0.086","","1.1","","19",""
"SURVEY","2016","YEAR","","STATE","CALIFORNIA","06","","","","","","","00000000","","PEPPERS","CHEMICAL, INSECTICIDE","CHEMICAL, INSECTICIDE: (THIAMETHOXAM = 60109)","800","","0.12","","0.145","","1.2","","28",""
"SURVEY","2016","YEAR","","STATE","CALIFORNIA","06","","","","","","","00000000","","PEPPERS","CHEMICAL, INSECTICIDE","CHEMICAL, INSECTICIDE: (TOTAL)","79,800","","","","","","","","74",""
"SURVEY","2016","YEAR","","STATE","CALIFORNIA","06","","","","","","","00000000","","PEPPERS","CHEMICAL, INSECTICIDE","CHEMICAL, INSECTICIDE: (ZETA-CYPERMETHRIN = 129064)","600","","0.048","","0.113","","2.4","","28",""
"SURVEY","2016","YEAR","","STATE","CALIFORNIA","06","","","","","","","00000000","","PEPPERS","CHEMICAL, OTHER","CHEMICAL, OTHER: (CHLOROPICRIN = 81501)","219,000","","109.903","","121.651","","1.1","","9",""
"SURVEY","2016","YEAR","","STATE","CALIFORNIA","06","","","","","","","00000000","","PEPPERS","CHEMICAL, OTHER","CHEMICAL, OTHER: (DICHLOROPROPENE = 29001)","232,300","","89.329","","104.102","","1.2","","11",""
"SURVEY","2016","YEAR","","STATE","CALIFORNIA","06","","","","","","","00000000","","PEPPERS","CHEMICAL, OTHER","CHEMICAL, OTHER: (DIPHACINONE = 67701)"," (D)",""," (D)",""," (D)",""," (D)",""," (D)",""
"SURVEY","2016","YEAR","","STATE","CALIFORNIA","06","","","","","","","00000000","","PEPPERS","CHEMICAL, OTHER","CHEMICAL, OTHER: (HYDROGEN PEROXIDE = 595)"," (D)",""," (D)",""," (D)",""," (D)",""," (D)",""
"SURVEY","2016","YEAR","","STATE","CALIFORNIA","06","","","","","","","00000000","","PEPPERS","CHEMICAL, OTHER","CHEMICAL, OTHER: (METAM-POTASSIUM = 39002)","406,800","","210.062","","278.655","","1.3","","7",""
"SURVEY","2016","YEAR","","STATE","CALIFORNIA","06","","","","","","","00000000","","PEPPERS","CHEMICAL, OTHER","CHEMICAL, OTHER: (METAM-SODIUM = 39003)"," (D)",""," (D)",""," (D)",""," (D)",""," (D)",""
"SURVEY","2016","YEAR","","STATE","CALIFORNIA","06","","","","","","","00000000","","PEPPERS","CHEMICAL, OTHER","CHEMICAL, OTHER: (METRAFENONE = 325)"," (D)",""," (D)",""," (D)",""," (D)",""," (D)",""
"SURVEY","2016","YEAR","","STATE","CALIFORNIA","06","","","","","","","00000000","","PEPPERS","CHEMICAL, OTHER","CHEMICAL, OTHER: (MINERAL OIL = 63502)"," (D)",""," (D)",""," (D)",""," (D)",""," (D)",""
"SURVEY","2016","YEAR","","STATE","CALIFORNIA","06","","","","","","","00000000","","PEPPERS","CHEMICAL, OTHER","CHEMICAL, OTHER: (PAECILOMYCES LILACIN = 28826)"," (NA)",""," (NA)",""," (NA)",""," (D)",""," (D)",""
"SURVEY","2016","YEAR","","STATE","CALIFORNIA","06","","","","","","","00000000","","PEPPERS","CHEMICAL, OTHER","CHEMICAL, OTHER: (PEROXYACETIC ACID = 63201)"," (D)",""," (D)",""," (D)",""," (D)",""," (D)",""
"SURVEY","2016","YEAR","","STATE","CALIFORNIA","06","","","","","","","00000000","","PEPPERS","CHEMICAL, OTHER","CHEMICAL, OTHER: (STRYCHNINE = 76901)"," (D)",""," (D)",""," (D)",""," (D)",""," (D)",""
"SURVEY","2016","YEAR","","STATE","CALIFORNIA","06","","","","","","","00000000","","PEPPERS","CHEMICAL, OTHER","CHEMICAL, OTHER: (TOTAL)","1,381,000","","","","","","","","28",""
"SURVEY","2016","YEAR","","STATE","FLORIDA","12","","","","","","","00000000","","PEPPERS","CHEMICAL, FUNGICIDE","CHEMICAL, FUNGICIDE: (AZOXYSTROBIN = 128810)"," (D)",""," (D)",""," (D)",""," (D)",""," (D)",""
"SURVEY","2016","YEAR","","STATE","FLORIDA","12","","","","","","","00000000","","PEPPERS","CHEMICAL, FUNGICIDE","CHEMICAL, FUNGICIDE: (CHLOROTHALONIL = 81901)"," (D)",""," (D)",""," (D)",""," (D)",""," (D)",""
"SURVEY","2016","YEAR","","STATE","FLORIDA","12","","","","","","","00000000","","PEPPERS","CHEMICAL, FUNGICIDE","CHEMICAL, FUNGICIDE: (COPPER HYDROXIDE = 23401)"," (D)",""," (D)",""," (D)",""," (D)",""," (D)",""
"SURVEY","2016","YEAR","","STATE","FLORIDA","12","","","","","","","00000000","","PEPPERS","CHEMICAL, FUNGICIDE","CHEMICAL, FUNGICIDE: (COPPER OXIDE = 25601)"," (D)",""," (D)",""," (D)",""," (D)",""," (D)",""
"SURVEY","2016","YEAR","","STATE","FLORIDA","12","","","","","","","00000000","","PEPPERS","CHEMICAL, FUNGICIDE","CHEMICAL, FUNGICIDE: (CYMOXANIL = 129106)"," (D)",""," (D)",""," (D)",""," (D)",""," (D)",""
"SURVEY","2016","YEAR","","STATE","FLORIDA","12","","","","","","","00000000","","PEPPERS","CHEMICAL, FUNGICIDE","CHEMICAL, FUNGICIDE: (DIFENOCONAZOLE = 128847)"," (D)",""," (D)",""," (D)",""," (D)",""," (D)",""
"SURVEY","2016","YEAR","","STATE","FLORIDA","12","","","","","","","00000000","","PEPPERS","CHEMICAL, FUNGICIDE","CHEMICAL, FUNGICIDE: (FAMOXADONE = 113202)"," (D)",""," (D)",""," (D)",""," (D)",""," (D)",""
"SURVEY","2016","YEAR","","STATE","FLORIDA","12","","","","","","","00000000","","PEPPERS","CHEMICAL, FUNGICIDE","CHEMICAL, FUNGICIDE: (MANCOZEB = 14504)"," (D)",""," (D)",""," (D)",""," (D)",""," (D)",""
"SURVEY","2016","YEAR","","STATE","FLORIDA","12","","","","","","","00000000","","PEPPERS","CHEMICAL, FUNGICIDE","CHEMICAL, FUNGICIDE: (MEFENOXAM = 113502)"," (D)",""," (D)",""," (D)",""," (D)",""," (D)",""
"SURVEY","2016","YEAR","","STATE","FLORIDA","12","","","","","","","00000000","","PEPPERS","CHEMICAL, FUNGICIDE","CHEMICAL, FUNGICIDE: (PROPAMOCARB HYDROCH. = 119302)"," (D)",""," (D)",""," (D)",""," (D)",""," (D)",""
"SURVEY","2016","YEAR","","STATE","FLORIDA","12","","","","","","","00000000","","PEPPERS","CHEMICAL, FUNGICIDE","CHEMICAL, FUNGICIDE: (PYRACLOSTROBIN = 99100)"," (D)",""," (D)",""," (D)",""," (D)",""," (D)",""
"SURVEY","2016","YEAR","","STATE","FLORIDA","12","","","","","","","00000000","","PEPPERS","CHEMICAL, FUNGICIDE","CHEMICAL, FUNGICIDE: (QUINOLINE = 55459)"," (D)",""," (D)",""," (D)",""," (D)",""," (D)",""
"SURVEY","2016","YEAR","","STATE","FLORIDA","12","","","","","","","00000000","","PEPPERS","CHEMICAL, FUNGICIDE","CHEMICAL, FUNGICIDE: (SULFUR = 77501)"," (D)",""," (D)",""," (D)",""," (D)",""," (D)",""
"SURVEY","2016","YEAR","","STATE","FLORIDA","12","","","","","","","00000000","","PEPPERS","CHEMICAL, FUNGICIDE","CHEMICAL, FUNGICIDE: (TOTAL)"," (D)","","","","","","",""," (D)",""
"SURVEY","2016","YEAR","","STATE","FLORIDA","12","","","","","","","00000000","","PEPPERS","CHEMICAL, HERBICIDE","CHEMICAL, HERBICIDE: (NAPROPAMIDE = 103001)"," (D)",""," (D)",""," (D)",""," (D)",""," (D)",""
"SURVEY","2016","YEAR","","STATE","FLORIDA","12","","","","","","","00000000","","PEPPERS","CHEMICAL, HERBICIDE","CHEMICAL, HERBICIDE: (TOTAL)"," (D)","","","","","","",""," (D)",""
"SURVEY","2016","YEAR","","STATE","FLORIDA","12","","","","","","","00000000","","PEPPERS","CHEMICAL, INSECTICIDE","CHEMICAL, INSECTICIDE: (ABAMECTIN = 122804)"," (D)",""," (D)",""," (D)",""," (D)",""," (D)",""
"SURVEY","2016","YEAR","","STATE","FLORIDA","12","","","","","","","00000000","","PEPPERS","CHEMICAL, INSECTICIDE","CHEMICAL, INSECTICIDE: (ACETAMIPRID = 99050)"," (D)",""," (D)",""," (D)",""," (D)",""," (D)",""
"SURVEY","2016","YEAR","","STATE","FLORIDA","12","","","","","","","00000000","","PEPPERS","CHEMICAL, INSECTICIDE","CHEMICAL, INSECTICIDE: (BETA-CYFLUTHRIN = 118831)"," (D)",""," (D)",""," (D)",""," (D)",""," (D)",""
"SURVEY","2016","YEAR","","STATE","FLORIDA","12","","","","","","","00000000","","PEPPERS","CHEMICAL, INSECTICIDE","CHEMICAL, INSECTICIDE: (BIFENTHRIN = 128825)"," (D)",""," (D)",""," (D)",""," (D)",""," (D)",""
"SURVEY","2016","YEAR","","STATE","FLORIDA","12","","","","","","","00000000","","PEPPERS","CHEMICAL, INSECTICIDE","CHEMICAL, INSECTICIDE: (BT KURSTAKI ABTS-351 = 6522)"," (NA)",""," (NA)",""," (NA)",""," (D)",""," (D)",""
"SURVEY","2016","YEAR","","STATE","FLORIDA","12","","","","","","","00000000","","PEPPERS","CHEMICAL, INSECTICIDE","CHEMICAL, INSECTICIDE: (CHLORANTRANILIPROLE = 90100)"," (D)",""," (D)",""," (D)",""," (D)",""," (D)",""
"SURVEY","2016","YEAR","","STATE","FLORIDA","12","","","","","","","00000000","","PEPPERS","CHEMICAL, INSECTICIDE","CHEMICAL, INSECTICIDE: (CLOTHIANIDIN = 44309)"," (D)",""," (D)",""," (D)",""," (D)",""," (D)",""
"SURVEY","2016","YEAR","","STATE","FLORIDA","12","","","","","","","00000000","","PEPPERS","CHEMICAL, INSECTICIDE","CHEMICAL, INSECTICIDE: (DIFLUBENZURON = 108201)"," (D)",""," (D)",""," (D)",""," (D)",""," (D)",""
"SURVEY","2016","YEAR","","STATE","FLORIDA","12","","","","","","","00000000","","PEPPERS","CHEMICAL, INSECTICIDE","CHEMICAL, INSECTICIDE: (DINOTEFURAN = 44312)"," (D)",""," (D)",""," (D)",""," (D)",""," (D)",""
"SURVEY","2016","YEAR","","STATE","FLORIDA","12","","","","","","","00000000","","PEPPERS","CHEMICAL, INSECTICIDE","CHEMICAL, INSECTICIDE: (FENPYROXIMATE = 129131)"," (D)",""," (D)",""," (D)",""," (D)",""," (D)",""
"SURVEY","2016","YEAR","","STATE","FLORIDA","12","","","","","","","00000000","","PEPPERS","CHEMICAL, INSECTICIDE","CHEMICAL, INSECTICIDE: (INDOXACARB = 67710)"," (D)",""," (D)",""," (D)",""," (D)",""," (D)",""
"SURVEY","2016","YEAR","","STATE","FLORIDA","12","","","","","","","00000000","","PEPPERS","CHEMICAL, INSECTICIDE","CHEMICAL, INSECTICIDE: (METHOMYL = 90301)"," (D)",""," (D)",""," (D)",""," (D)",""," (D)",""
"SURVEY","2016","YEAR","","STATE","FLORIDA","12","","","","","","","00000000","","PEPPERS","CHEMICAL, INSECTICIDE","CHEMICAL, INSECTICIDE: (METHOXYFENOZIDE = 121027)"," (D)",""," (D)",""," (D)",""," (D)",""," (D)",""
"SURVEY","2016","YEAR","","STATE","FLORIDA","12","","","","","","","00000000","","PEPPERS","CHEMICAL, INSECTICIDE","CHEMICAL, INSECTICIDE: (NOVALURON = 124002)"," (D)",""," (D)",""," (D)",""," (D)",""," (D)",""
"SURVEY","2016","YEAR","","STATE","FLORIDA","12","","","","","","","00000000","","PEPPERS","CHEMICAL, INSECTICIDE","CHEMICAL, INSECTICIDE: (OXAMYL = 103801)"," (D)",""," (D)",""," (D)",""," (D)",""," (D)",""
"SURVEY","2016","YEAR","","STATE","FLORIDA","12","","","","","","","00000000","","PEPPERS","CHEMICAL, INSECTICIDE","CHEMICAL, INSECTICIDE: (POTASSIUM SALTS = 79021)"," (D)",""," (D)",""," (D)",""," (D)",""," (D)",""
"SURVEY","2016","YEAR","","STATE","FLORIDA","12","","","","","","","00000000","","PEPPERS","CHEMICAL, INSECTICIDE","CHEMICAL, INSECTICIDE: (PYRETHRINS = 69001)"," (D)",""," (D)",""," (D)",""," (D)",""," (D)",""
"SURVEY","2016","YEAR","","STATE","FLORIDA","12","","","","","","","00000000","","PEPPERS","CHEMICAL, INSECTICIDE","CHEMICAL, INSECTICIDE: (SPINETORAM = 110007)"," (D)",""," (D)",""," (D)",""," (D)",""," (D)",""
"SURVEY","2016","YEAR","","STATE","FLORIDA","12","","","","","","","00000000","","PEPPERS","CHEMICAL, INSECTICIDE","CHEMICAL, INSECTICIDE: (SPIROMESIFEN = 24875)"," (D)",""," (D)",""," (D)",""," (D)",""," (D)",""
"SURVEY","2016","YEAR","","STATE","FLORIDA","12","","","","","","","00000000","","PEPPERS","CHEMICAL, INSECTICIDE","CHEMICAL, INSECTICIDE: (THIAMETHOXAM = 60109)"," (D)",""," (D)",""," (D)",""," (D)",""," (D)",""
"SURVEY","2016","YEAR","","STATE","FLORIDA","12","","","","","","","00000000","","PEPPERS","CHEMICAL, INSECTICIDE","CHEMICAL, INSECTICIDE: (TOTAL)"," (D)","","","","","","",""," (D)",""
"SURVEY","2016","YEAR","","STATE","FLORIDA","12","","","","","","","00000000","","PEPPERS","CHEMICAL, INSECTICIDE","CHEMICAL, INSECTICIDE: (ZETA-CYPERMETHRIN = 129064)"," (D)",""," (D)",""," (D)",""," (D)",""," (D)",""
"SURVEY","2016","YEAR","","STATE","FLORIDA","12","","","","","","","00000000","","PEPPERS","CHEMICAL, OTHER","CHEMICAL, OTHER: (CHLOROPICRIN = 81501)"," (D)",""," (D)",""," (D)",""," (D)",""," (D)",""
"SURVEY","2016","YEAR","","STATE","FLORIDA","12","","","","","","","00000000","","PEPPERS","CHEMICAL, OTHER","CHEMICAL, OTHER: (DICHLOROPROPENE = 29001)"," (D)",""," (D)",""," (D)",""," (D)",""," (D)",""
"SURVEY","2016","YEAR","","STATE","FLORIDA","12","","","","","","","00000000","","PEPPERS","CHEMICAL, OTHER","CHEMICAL, OTHER: (HYDROGEN PEROXIDE = 595)"," (D)",""," (D)",""," (D)",""," (D)",""," (D)",""
"SURVEY","2016","YEAR","","STATE","FLORIDA","12","","","","","","","00000000","","PEPPERS","CHEMICAL, OTHER","CHEMICAL, OTHER: (METAM-POTASSIUM = 39002)"," (D)",""," (D)",""," (D)",""," (D)",""," (D)",""
"SURVEY","2016","YEAR","","STATE","FLORIDA","12","","","","","","","00000000","","PEPPERS","CHEMICAL, OTHER","CHEMICAL, OTHER: (TOTAL)"," (D)","","","","","","",""," (D)",""
"SURVEY","2016","YEAR","","STATE","GEORGIA","13","","","","","","","00000000","","PEPPERS","CHEMICAL, FUNGICIDE","CHEMICAL, FUNGICIDE: (AZOXYSTROBIN = 128810)"," (D)",""," (D)",""," (D)",""," (D)",""," (D)",""
"SURVEY","2016","YEAR","","STATE","GEORGIA","13","","","","","","","00000000","","PEPPERS","CHEMICAL, FUNGICIDE","CHEMICAL, FUNGICIDE: (CHLOROTHALONIL = 81901)"," (D)",""," (D)",""," (D)",""," (D)",""," (D)",""
"SURVEY","2016","YEAR","","STATE","GEORGIA","13","","","","","","","00000000","","PEPPERS","CHEMICAL, FUNGICIDE","CHEMICAL, FUNGICIDE: (COPPER HYDROXIDE = 23401)"," (D)",""," (D)",""," (D)",""," (D)",""," (D)",""
"SURVEY","2016","YEAR","","STATE","GEORGIA","13","","","","","","","00000000","","PEPPERS","CHEMICAL, FUNGICIDE","CHEMICAL, FUNGICIDE: (DIFENOCONAZOLE = 128847)"," (D)",""," (D)",""," (D)",""," (D)",""," (D)",""
"SURVEY","2016","YEAR","","STATE","GEORGIA","13","","","","","","","00000000","","PEPPERS","CHEMICAL, FUNGICIDE","CHEMICAL, FUNGICIDE: (FLUOPICOLIDE = 27412)"," (D)",""," (D)",""," (D)",""," (D)",""," (D)",""
"SURVEY","2016","YEAR","","STATE","GEORGIA","13","","","","","","","00000000","","PEPPERS","CHEMICAL, FUNGICIDE","CHEMICAL, FUNGICIDE: (MANCOZEB = 14504)"," (D)",""," (D)",""," (D)",""," (D)",""," (D)",""
"SURVEY","2016","YEAR","","STATE","GEORGIA","13","","","","","","","00000000","","PEPPERS","CHEMICAL, FUNGICIDE","CHEMICAL, FUNGICIDE: (MEFENOXAM = 113502)"," (D)",""," (D)",""," (D)",""," (D)",""," (D)",""
"SURVEY","2016","YEAR","","STATE","GEORGIA","13","","","","","","","00000000","","PEPPERS","CHEMICAL, FUNGICIDE","CHEMICAL, FUNGICIDE: (PYRACLOSTROBIN = 99100)"," (D)",""," (D)",""," (D)",""," (D)",""," (D)",""
"SURVEY","2016","YEAR","","STATE","GEORGIA","13","","","","","","","00000000","","PEPPERS","CHEMICAL, FUNGICIDE","CHEMICAL, FUNGICIDE: (QUINOLINE = 55459)"," (D)",""," (D)",""," (D)",""," (D)",""," (D)",""
"SURVEY","2016","YEAR","","STATE","GEORGIA","13","","","","","","","00000000","","PEPPERS","CHEMICAL, FUNGICIDE","CHEMICAL, FUNGICIDE: (TOTAL)"," (D)","","","","","","",""," (D)",""
"SURVEY","2016","YEAR","","STATE","GEORGIA","13","","","","","","","00000000","","PEPPERS","CHEMICAL, HERBICIDE","CHEMICAL, HERBICIDE: (PARAQUAT = 61601)"," (D)",""," (D)",""," (D)",""," (D)",""," (D)",""
"SURVEY","2016","YEAR","","STATE","GEORGIA","13","","","","","","","00000000","","PEPPERS","CHEMICAL, HERBICIDE","CHEMICAL, HERBICIDE: (S-METOLACHLOR = 108800)"," (D)",""," (D)",""," (D)",""," (D)",""," (D)",""
"SURVEY","2016","YEAR","","STATE","GEORGIA","13","","","","","","","00000000","","PEPPERS","CHEMICAL, HERBICIDE","CHEMICAL, HERBICIDE: (TOTAL)"," (D)","","","","","","",""," (D)",""
"SURVEY","2016","YEAR","","STATE","GEORGIA","13","","","","","","","00000000","","PEPPERS","CHEMICAL, INSECTICIDE","CHEMICAL, INSECTICIDE: (ACETAMIPRID = 99050)"," (D)",""," (D)",""," (D)",""," (D)",""," (D)",""
"SURVEY","2016","YEAR","","STATE","GEORGIA","13","","","","","","","00000000","","PEPPERS","CHEMICAL, INSECTICIDE","CHEMICAL, INSECTICIDE: (BIFENTHRIN = 128825)"," (D)",""," (D)",""," (D)",""," (D)",""," (D)",""
"SURVEY","2016","YEAR","","STATE","GEORGIA","13","","","","","","","00000000","","PEPPERS","CHEMICAL, INSECTICIDE","CHEMICAL, INSECTICIDE: (CHLORANTRANILIPROLE = 90100)"," (D)",""," (D)",""," (D)",""," (D)",""," (D)",""
"SURVEY","2016","YEAR","","STATE","GEORGIA","13","","","","","","","00000000","","PEPPERS","CHEMICAL, INSECTICIDE","CHEMICAL, INSECTICIDE: (CYFLUTHRIN = 128831)"," (D)",""," (D)",""," (D)",""," (D)",""," (D)",""
"SURVEY","2016","YEAR","","STATE","GEORGIA","13","","","","","","","00000000","","PEPPERS","CHEMICAL, INSECTICIDE","CHEMICAL, INSECTICIDE: (IMIDACLOPRID = 129099)"," (D)",""," (D)",""," (D)",""," (D)",""," (D)",""
"SURVEY","2016","YEAR","","STATE","GEORGIA","13","","","","","","","00000000","","PEPPERS","CHEMICAL, INSECTICIDE","CHEMICAL, INSECTICIDE: (METHOXYFENOZIDE = 121027)"," (D)",""," (D)",""," (D)",""," (D)",""," (D)",""
"SURVEY","2016","YEAR","","STATE","GEORGIA","13","","","","","","","00000000","","PEPPERS","CHEMICAL, INSECTICIDE","CHEMICAL, INSECTICIDE: (PYRIPROXYFEN = 129032)"," (D)",""," (D)",""," (D)",""," (D)",""," (D)",""
"SURVEY","2016","YEAR","","STATE","GEORGIA","13","","","","","","","00000000","","PEPPERS","CHEMICAL, INSECTICIDE","CHEMICAL, INSECTICIDE: (SPINETORAM = 110007)"," (D)",""," (D)",""," (D)",""," (D)",""," (D)",""
"SURVEY","2016","YEAR","","STATE","GEORGIA","13","","","","","","","00000000","","PEPPERS","CHEMICAL, INSECTICIDE","CHEMICAL, INSECTICIDE: (THIAMETHOXAM = 60109)"," (D)",""," (D)",""," (D)",""," (D)",""," (D)",""
"SURVEY","2016","YEAR","","STATE","GEORGIA","13","","","","","","","00000000","","PEPPERS","CHEMICAL, INSECTICIDE","CHEMICAL, INSECTICIDE: (TOTAL)"," (D)","","","","","","",""," (D)",""
"SURVEY","2016","YEAR","","STATE","GEORGIA","13","","","","","","","00000000","","PEPPERS","CHEMICAL, INSECTICIDE","CHEMICAL, INSECTICIDE: (ZETA-CYPERMETHRIN = 129064)"," (D)",""," (D)",""," (D)",""," (D)",""," (D)",""
"SURVEY","2016","YEAR","","STATE","GEORGIA","13","","","","","","","00000000","","PEPPERS","CHEMICAL, OTHER","CHEMICAL, OTHER: (ACIBENZOLAR-S-METHYL = 61402)"," (D)",""," (D)",""," (D)",""," (D)",""," (D)",""
"SURVEY","2016","YEAR","","STATE","GEORGIA","13","","","","","","","00000000","","PEPPERS","CHEMICAL, OTHER","CHEMICAL, OTHER: (TOTAL)"," (D)","","","","","","",""," (D)",""
"SURVEY","2016","YEAR","","STATE","NEW JERSEY","34","","","","","","","00000000","","PEPPERS","CHEMICAL, FUNGICIDE","CHEMICAL, FUNGICIDE: (AMETOCTRADIN = 119210)"," (D)",""," (D)",""," (D)",""," (D)",""," (D)",""
"SURVEY","2016","YEAR","","STATE","NEW JERSEY","34","","","","","","","00000000","","PEPPERS","CHEMICAL, FUNGICIDE","CHEMICAL, FUNGICIDE: (AZOXYSTROBIN = 128810)","400","","0.091","","0.239","","2.6","","65",""
"SURVEY","2016","YEAR","","STATE","NEW JERSEY","34","","","","","","","00000000","","PEPPERS","CHEMICAL, FUNGICIDE","CHEMICAL, FUNGICIDE: (BACILLUS AMYLOLIQUEFACIENS STRAIN D747 = 16482)"," (NA)",""," (NA)",""," (NA)",""," (D)",""," (D)",""
"SURVEY","2016","YEAR","","STATE","NEW JERSEY","34","","","","","","","00000000","","PEPPERS","CHEMICAL, FUNGICIDE","CHEMICAL, FUNGICIDE: (BASIC COPPER SULFATE = 8101)"," (D)",""," (D)",""," (D)",""," (D)",""," (D)",""
"SURVEY","2016","YEAR","","STATE","NEW JERSEY","34","","","","","","","00000000","","PEPPERS","CHEMICAL, FUNGICIDE","CHEMICAL, FUNGICIDE: (CHLOROTHALONIL = 81901)","7,200","","1.103","","6.997","","6.3","","43",""
"SURVEY","2016","YEAR","","STATE","NEW JERSEY","34","","","","","","","00000000","","PEPPERS","CHEMICAL, FUNGICIDE","CHEMICAL, FUNGICIDE: (COPPER CHLORIDE HYD. = 23501)","1,000","","0.139","","0.632","","4.5","","64",""
"SURVEY","2016","YEAR","","STATE","NEW JERSEY","34","","","","","","","00000000","","PEPPERS","CHEMICAL, FUNGICIDE","CHEMICAL, FUNGICIDE: (COPPER HYDROXIDE = 23401)","1,100","","0.143","","0.678","","4.7","","68",""
"SURVEY","2016","YEAR","","STATE","NEW JERSEY","34","","","","","","","00000000","","PEPPERS","CHEMICAL, FUNGICIDE","CHEMICAL, FUNGICIDE: (COPPER OCTANOATE = 23306)"," (D)",""," (D)",""," (D)",""," (D)",""," (D)",""
"SURVEY","2016","YEAR","","STATE","NEW JERSEY","34","","","","","","","00000000","","PEPPERS","CHEMICAL, FUNGICIDE","CHEMICAL, FUNGICIDE: (COPPER OXIDE = 25601)"," (D)",""," (D)",""," (D)",""," (D)",""," (D)",""
"SURVEY","2016","YEAR","","STATE","NEW JERSEY","34","","","","","","","00000000","","PEPPERS","CHEMICAL, FUNGICIDE","CHEMICAL, FUNGICIDE: (CYAZOFAMID = 85651)"," (D)",""," (D)",""," (D)",""," (D)",""," (D)",""
"SURVEY","2016","YEAR","","STATE","NEW JERSEY","34","","","","","","","00000000","","PEPPERS","CHEMICAL, FUNGICIDE","CHEMICAL, FUNGICIDE: (CYMOXANIL = 129106)"," (D)",""," (D)",""," (D)",""," (D)",""," (D)",""
"SURVEY","2016","YEAR","","STATE","NEW JERSEY","34","","","","","","","00000000","","PEPPERS","CHEMICAL, FUNGICIDE","CHEMICAL, FUNGICIDE: (DIFENOCONAZOLE = 128847)","100","","0.084","","0.098","","1.2","","51",""
"SURVEY","2016","YEAR","","STATE","NEW JERSEY","34","","","","","","","00000000","","PEPPERS","CHEMICAL, FUNGICIDE","CHEMICAL, FUNGICIDE: (DIMETHOMORPH = 268800)"," (D)",""," (D)",""," (D)",""," (D)",""," (D)",""
"SURVEY","2016","YEAR","","STATE","NEW JERSEY","34","","","","","","","00000000","","PEPPERS","CHEMICAL, FUNGICIDE","CHEMICAL, FUNGICIDE: (FAMOXADONE = 113202)"," (D)",""," (D)",""," (D)",""," (D)",""," (D)",""
"SURVEY","2016","YEAR","","STATE","NEW JERSEY","34","","","","","","","00000000","","PEPPERS","CHEMICAL, FUNGICIDE","CHEMICAL, FUNGICIDE: (FLUOPICOLIDE = 27412)"," (D)",""," (D)",""," (D)",""," (D)",""," (D)",""
"SURVEY","2016","YEAR","","STATE","NEW JERSEY","34","","","","","","","00000000","","PEPPERS","CHEMICAL, FUNGICIDE","CHEMICAL, FUNGICIDE: (FLUXAPYROXAD = 138009)"," (D)",""," (D)",""," (D)",""," (D)",""," (D)",""
"SURVEY","2016","YEAR","","STATE","NEW JERSEY","34","","","","","","","00000000","","PEPPERS","CHEMICAL, FUNGICIDE","CHEMICAL, FUNGICIDE: (MANCOZEB = 14504)","7,300","","0.918","","3.987","","4.3","","76",""
"SURVEY","2016","YEAR","","STATE","NEW JERSEY","34","","","","","","","00000000","","PEPPERS","CHEMICAL, FUNGICIDE","CHEMICAL, FUNGICIDE: (MANDIPROPAMIDE TECHN = 36602)"," (D)",""," (D)",""," (D)",""," (D)",""," (D)",""
"SURVEY","2016","YEAR","","STATE","NEW JERSEY","34","","","","","","","00000000","","PEPPERS","CHEMICAL, FUNGICIDE","CHEMICAL, FUNGICIDE: (MEFENOXAM = 113502)"," (D)",""," (D)",""," (D)",""," (D)",""," (D)",""
"SURVEY","2016","YEAR","","STATE","NEW JERSEY","34","","","","","","","00000000","","PEPPERS","CHEMICAL, FUNGICIDE","CHEMICAL, FUNGICIDE: (MONO-POTASSIUM SALT = 76416)"," (D)",""," (D)",""," (D)",""," (D)",""," (D)",""
"SURVEY","2016","YEAR","","STATE","NEW JERSEY","34","","","","","","","00000000","","PEPPERS","CHEMICAL, FUNGICIDE","CHEMICAL, FUNGICIDE: (MYCLOBUTANIL = 128857)"," (D)",""," (D)",""," (D)",""," (D)",""," (D)",""
"SURVEY","2016","YEAR","","STATE","NEW JERSEY","34","","","","","","","00000000","","PEPPERS","CHEMICAL, FUNGICIDE","CHEMICAL, FUNGICIDE: (OXATHIAPIPROLIN = 128111)"," (D)",""," (D)",""," (D)",""," (D)",""," (D)",""
"SURVEY","2016","YEAR","","STATE","NEW JERSEY","34","","","","","","","00000000","","PEPPERS","CHEMICAL, FUNGICIDE","CHEMICAL, FUNGICIDE: (PROPAMOCARB HYDROCH. = 119302)"," (D)",""," (D)",""," (D)",""," (D)",""," (D)",""
"SURVEY","2016","YEAR","","STATE","NEW JERSEY","34","","","","","","","00000000","","PEPPERS","CHEMICAL, FUNGICIDE","CHEMICAL, FUNGICIDE: (PYRACLOSTROBIN = 99100)","100","","0.138","","0.268","","1.9","","11",""
"SURVEY","2016","YEAR","","STATE","NEW JERSEY","34","","","","","","","00000000","","PEPPERS","CHEMICAL, FUNGICIDE","CHEMICAL, FUNGICIDE: (QUINOLINE = 55459)"," (D)",""," (D)",""," (D)",""," (D)",""," (D)",""
"SURVEY","2016","YEAR","","STATE","NEW JERSEY","34","","","","","","","00000000","","PEPPERS","CHEMICAL, FUNGICIDE","CHEMICAL, FUNGICIDE: (STREPTOMYCES LYDICUS = 6327)"," (NA)",""," (NA)",""," (NA)",""," (D)",""," (D)",""
"SURVEY","2016","YEAR","","STATE","NEW JERSEY","34","","","","","","","00000000","","PEPPERS","CHEMICAL, FUNGICIDE","CHEMICAL, FUNGICIDE: (TOTAL)","21,000","","","","","","","","94",""
"SURVEY","2016","YEAR","","STATE","NEW JERSEY","34","","","","","","","00000000","","PEPPERS","CHEMICAL, HERBICIDE","CHEMICAL, HERBICIDE: (CLOMAZONE = 125401)"," (D)",""," (D)",""," (D)",""," (D)",""," (D)",""
"SURVEY","2016","YEAR","","STATE","NEW JERSEY","34","","","","","","","00000000","","PEPPERS","CHEMICAL, HERBICIDE","CHEMICAL, HERBICIDE: (FOMESAFEN SODIUM = 123802)"," (D)",""," (D)",""," (D)",""," (D)",""," (D)",""
"SURVEY","2016","YEAR","","STATE","NEW JERSEY","34","","","","","","","00000000","","PEPPERS","CHEMICAL, HERBICIDE","CHEMICAL, HERBICIDE: (METRIBUZIN = 101101)"," (D)",""," (D)",""," (D)",""," (D)",""," (D)",""
"SURVEY","2016","YEAR","","STATE","NEW JERSEY","34","","","","","","","00000000","","PEPPERS","CHEMICAL, HERBICIDE","CHEMICAL, HERBICIDE: (NAPROPAMIDE = 103001)","900","","1.259","","1.711","","1.4","","21",""
"SURVEY","2016","YEAR","","STATE","NEW JERSEY","34","","","","","","","00000000","","PEPPERS","CHEMICAL, HERBICIDE","CHEMICAL, HERBICIDE: (PARAQUAT = 61601)"," (D)",""," (D)",""," (D)",""," (D)",""," (D)",""
"SURVEY","2016","YEAR","","STATE","NEW JERSEY","34","","","","","","","00000000","","PEPPERS","CHEMICAL, HERBICIDE","CHEMICAL, HERBICIDE: (PENDIMETHALIN = 108501)","200","","0.904","","0.904","","1","","10",""
"SURVEY","2016","YEAR","","STATE","NEW JERSEY","34","","","","","","","00000000","","PEPPERS","CHEMICAL, HERBICIDE","CHEMICAL, HERBICIDE: (S-METOLACHLOR = 108800)","1,500","","2.116","","2.826","","1.3","","23",""
"SURVEY","2016","YEAR","","STATE","NEW JERSEY","34","","","","","","","00000000","","PEPPERS","CHEMICAL, HERBICIDE","CHEMICAL, HERBICIDE: (TOTAL)","3,000","","","","","","","","47",""
"SURVEY","2016","YEAR","","STATE","NEW JERSEY","34","","","","","","","00000000","","PEPPERS","CHEMICAL, INSECTICIDE","CHEMICAL, INSECTICIDE: (ACEPHATE = 103301)"," (D)",""," (D)",""," (D)",""," (D)",""," (D)",""
"SURVEY","2016","YEAR","","STATE","NEW JERSEY","34","","","","","","","00000000","","PEPPERS","CHEMICAL, INSECTICIDE","CHEMICAL, INSECTICIDE: (BETA-CYFLUTHRIN = 118831)"," (D)",""," (D)",""," (D)",""," (D)",""," (D)",""
"SURVEY","2016","YEAR","","STATE","NEW JERSEY","34","","","","","","","00000000","","PEPPERS","CHEMICAL, INSECTICIDE","CHEMICAL, INSECTICIDE: (BIFENTHRIN = 128825)"," (D)",""," (D)",""," (D)",""," (D)",""," (D)",""
"SURVEY","2016","YEAR","","STATE","NEW JERSEY","34","","","","","","","00000000","","PEPPERS","CHEMICAL, INSECTICIDE","CHEMICAL, INSECTICIDE: (CARBARYL = 56801)"," (D)",""," (D)",""," (D)",""," (D)",""," (D)",""
"SURVEY","2016","YEAR","","STATE","NEW JERSEY","34","","","","","","","00000000","","PEPPERS","CHEMICAL, INSECTICIDE","CHEMICAL, INSECTICIDE: (CHLORANTRANILIPROLE = 90100)"," (D)",""," (D)",""," (D)",""," (D)",""," (D)",""
"SURVEY","2016","YEAR","","STATE","NEW JERSEY","34","","","","","","","00000000","","PEPPERS","CHEMICAL, INSECTICIDE","CHEMICAL, INSECTICIDE: (CYFLUTHRIN = 128831)"," (D)",""," (D)",""," (D)",""," (D)",""," (D)",""
"SURVEY","2016","YEAR","","STATE","NEW JERSEY","34","","","","","","","00000000","","PEPPERS","CHEMICAL, INSECTICIDE","CHEMICAL, INSECTICIDE: (DIMETHOATE = 35001)"," (D)",""," (D)",""," (D)",""," (D)",""," (D)",""
"SURVEY","2016","YEAR","","STATE","NEW JERSEY","34","","","","","","","00000000","","PEPPERS","CHEMICAL, INSECTICIDE","CHEMICAL, INSECTICIDE: (ESFENVALERATE = 109303)"," (D)",""," (D)",""," (D)",""," (D)",""," (D)",""
"SURVEY","2016","YEAR","","STATE","NEW JERSEY","34","","","","","","","00000000","","PEPPERS","CHEMICAL, INSECTICIDE","CHEMICAL, INSECTICIDE: (FENPYROXIMATE = 129131)"," (D)",""," (D)",""," (D)",""," (D)",""," (D)",""
"SURVEY","2016","YEAR","","STATE","NEW JERSEY","34","","","","","","","00000000","","PEPPERS","CHEMICAL, INSECTICIDE","CHEMICAL, INSECTICIDE: (FLONICAMID = 128016)"," (D)",""," (D)",""," (D)",""," (D)",""," (D)",""
"SURVEY","2016","YEAR","","STATE","NEW JERSEY","34","","","","","","","00000000","","PEPPERS","CHEMICAL, INSECTICIDE","CHEMICAL, INSECTICIDE: (IMIDACLOPRID = 129099)","300","","0.104","","1.102","","10.6","","10",""
"SURVEY","2016","YEAR","","STATE","NEW JERSEY","34","","","","","","","00000000","","PEPPERS","CHEMICAL, INSECTICIDE","CHEMICAL, INSECTICIDE: (INDOXACARB = 67710)"," (D)",""," (D)",""," (D)",""," (D)",""," (D)",""
"SURVEY","2016","YEAR","","STATE","NEW JERSEY","34","","","","","","","00000000","","PEPPERS","CHEMICAL, INSECTICIDE","CHEMICAL, INSECTICIDE: (LAMBDA-CYHALOTHRIN = 128897)"," (D)",""," (D)",""," (D)",""," (D)",""," (D)",""
"SURVEY","2016","YEAR","","STATE","NEW JERSEY","34","","","","","","","00000000","","PEPPERS","CHEMICAL, INSECTICIDE","CHEMICAL, INSECTICIDE: (METHOMYL = 90301)","300","","0.201","","1.051","","5.2","","12",""
"SURVEY","2016","YEAR","","STATE","NEW JERSEY","34","","","","","","","00000000","","PEPPERS","CHEMICAL, INSECTICIDE","CHEMICAL, INSECTICIDE: (METHOXYFENOZIDE = 121027)"," (D)",""," (D)",""," (D)",""," (D)",""," (D)",""
"SURVEY","2016","YEAR","","STATE","NEW JERSEY","34","","","","","","","00000000","","PEPPERS","CHEMICAL, INSECTICIDE","CHEMICAL, INSECTICIDE: (PERMETHRIN = 109701)"," (D)",""," (D)",""," (D)",""," (D)",""," (D)",""
"SURVEY","2016","YEAR","","STATE","NEW JERSEY","34","","","","","","","00000000","","PEPPERS","CHEMICAL, INSECTICIDE","CHEMICAL, INSECTICIDE: (SPINETORAM = 110007)"," (D)",""," (D)",""," (D)",""," (D)",""," (D)",""
"SURVEY","2016","YEAR","","STATE","NEW JERSEY","34","","","","","","","00000000","","PEPPERS","CHEMICAL, INSECTICIDE","CHEMICAL, INSECTICIDE: (SPIROMESIFEN = 24875)"," (D)",""," (D)",""," (D)",""," (D)",""," (D)",""
"SURVEY","2016","YEAR","","STATE","NEW JERSEY","34","","","","","","","00000000","","PEPPERS","CHEMICAL, INSECTICIDE","CHEMICAL, INSECTICIDE: (TOTAL)","1,600","","","","","","","","89",""
"SURVEY","2016","YEAR","","STATE","NEW JERSEY","34","","","","","","","00000000","","PEPPERS","CHEMICAL, INSECTICIDE","CHEMICAL, INSECTICIDE: (ZETA-CYPERMETHRIN = 129064)","100","","0.024","","0.083","","3.5","","67",""
"SURVEY","2016","YEAR","","STATE","NEW JERSEY","34","","","","","","","00000000","","PEPPERS","CHEMICAL, OTHER","CHEMICAL, OTHER: (CYTOKININS = 116801)"," (D)",""," (D)",""," (D)",""," (D)",""," (D)",""
"SURVEY","2016","YEAR","","STATE","NEW JERSEY","34","","","","","","","00000000","","PEPPERS","CHEMICAL, OTHER","CHEMICAL, OTHER: (FLUTRIAFOL = 128940)"," (D)",""," (D)",""," (D)",""," (D)",""," (D)",""
"SURVEY","2016","YEAR","","STATE","NEW JERSEY","34","","","","","","","00000000","","PEPPERS","CHEMICAL, OTHER","CHEMICAL, OTHER: (HYDROGEN PEROXIDE = 595)"," (D)",""," (D)",""," (D)",""," (D)",""," (D)",""
"SURVEY","2016","YEAR","","STATE","NEW JERSEY","34","","","","","","","00000000","","PEPPERS","CHEMICAL, OTHER","CHEMICAL, OTHER: (INDOLEBUTYRIC ACID = 46701)"," (D)",""," (D)",""," (D)",""," (D)",""," (D)",""
"SURVEY","2016","YEAR","","STATE","NEW JERSEY","34","","","","","","","00000000","","PEPPERS","CHEMICAL, OTHER","CHEMICAL, OTHER: (PEROXYACETIC ACID = 63201)"," (D)",""," (D)",""," (D)",""," (D)",""," (D)",""
"SURVEY","2016","YEAR","","STATE","NEW JERSEY","34","","","","","","","00000000","","PEPPERS","CHEMICAL, OTHER","CHEMICAL, OTHER: (TOTAL)","1,500","","","","","","","","18",""
"SURVEY","2016","YEAR","","STATE","NORTH CAROLINA","37","","","","","","","00000000","","PEPPERS","CHEMICAL, FUNGICIDE","CHEMICAL, FUNGICIDE: (AMETOCTRADIN = 119210)"," (D)",""," (D)",""," (D)",""," (D)",""," (D)",""
"SURVEY","2016","YEAR","","STATE","NORTH CAROLINA","37","","","","","","","00000000","","PEPPERS","CHEMICAL, FUNGICIDE","CHEMICAL, FUNGICIDE: (AZOXYSTROBIN = 128810)","500","","0.118","","0.343","","2.9","","61",""
"SURVEY","2016","YEAR","","STATE","NORTH CAROLINA","37","","","","","","","00000000","","PEPPERS","CHEMICAL, FUNGICIDE","CHEMICAL, FUNGICIDE: (BACILLUS SUBTILIS = 6479)"," (NA)",""," (NA)",""," (NA)",""," (D)",""," (D)",""
"SURVEY","2016","YEAR","","STATE","NORTH CAROLINA","37","","","","","","","00000000","","PEPPERS","CHEMICAL, FUNGICIDE","CHEMICAL, FUNGICIDE: (BASIC COPPER SULFATE = 8101)"," (D)",""," (D)",""," (D)",""," (D)",""," (D)",""
"SURVEY","2016","YEAR","","STATE","NORTH CAROLINA","37","","","","","","","00000000","","PEPPERS","CHEMICAL, FUNGICIDE","CHEMICAL, FUNGICIDE: (CHLOROTHALONIL = 81901)","4,900","","0.882","","2.787","","3.2","","73",""
"SURVEY","2016","YEAR","","STATE","NORTH CAROLINA","37","","","","","","","00000000","","PEPPERS","CHEMICAL, FUNGICIDE","CHEMICAL, FUNGICIDE: (COPPER CHLORIDE HYD. = 23501)"," (D)",""," (D)",""," (D)",""," (D)",""," (D)",""
"SURVEY","2016","YEAR","","STATE","NORTH CAROLINA","37","","","","","","","00000000","","PEPPERS","CHEMICAL, FUNGICIDE","CHEMICAL, FUNGICIDE: (COPPER HYDROXIDE = 23401)","2,300","","0.349","","3.013","","8.6","","32",""
"SURVEY","2016","YEAR","","STATE","NORTH CAROLINA","37","","","","","","","00000000","","PEPPERS","CHEMICAL, FUNGICIDE","CHEMICAL, FUNGICIDE: (COPPER OXIDE = 25601)"," (D)",""," (D)",""," (D)",""," (D)",""," (D)",""
"SURVEY","2016","YEAR","","STATE","NORTH CAROLINA","37","","","","","","","00000000","","PEPPERS","CHEMICAL, FUNGICIDE","CHEMICAL, FUNGICIDE: (COPPER SULFATE = 24401)"," (D)",""," (D)",""," (D)",""," (D)",""," (D)",""
"SURVEY","2016","YEAR","","STATE","NORTH CAROLINA","37","","","","","","","00000000","","PEPPERS","CHEMICAL, FUNGICIDE","CHEMICAL, FUNGICIDE: (CYAZOFAMID = 85651)"," (D)",""," (D)",""," (D)",""," (D)",""," (D)",""
"SURVEY","2016","YEAR","","STATE","NORTH CAROLINA","37","","","","","","","00000000","","PEPPERS","CHEMICAL, FUNGICIDE","CHEMICAL, FUNGICIDE: (CYMOXANIL = 129106)"," (D)",""," (D)",""," (D)",""," (D)",""," (D)",""
"SURVEY","2016","YEAR","","STATE","NORTH CAROLINA","37","","","","","","","00000000","","PEPPERS","CHEMICAL, FUNGICIDE","CHEMICAL, FUNGICIDE: (DIFENOCONAZOLE = 128847)"," (Z)","","0.06","","0.13","","2.1","","5",""
"SURVEY","2016","YEAR","","STATE","NORTH CAROLINA","37","","","","","","","00000000","","PEPPERS","CHEMICAL, FUNGICIDE","CHEMICAL, FUNGICIDE: (DIMETHOMORPH = 268800)"," (D)",""," (D)",""," (D)",""," (D)",""," (D)",""
"SURVEY","2016","YEAR","","STATE","NORTH CAROLINA","37","","","","","","","00000000","","PEPPERS","CHEMICAL, FUNGICIDE","CHEMICAL, FUNGICIDE: (FAMOXADONE = 113202)"," (D)",""," (D)",""," (D)",""," (D)",""," (D)",""
"SURVEY","2016","YEAR","","STATE","NORTH CAROLINA","37","","","","","","","00000000","","PEPPERS","CHEMICAL, FUNGICIDE","CHEMICAL, FUNGICIDE: (FLUOPICOLIDE = 27412)"," (D)",""," (D)",""," (D)",""," (D)",""," (D)",""
"SURVEY","2016","YEAR","","STATE","NORTH CAROLINA","37","","","","","","","00000000","","PEPPERS","CHEMICAL, FUNGICIDE","CHEMICAL, FUNGICIDE: (MANCOZEB = 14504)","2,000","","1.216","","2.853","","2.3","","29",""
"SURVEY","2016","YEAR","","STATE","NORTH CAROLINA","37","","","","","","","00000000","","PEPPERS","CHEMICAL, FUNGICIDE","CHEMICAL, FUNGICIDE: (MANDIPROPAMIDE TECHN = 36602)"," (D)",""," (D)",""," (D)",""," (D)",""," (D)",""
"SURVEY","2016","YEAR","","STATE","NORTH CAROLINA","37","","","","","","","00000000","","PEPPERS","CHEMICAL, FUNGICIDE","CHEMICAL, FUNGICIDE: (MANEB = 14505)"," (D)",""," (D)",""," (D)",""," (D)",""," (D)",""
"SURVEY","2016","YEAR","","STATE","NORTH CAROLINA","37","","","","","","","00000000","","PEPPERS","CHEMICAL, FUNGICIDE","CHEMICAL, FUNGICIDE: (MEFENOXAM = 113502)"," (D)",""," (D)",""," (D)",""," (D)",""," (D)",""
"SURVEY","2016","YEAR","","STATE","NORTH CAROLINA","37","","","","","","","00000000","","PEPPERS","CHEMICAL, FUNGICIDE","CHEMICAL, FUNGICIDE: (MONO-POTASSIUM SALT = 76416)"," (D)",""," (D)",""," (D)",""," (D)",""," (D)",""
"SURVEY","2016","YEAR","","STATE","NORTH CAROLINA","37","","","","","","","00000000","","PEPPERS","CHEMICAL, FUNGICIDE","CHEMICAL, FUNGICIDE: (PENTHIOPYRAD = 90112)"," (D)",""," (D)",""," (D)",""," (D)",""," (D)",""
"SURVEY","2016","YEAR","","STATE","NORTH CAROLINA","37","","","","","","","00000000","","PEPPERS","CHEMICAL, FUNGICIDE","CHEMICAL, FUNGICIDE: (QUINOLINE = 55459)"," (D)",""," (D)",""," (D)",""," (D)",""," (D)",""
"SURVEY","2016","YEAR","","STATE","NORTH CAROLINA","37","","","","","","","00000000","","PEPPERS","CHEMICAL, FUNGICIDE","CHEMICAL, FUNGICIDE: (TEBUCONAZOLE = 128997)"," (D)",""," (D)",""," (D)",""," (D)",""," (D)",""
"SURVEY","2016","YEAR","","STATE","NORTH CAROLINA","37","","","","","","","00000000","","PEPPERS","CHEMICAL, FUNGICIDE","CHEMICAL, FUNGICIDE: (THIOPHANATE-METHYL = 102001)"," (D)",""," (D)",""," (D)",""," (D)",""," (D)",""
"SURVEY","2016","YEAR","","STATE","NORTH CAROLINA","37","","","","","","","00000000","","PEPPERS","CHEMICAL, FUNGICIDE","CHEMICAL, FUNGICIDE: (TOTAL)","20,300","","","","","","","","93",""
"SURVEY","2016","YEAR","","STATE","NORTH CAROLINA","37","","","","","","","00000000","","PEPPERS","CHEMICAL, HERBICIDE","CHEMICAL, HERBICIDE: (CARFENTRAZONE-ETHYL = 128712)"," (D)",""," (D)",""," (D)",""," (D)",""," (D)",""
"SURVEY","2016","YEAR","","STATE","NORTH CAROLINA","37","","","","","","","00000000","","PEPPERS","CHEMICAL, HERBICIDE","CHEMICAL, HERBICIDE: (CLETHODIM = 121011)"," (D)",""," (D)",""," (D)",""," (D)",""," (D)",""
"SURVEY","2016","YEAR","","STATE","NORTH CAROLINA","37","","","","","","","00000000","","PEPPERS","CHEMICAL, HERBICIDE","CHEMICAL, HERBICIDE: (FLUMIOXAZIN = 129034)"," (D)",""," (D)",""," (D)",""," (D)",""," (D)",""
"SURVEY","2016","YEAR","","STATE","NORTH CAROLINA","37","","","","","","","00000000","","PEPPERS","CHEMICAL, HERBICIDE","CHEMICAL, HERBICIDE: (FOMESAFEN SODIUM = 123802)"," (D)",""," (D)",""," (D)",""," (D)",""," (D)",""
"SURVEY","2016","YEAR","","STATE","NORTH CAROLINA","37","","","","","","","00000000","","PEPPERS","CHEMICAL, HERBICIDE","CHEMICAL, HERBICIDE: (GLYPHOSATE POT. SALT = 103613)"," (D)",""," (D)",""," (D)",""," (D)",""," (D)",""
"SURVEY","2016","YEAR","","STATE","NORTH CAROLINA","37","","","","","","","00000000","","PEPPERS","CHEMICAL, HERBICIDE","CHEMICAL, HERBICIDE: (NAPROPAMIDE = 103001)"," (D)",""," (D)",""," (D)",""," (D)",""," (D)",""
"SURVEY","2016","YEAR","","STATE","NORTH CAROLINA","37","","","","","","","00000000","","PEPPERS","CHEMICAL, HERBICIDE","CHEMICAL, HERBICIDE: (PARAQUAT = 61601)","300","","0.361","","0.403","","1.1","","33",""
"SURVEY","2016","YEAR","","STATE","NORTH CAROLINA","37","","","","","","","00000000","","PEPPERS","CHEMICAL, HERBICIDE","CHEMICAL, HERBICIDE: (S-METOLACHLOR = 108800)"," (D)",""," (D)",""," (D)",""," (D)",""," (D)",""
"SURVEY","2016","YEAR","","STATE","NORTH CAROLINA","37","","","","","","","00000000","","PEPPERS","CHEMICAL, HERBICIDE","CHEMICAL, HERBICIDE: (TOTAL)","4,100","","","","","","","","91",""
"SURVEY","2016","YEAR","","STATE","NORTH CAROLINA","37","","","","","","","00000000","","PEPPERS","CHEMICAL, HERBICIDE","CHEMICAL, HERBICIDE: (TRIFLURALIN = 36101)"," (D)",""," (D)",""," (D)",""," (D)",""," (D)",""
"SURVEY","2016","YEAR","","STATE","NORTH CAROLINA","37","","","","","","","00000000","","PEPPERS","CHEMICAL, INSECTICIDE","CHEMICAL, INSECTICIDE: (ABAMECTIN = 122804)"," (D)",""," (D)",""," (D)",""," (D)",""," (D)",""
"SURVEY","2016","YEAR","","STATE","NORTH CAROLINA","37","","","","","","","00000000","","PEPPERS","CHEMICAL, INSECTICIDE","CHEMICAL, INSECTICIDE: (ACEPHATE = 103301)","1,900","","0.815","","1.555","","1.9","","51",""
"SURVEY","2016","YEAR","","STATE","NORTH CAROLINA","37","","","","","","","00000000","","PEPPERS","CHEMICAL, INSECTICIDE","CHEMICAL, INSECTICIDE: (BIFENTHRIN = 128825)"," (D)",""," (D)",""," (D)",""," (D)",""," (D)",""
"SURVEY","2016","YEAR","","STATE","NORTH CAROLINA","37","","","","","","","00000000","","PEPPERS","CHEMICAL, INSECTICIDE","CHEMICAL, INSECTICIDE: (CHLORANTRANILIPROLE = 90100)","300","","0.051","","0.15","","3","","77",""
"SURVEY","2016","YEAR","","STATE","NORTH CAROLINA","37","","","","","","","00000000","","PEPPERS","CHEMICAL, INSECTICIDE","CHEMICAL, INSECTICIDE: (CYFLUTHRIN = 128831)"," (D)",""," (D)",""," (D)",""," (D)",""," (D)",""
"SURVEY","2016","YEAR","","STATE","NORTH CAROLINA","37","","","","","","","00000000","","PEPPERS","CHEMICAL, INSECTICIDE","CHEMICAL, INSECTICIDE: (DIMETHOATE = 35001)","700","","0.222","","0.411","","1.9","","76",""
"SURVEY","2016","YEAR","","STATE","NORTH CAROLINA","37","","","","","","","00000000","","PEPPERS","CHEMICAL, INSECTICIDE","CHEMICAL, INSECTICIDE: (ESFENVALERATE = 109303)"," (D)",""," (D)",""," (D)",""," (D)",""," (D)",""
"SURVEY","2016","YEAR","","STATE","NORTH CAROLINA","37","","","","","","","00000000","","PEPPERS","CHEMICAL, INSECTICIDE","CHEMICAL, INSECTICIDE: (IMIDACLOPRID = 129099)"," (D)",""," (D)",""," (D)",""," (D)",""," (D)",""
"SURVEY","2016","YEAR","","STATE","NORTH CAROLINA","37","","","","","","","00000000","","PEPPERS","CHEMICAL, INSECTICIDE","CHEMICAL, INSECTICIDE: (INDOXACARB = 67710)"," (D)",""," (D)",""," (D)",""," (D)",""," (D)",""
"SURVEY","2016","YEAR","","STATE","NORTH CAROLINA","37","","","","","","","00000000","","PEPPERS","CHEMICAL, INSECTICIDE","CHEMICAL, INSECTICIDE: (LAMBDA-CYHALOTHRIN = 128897)"," (D)",""," (D)",""," (D)",""," (D)",""," (D)",""
"SURVEY","2016","YEAR","","STATE","NORTH CAROLINA","37","","","","","","","00000000","","PEPPERS","CHEMICAL, INSECTICIDE","CHEMICAL, INSECTICIDE: (METHOMYL = 90301)"," (D)",""," (D)",""," (D)",""," (D)",""," (D)",""
"SURVEY","2016","YEAR","","STATE","NORTH CAROLINA","37","","","","","","","00000000","","PEPPERS","CHEMICAL, INSECTICIDE","CHEMICAL, INSECTICIDE: (NEEM OIL = 25006)"," (D)",""," (D)",""," (D)",""," (D)",""," (D)",""
"SURVEY","2016","YEAR","","STATE","NORTH CAROLINA","37","","","","","","","00000000","","PEPPERS","CHEMICAL, INSECTICIDE","CHEMICAL, INSECTICIDE: (PERMETHRIN = 109701)"," (D)",""," (D)",""," (D)",""," (D)",""," (D)",""
"SURVEY","2016","YEAR","","STATE","NORTH CAROLINA","37","","","","","","","00000000","","PEPPERS","CHEMICAL, INSECTICIDE","CHEMICAL, INSECTICIDE: (POTASSIUM SALTS = 79021)"," (D)",""," (D)",""," (D)",""," (D)",""," (D)",""
"SURVEY","2016","YEAR","","STATE","NORTH CAROLINA","37","","","","","","","00000000","","PEPPERS","CHEMICAL, INSECTICIDE","CHEMICAL, INSECTICIDE: (PYMETROZINE = 101103)"," (D)",""," (D)",""," (D)",""," (D)",""," (D)",""
"SURVEY","2016","YEAR","","STATE","NORTH CAROLINA","37","","","","","","","00000000","","PEPPERS","CHEMICAL, INSECTICIDE","CHEMICAL, INSECTICIDE: (THIAMETHOXAM = 60109)"," (D)",""," (D)",""," (D)",""," (D)",""," (D)",""
"SURVEY","2016","YEAR","","STATE","NORTH CAROLINA","37","","","","","","","00000000","","PEPPERS","CHEMICAL, INSECTICIDE","CHEMICAL, INSECTICIDE: (TOTAL)","4,500","","","","","","","","93",""
"SURVEY","2016","YEAR","","STATE","NORTH CAROLINA","37","","","","","","","00000000","","PEPPERS","CHEMICAL, INSECTICIDE","CHEMICAL, INSECTICIDE: (ZETA-CYPERMETHRIN = 129064)"," (D)",""," (D)",""," (D)",""," (D)",""," (D)",""
"SURVEY","2016","YEAR","","STATE","NORTH CAROLINA","37","","","","","","","00000000","","PEPPERS","CHEMICAL, OTHER","CHEMICAL, OTHER: (ACIBENZOLAR-S-METHYL = 61402)"," (D)",""," (D)",""," (D)",""," (D)",""," (D)",""
"SURVEY","2016","YEAR","","STATE","NORTH CAROLINA","37","","","","","","","00000000","","PEPPERS","CHEMICAL, OTHER","CHEMICAL, OTHER: (CYTOKININS = 116801)"," (D)",""," (D)",""," (D)",""," (D)",""," (D)",""
"SURVEY","2016","YEAR","","STATE","NORTH CAROLINA","37","","","","","","","00000000","","PEPPERS","CHEMICAL, OTHER","CHEMICAL, OTHER: (DICHLOROPROPENE = 29001)"," (D)",""," (D)",""," (D)",""," (D)",""," (D)",""
"SURVEY","2016","YEAR","","STATE","NORTH CAROLINA","37","","","","","","","00000000","","PEPPERS","CHEMICAL, OTHER","CHEMICAL, OTHER: (GIBBERELLIC ACID = 43801)"," (D)",""," (D)",""," (D)",""," (D)",""," (D)",""
"SURVEY","2016","YEAR","","STATE","NORTH CAROLINA","37","","","","","","","00000000","","PEPPERS","CHEMICAL, OTHER","CHEMICAL, OTHER: (INDOLEBUTYRIC ACID = 46701)"," (D)",""," (D)",""," (D)",""," (D)",""," (D)",""
"SURVEY","2016","YEAR","","STATE","NORTH CAROLINA","37","","","","","","","00000000","","PEPPERS","CHEMICAL, OTHER","CHEMICAL, OTHER: (REYNOUTRIA SACHALINE = 55809)"," (D)",""," (D)",""," (D)",""," (D)",""," (D)",""
"SURVEY","2016","YEAR","","STATE","NORTH CAROLINA","37","","","","","","","00000000","","PEPPERS","CHEMICAL, OTHER","CHEMICAL, OTHER: (TOTAL)"," (D)","","","","","","",""," (D)",""
