eb_b034a_med3_name_CHILDQ	CHEBI:28171	5-htp		
eb_b032a_med1_name_CHILDQ	CHEBI:50667	6-mercaptopurine		
eb_b032a_med1_name_CHILDQ	CHEBI:31236	abilify		
eb_b033a_med2_name_CHILDQ	CHEBI:31236	abilify		
eb_b034a_med3_name_CHILDQ	CHEBI:31236	abilify		
eb_b036a_med5_name_CHILDQ	CHEBI:31236	abilify		
eb_b041a_med10_name_CHILDQ	CHEBI:31236	abilify		
eb_b033a_med2_name_CHILDQ	CHEBI:2379	acebutolol		
eb_b032a_med1_name_CHILDQ	CHEBI:46195	acetaminophen		
eb_b033a_med2_name_CHILDQ	CHEBI:46195	acetaminophen		
eb_b034a_med3_name_CHILDQ	CHEBI:46195	acetaminophen		
eb_b035a_med4_name_CHILDQ	CHEBI:46195	acetaminophen		
eb_b037a_med6_name_CHILDQ	CHEBI:46195	acetaminophen		
eb_b038a_med7_name_CHILDQ	CHEBI:46195	acetaminophen		
eb_b039a_med8_name_CHILDQ	CHEBI:46195	acetaminophen		
eb_b040a_med9_name_CHILDQ	CHEBI:46195	acetaminophen		
eb_b034a_med3_name_CHILDQ	CHEBI:27690	acetazolamide		
eb_b039a_med8_name_CHILDQ	CHEBI:57589	acetyl-l-carnitine		
eb_b032a_med1_name_CHILDQ	CHEBI:8769	aciphex		
eb_b034a_med3_name_CHILDQ	CHEBI:8769	aciphex		
eb_b033a_med2_name_CHILDQ	CHEBI:8869	actonel		
eb_b032a_med1_name_CHILDQ	CHEBI:6130	acular		
eb_b032a_med1_name_CHILDQ	CHEBI:2453	acyclovir		
eb_b033a_med2_name_CHILDQ	CHEBI:2453	acyclovir		
eb_b034a_med3_name_CHILDQ	CHEBI:2453	acyclovir		
eb_b035a_med4_name_CHILDQ	CHEBI:2453	acyclovir		
eb_b036a_med5_name_CHILDQ	CHEBI:2453	acyclovir		
eb_b037a_med6_name_CHILDQ	CHEBI:2453	acyclovir		
eb_b032a_med1_name_CHILDQ	CHEBI:5855	advil		
eb_b033a_med2_name_CHILDQ	CHEBI:5855	advil		
eb_b034a_med3_name_CHILDQ	CHEBI:5855	advil		
eb_b035a_med4_name_CHILDQ	CHEBI:5855	advil		
eb_b036a_med5_name_CHILDQ	CHEBI:5855	advil		
eb_b037a_med6_name_CHILDQ	CHEBI:5855	advil		
eb_b039a_med8_name_CHILDQ	CHEBI:5855	advil		
eb_b033a_med2_name_CHILDQ	CHEBI:6538	alavert		
eb_b034a_med3_name_CHILDQ	CHEBI:6538	alavert		
eb_b035a_med4_name_CHILDQ	CHEBI:6538	alavert		
eb_b032a_med1_name_CHILDQ	CHEBI:2549	albuterol		
eb_b033a_med2_name_CHILDQ	CHEBI:2549	albuterol		
eb_b034a_med3_name_CHILDQ	CHEBI:2549	albuterol		
eb_b035a_med4_name_CHILDQ	CHEBI:2549	albuterol		
eb_b036a_med5_name_CHILDQ	CHEBI:2549	albuterol		
eb_b037a_med6_name_CHILDQ	CHEBI:2549	albuterol		
eb_b038a_med7_name_CHILDQ	CHEBI:2549	albuterol		
eb_b040a_med9_name_CHILDQ	CHEBI:2549	albuterol		
eb_b034a_med3_name_CHILDQ	CHEBI:2550	albuterol sulfate		
eb_b036a_med5_name_CHILDQ	CHEBI:2550	albuterol sulfate		
eb_b032a_med1_name_CHILDQ	CHEBI:2567	alendronate		
eb_b033a_med2_name_CHILDQ	CHEBI:2567	alendronate		
eb_b034a_med3_name_CHILDQ	CHEBI:2567	alendronate		
eb_b035a_med4_name_CHILDQ	CHEBI:2567	alendronate		
eb_b036a_med5_name_CHILDQ	CHEBI:2567	alendronate		
eb_b038a_med7_name_CHILDQ	CHEBI:2567	alendronate		
eb_b032a_med1_name_CHILDQ	CHEBI:51141	alfuzosin		
eb_b033a_med2_name_CHILDQ	CHEBI:51141	alfuzosin		
eb_b033a_med2_name_CHILDQ	CHEBI:6538	allerclear		
eb_b036a_med5_name_CHILDQ	CHEBI:6538	allerclear		
eb_b032a_med1_name_CHILDQ	CHEBI:40279	allopurinol		
eb_b033a_med2_name_CHILDQ	CHEBI:40279	allopurinol		
eb_b034a_med3_name_CHILDQ	CHEBI:40279	allopurinol		
eb_b035a_med4_name_CHILDQ	CHEBI:40279	allopurinol		
eb_b036a_med5_name_CHILDQ	CHEBI:40279	allopurinol		
eb_b032a_med1_name_CHILDQ	CHEBI:40279	alopurinol		
eb_b035a_med4_name_CHILDQ	CHEBI:40279	alopurinol		
eb_b033a_med2_name_CHILDQ	CHEBI:51157	alphagan p		
eb_b032a_med1_name_CHILDQ	CHEBI:2611	alprazolam		
eb_b033a_med2_name_CHILDQ	CHEBI:2611	alprazolam		
eb_b034a_med3_name_CHILDQ	CHEBI:2611	alprazolam		
eb_b035a_med4_name_CHILDQ	CHEBI:2611	alprazolam		
eb_b036a_med5_name_CHILDQ	CHEBI:2611	alprazolam		
eb_b037a_med6_name_CHILDQ	CHEBI:2611	alprazolam		
eb_b033a_med2_name_CHILDQ	CHEBI:5383	amaryl		
eb_b036a_med5_name_CHILDQ	CHEBI:5383	amaryl		
eb_b032a_med1_name_CHILDQ	CHEBI:2639	amiloride		
eb_b034a_med3_name_CHILDQ	CHEBI:2639	amiloride		
eb_b033a_med2_name_CHILDQ	CHEBI:2663	amiodarone		
eb_b035a_med4_name_CHILDQ	CHEBI:34945	amitiza		
eb_b033a_med2_name_CHILDQ	CHEBI:2666	amitriptylin		
eb_b033a_med2_name_CHILDQ	CHEBI:2666	amitriptyline		
eb_b034a_med3_name_CHILDQ	CHEBI:2666	amitriptyline		
eb_b036a_med5_name_CHILDQ	CHEBI:2666	amitriptyline		
eb_b037a_med6_name_CHILDQ	CHEBI:2666	amitriptyline		
eb_b032a_med1_name_CHILDQ	CHEBI:2668	amlodipine		
eb_b033a_med2_name_CHILDQ	CHEBI:2668	amlodipine		
eb_b034a_med3_name_CHILDQ	CHEBI:2668	amlodipine		
eb_b035a_med4_name_CHILDQ	CHEBI:2668	amlodipine		
eb_b036a_med5_name_CHILDQ	CHEBI:2668	amlodipine		
eb_b037a_med6_name_CHILDQ	CHEBI:2668	amlodipine		
eb_b038a_med7_name_CHILDQ	CHEBI:2668	amlodipine		
eb_b039a_med8_name_CHILDQ	CHEBI:2668	amlodipine		
eb_b040a_med9_name_CHILDQ	CHEBI:2668	amlodipine		
eb_b032a_med1_name_CHILDQ	CHEBI:2669	amlodipine besylate		
eb_b033a_med2_name_CHILDQ	CHEBI:2669	amlodipine besylate		
eb_b034a_med3_name_CHILDQ	CHEBI:2669	amlodipine besylate		
eb_b035a_med4_name_CHILDQ	CHEBI:2669	amlodipine besylate		
eb_b036a_med5_name_CHILDQ	CHEBI:2669	amlodipine besylate		
eb_b037a_med6_name_CHILDQ	CHEBI:2669	amlodipine besylate		
eb_b039a_med8_name_CHILDQ	CHEBI:2669	amlodipine besylate		
eb_b033a_med2_name_CHILDQ	CHEBI:28938	ammonium		
eb_b032a_med1_name_CHILDQ	CHEBI:2676	amoxicillin		
eb_b035a_med4_name_CHILDQ	CHEBI:2676	amoxicillin		
eb_b040a_med9_name_CHILDQ	CHEBI:2676	amoxicillin		
eb_b035a_med4_name_CHILDQ	CHEBI:2679	amphetamin		
eb_b032a_med1_name_CHILDQ	CHEBI:2679	amphetamine		
eb_b032a_med1_name_CHILDQ	CHEBI:2679	amphetamine		 
eb_b033a_med2_name_CHILDQ	CHEBI:2679	amphetamine		
eb_b033a_med2_name_CHILDQ	CHEBI:2679	amphetamine		
eb_b037a_med6_name_CHILDQ	CHEBI:2679	amphetamine		
eb_b037a_med6_name_CHILDQ	CHEBI:2679	amphetamine		
eb_b032a_med1_name_CHILDQ	CHEBI:34385	ampyra		
eb_b032a_med1_name_CHILDQ	CHEBI:2704	anastrozole		
eb_b033a_med2_name_CHILDQ	CHEBI:2704	anastrozole		
eb_b034a_med3_name_CHILDQ	CHEBI:2704	anastrozole		
eb_b035a_med4_name_CHILDQ	CHEBI:2704	anastrozole		
eb_b040a_med9_name_CHILDQ	CHEBI:2704	anastrozole		
eb_b035a_med4_name_CHILDQ	CHEBI:65265	antacid		
eb_b035a_med4_name_CHILDQ	CHEBI:37956	antihistamine		
eb_b035a_med4_name_CHILDQ	CHEBI:46195	apap		
eb_b036a_med5_name_CHILDQ	CHEBI:46195	apap		
eb_b032a_med1_name_CHILDQ	CHEBI:72296	apixaban		
eb_b040a_med9_name_CHILDQ	CHEBI:77590	armodafinil		
eb_b032a_med1_name_CHILDQ	CHEBI:9584	armour thyroid		
eb_b033a_med2_name_CHILDQ	CHEBI:9584	armour thyroid		
eb_b034a_med3_name_CHILDQ	CHEBI:9584	armour thyroid		
eb_b035a_med4_name_CHILDQ	CHEBI:9584	armour thyroid		
eb_b036a_med5_name_CHILDQ	CHEBI:9584	armour thyroid		
eb_b032a_med1_name_CHILDQ	CHEBI:63610	arthrotec		
eb_b032a_med1_name_CHILDQ	CHEBI:15365	asa		
eb_b033a_med2_name_CHILDQ	CHEBI:15365	asa		
eb_b034a_med3_name_CHILDQ	CHEBI:15365	asa		
eb_b035a_med4_name_CHILDQ	CHEBI:15365	asa		
eb_b036a_med5_name_CHILDQ	CHEBI:15365	asa		
eb_b037a_med6_name_CHILDQ	CHEBI:15365	asa		
eb_b038a_med7_name_CHILDQ	CHEBI:15365	asa		
eb_b032a_med1_name_CHILDQ	CHEBI:6775	asacol		
eb_b036a_med5_name_CHILDQ	CHEBI:6775	asacol		
eb_b037a_med6_name_CHILDQ	CHEBI:22652	ascorbic acid		
eb_b037a_med6_name_CHILDQ	CHEBI:22652	ascorbic acid		
eb_b032a_med1_name_CHILDQ	CHEBI:15365	aspirin		
eb_b033a_med2_name_CHILDQ	CHEBI:15365	aspirin		
eb_b034a_med3_name_CHILDQ	CHEBI:15365	aspirin		
eb_b035a_med4_name_CHILDQ	CHEBI:15365	aspirin		
eb_b036a_med5_name_CHILDQ	CHEBI:15365	aspirin		
eb_b037a_med6_name_CHILDQ	CHEBI:15365	aspirin		
eb_b038a_med7_name_CHILDQ	CHEBI:15365	aspirin		
eb_b039a_med8_name_CHILDQ	CHEBI:15365	aspirin		
eb_b040a_med9_name_CHILDQ	CHEBI:15365	aspirin		
eb_b041a_med10_name_CHILDQ	CHEBI:15365	aspirin		
eb_b041a_med10_name_CHILDQ	CHEBI:5819	atarax		
eb_b032a_med1_name_CHILDQ	CHEBI:2904	atenolol		
eb_b033a_med2_name_CHILDQ	CHEBI:2904	atenolol		
eb_b034a_med3_name_CHILDQ	CHEBI:2904	atenolol		
eb_b035a_med4_name_CHILDQ	CHEBI:2904	atenolol		
eb_b036a_med5_name_CHILDQ	CHEBI:2904	atenolol		
eb_b032a_med1_name_CHILDQ	CHEBI:6539	ativan		
eb_b033a_med2_name_CHILDQ	CHEBI:6539	ativan		
eb_b036a_med5_name_CHILDQ	CHEBI:6539	ativan		
eb_b037a_med6_name_CHILDQ	CHEBI:127342	atomoxetine		
eb_b032a_med1_name_CHILDQ	CHEBI:39548	atorvastatin		
eb_b033a_med2_name_CHILDQ	CHEBI:39548	atorvastatin		
eb_b034a_med3_name_CHILDQ	CHEBI:39548	atorvastatin		
eb_b035a_med4_name_CHILDQ	CHEBI:39548	atorvastatin		
eb_b036a_med5_name_CHILDQ	CHEBI:39548	atorvastatin		
eb_b037a_med6_name_CHILDQ	CHEBI:39548	atorvastatin		
eb_b038a_med7_name_CHILDQ	CHEBI:39548	atorvastatin		
eb_b039a_med8_name_CHILDQ	CHEBI:39548	atorvastatin		
eb_b040a_med9_name_CHILDQ	CHEBI:39548	atorvastatin		
eb_b041a_med10_name_CHILDQ	CHEBI:39548	atorvastatin		
eb_b032a_med1_name_CHILDQ	CHEBI:50686	atorvastatin calcium		
eb_b033a_med2_name_CHILDQ	CHEBI:50686	atorvastatin calcium		
eb_b034a_med3_name_CHILDQ	CHEBI:50686	atorvastatin calcium		
eb_b035a_med4_name_CHILDQ	CHEBI:50686	atorvastatin calcium		
eb_b036a_med5_name_CHILDQ	CHEBI:50686	atorvastatin calcium		
eb_b037a_med6_name_CHILDQ	CHEBI:50686	atorvastatin calcium		
eb_b038a_med7_name_CHILDQ	CHEBI:50686	atorvastatin calcium		
eb_b039a_med8_name_CHILDQ	CHEBI:50686	atorvastatin calcium		
eb_b032a_med1_name_CHILDQ	CHEBI:5959	avapro		
eb_b032a_med1_name_CHILDQ	CHEBI:2948	azathioprine		
eb_b033a_med2_name_CHILDQ	CHEBI:2948	azathioprine		
eb_b032a_med1_name_CHILDQ	CHEBI:2950	azelastine		
eb_b033a_med2_name_CHILDQ	CHEBI:2950	azelastine		
eb_b034a_med3_name_CHILDQ	CHEBI:2950	azelastine		
eb_b035a_med4_name_CHILDQ	CHEBI:2950	azelastine		
eb_b036a_med5_name_CHILDQ	CHEBI:2950	azelastine		
eb_b037a_med6_name_CHILDQ	CHEBI:2950	azelastine		
eb_b038a_med7_name_CHILDQ	CHEBI:2950	azelastine		
eb_b040a_med9_name_CHILDQ	CHEBI:2950	azelastine		
eb_b034a_med3_name_CHILDQ	CHEBI:2951	azelastine hcl		
eb_b035a_med4_name_CHILDQ	CHEBI:2951	azelastine hcl		
eb_b036a_med5_name_CHILDQ	CHEBI:2951	azelastine hcl		
eb_b037a_med6_name_CHILDQ	CHEBI:2951	azelastine hcl		
eb_b033a_med2_name_CHILDQ	CHEBI:2955	azithromycin		
eb_b036a_med5_name_CHILDQ	CHEBI:3176	azopt		
eb_b037a_med6_name_CHILDQ	CHEBI:176304	azythromycin		
eb_b032a_med1_name_CHILDQ	CHEBI:75769	b vitamin		
eb_b032a_med1_name_CHILDQ	CHEBI:2972	baclofen		
eb_b033a_med2_name_CHILDQ	CHEBI:2972	baclofen		
eb_b035a_med4_name_CHILDQ	CHEBI:2972	baclofen		
eb_b036a_med5_name_CHILDQ	CHEBI:2972	baclofen		
eb_b039a_med8_name_CHILDQ	CHEBI:2972	baclofen		
eb_b041a_med10_name_CHILDQ	CHEBI:2972	baclofen		
eb_b033a_med2_name_CHILDQ	CHEBI:3001	beclometasone		
eb_b032a_med1_name_CHILDQ	CHEBI:66852	belviq		
eb_b032a_med1_name_CHILDQ	CHEBI:3011	benazepril		
eb_b033a_med2_name_CHILDQ	CHEBI:3011	benazepril		
eb_b034a_med3_name_CHILDQ	CHEBI:3011	benazepril		
eb_b035a_med4_name_CHILDQ	CHEBI:3011	benazepril		
eb_b036a_med5_name_CHILDQ	CHEBI:3011	benazepril		
eb_b037a_med6_name_CHILDQ	CHEBI:3011	benazepril		
eb_b040a_med9_name_CHILDQ	CHEBI:3011	benazepril		
eb_b037a_med6_name_CHILDQ	CHEBI:3012	benazepril hcl		
eb_b034a_med3_name_CHILDQ	CHEBI:188978	benzalkonium		
eb_b034a_med3_name_CHILDQ	CHEBI:3032	benzonatate		
eb_b038a_med7_name_CHILDQ	CHEBI:3032	benzonatate		
eb_b035a_med4_name_CHILDQ	CHEBI:22733	benzoyl		
eb_b035a_med4_name_CHILDQ	CHEBI:82405	benzoyl peroxide		
eb_b035a_med4_name_CHILDQ	CHEBI:31281	bepreve		
eb_b032a_med1_name_CHILDQ	CHEBI:64457	besylate		
eb_b033a_med2_name_CHILDQ	CHEBI:64457	besylate		
eb_b034a_med3_name_CHILDQ	CHEBI:64457	besylate		
eb_b035a_med4_name_CHILDQ	CHEBI:64457	besylate		
eb_b036a_med5_name_CHILDQ	CHEBI:64457	besylate		
eb_b037a_med6_name_CHILDQ	CHEBI:64457	besylate		
eb_b039a_med8_name_CHILDQ	CHEBI:64457	besylate		
eb_b034a_med3_name_CHILDQ	CHEBI:10545	beta		
eb_b033a_med2_name_CHILDQ	CHEBI:3077	betamethasone		
eb_b033a_med2_name_CHILDQ	CHEBI:31276	betamethasone dipropionate		
eb_b036a_med5_name_CHILDQ	CHEBI:17544	bicarbonate		
eb_b032a_med1_name_CHILDQ	CHEBI:15956	biotin		
eb_b033a_med2_name_CHILDQ	CHEBI:15956	biotin		
eb_b034a_med3_name_CHILDQ	CHEBI:15956	biotin		
eb_b035a_med4_name_CHILDQ	CHEBI:15956	biotin		
eb_b036a_med5_name_CHILDQ	CHEBI:15956	biotin		
eb_b037a_med6_name_CHILDQ	CHEBI:15956	biotin		
eb_b038a_med7_name_CHILDQ	CHEBI:15956	biotin		
eb_b039a_med8_name_CHILDQ	CHEBI:15956	biotin		
eb_b040a_med9_name_CHILDQ	CHEBI:15956	biotin		
eb_b041a_med10_name_CHILDQ	CHEBI:15956	biotin		
eb_b032a_med1_name_CHILDQ	CHEBI:3127	bisoprolol		
eb_b033a_med2_name_CHILDQ	CHEBI:3127	bisoprolol		
eb_b035a_med4_name_CHILDQ	CHEBI:3127	bisoprolol		
eb_b033a_med2_name_CHILDQ	CHEBI:3128	bisoprolol fumarate		
eb_b032a_med1_name_CHILDQ	CHEBI:75043	breo ellipta		
eb_b035a_med4_name_CHILDQ	CHEBI:75043	breo ellipta		
eb_b032a_med1_name_CHILDQ	CHEBI:68558	brilinta		
eb_b037a_med6_name_CHILDQ	CHEBI:68558	brilinta		
eb_b033a_med2_name_CHILDQ	CHEBI:3175	brimonidine		
eb_b036a_med5_name_CHILDQ	CHEBI:3175	brimonidine		
eb_b036a_med5_name_CHILDQ	CHEBI:15858	bromide		
eb_b039a_med8_name_CHILDQ	CHEBI:15858	bromide		
eb_b032a_med1_name_CHILDQ	CHEBI:3181	bromocriptine		
eb_b032a_med1_name_CHILDQ	CHEBI:3207	budesonide		
eb_b035a_med4_name_CHILDQ	CHEBI:3207	budesonide		
eb_b033a_med2_name_CHILDQ	CHEBI:3213	bumetanide		
eb_b035a_med4_name_CHILDQ	CHEBI:3213	bumetanide		
eb_b032a_med1_name_CHILDQ	CHEBI:3219	bupropion		
eb_b033a_med2_name_CHILDQ	CHEBI:3219	bupropion		
eb_b034a_med3_name_CHILDQ	CHEBI:3219	bupropion		
eb_b035a_med4_name_CHILDQ	CHEBI:3219	bupropion		
eb_b036a_med5_name_CHILDQ	CHEBI:3219	bupropion		
eb_b037a_med6_name_CHILDQ	CHEBI:3219	bupropion		
eb_b038a_med7_name_CHILDQ	CHEBI:3219	bupropion		
eb_b039a_med8_name_CHILDQ	CHEBI:3219	bupropion		
eb_b033a_med2_name_CHILDQ	CHEBI:3224	buspar		
eb_b034a_med3_name_CHILDQ	CHEBI:3224	buspar		
eb_b032a_med1_name_CHILDQ	CHEBI:3223	buspirone		
eb_b033a_med2_name_CHILDQ	CHEBI:3223	buspirone		
eb_b035a_med4_name_CHILDQ	CHEBI:3223	buspirone		
eb_b036a_med5_name_CHILDQ	CHEBI:3223	buspirone		
eb_b041a_med10_name_CHILDQ	CHEBI:3223	buspirone		
eb_b032a_med1_name_CHILDQ	CHEBI:3286	cabergoline		
eb_b034a_med3_name_CHILDQ	CHEBI:3286	cabergoline		
eb_b033a_med2_name_CHILDQ	CHEBI:27732	caffeine		
eb_b036a_med5_name_CHILDQ	CHEBI:28934	calciferol		
eb_b032a_med1_name_CHILDQ	CHEBI:3306	calcitonin		
eb_b037a_med6_name_CHILDQ	CHEBI:3306	calcitonin		
eb_b032a_med1_name_CHILDQ	CHEBI:17823	calcitriol		
eb_b032a_med1_name_CHILDQ	CHEBI:22984	calcium		
eb_b033a_med2_name_CHILDQ	CHEBI:22984	calcium		
eb_b034a_med3_name_CHILDQ	CHEBI:22984	calcium		
eb_b035a_med4_name_CHILDQ	CHEBI:22984	calcium		
eb_b036a_med5_name_CHILDQ	CHEBI:22984	calcium		
eb_b037a_med6_name_CHILDQ	CHEBI:22984	calcium		
eb_b038a_med7_name_CHILDQ	CHEBI:22984	calcium		
eb_b039a_med8_name_CHILDQ	CHEBI:22984	calcium		
eb_b041a_med10_name_CHILDQ	CHEBI:22984	calcium		
eb_b034a_med3_name_CHILDQ	CHEBI:3311	calcium carbonate		
eb_b036a_med5_name_CHILDQ	CHEBI:3311	calcium carbonate		
eb_b035a_med4_name_CHILDQ	CHEBI:190513	calcium citrate		
eb_b035a_med4_name_CHILDQ	CHEBI:73274	canagliflozin		
eb_b035a_med4_name_CHILDQ	CHEBI:73272	canagliflozin		
eb_b033a_med2_name_CHILDQ	CHEBI:6775	canasa		
eb_b033a_med2_name_CHILDQ	CHEBI:3387	carbamazepine		
eb_b033a_med2_name_CHILDQ	CHEBI:3395	carbidopa		
eb_b033a_med2_name_CHILDQ	CHEBI:3396	carbidopa-levodopa		
eb_b032a_med1_name_CHILDQ	CHEBI:85146	carboxymethylcellulose		
eb_b038a_med7_name_CHILDQ	CHEBI:85146	carboxymethylcellulose		
eb_b034a_med3_name_CHILDQ	CHEBI:65347	carfilzomib		
eb_b032a_med1_name_CHILDQ	CHEBI:3419	carisoprodol		
eb_b039a_med8_name_CHILDQ	CHEBI:17126	carnitine		
eb_b039a_med8_name_CHILDQ	CHEBI:3424	carnitine		
eb_b032a_med1_name_CHILDQ	CHEBI:3441	carvedilol		
eb_b033a_med2_name_CHILDQ	CHEBI:3441	carvedilol		
eb_b034a_med3_name_CHILDQ	CHEBI:3441	carvedilol		
eb_b035a_med4_name_CHILDQ	CHEBI:3441	carvedilol		
eb_b037a_med6_name_CHILDQ	CHEBI:3441	carvedilol		
eb_b034a_med3_name_CHILDQ	CHEBI:3515	cefuroxime		
eb_b032a_med1_name_CHILDQ	CHEBI:41423	celebrex		
eb_b033a_med2_name_CHILDQ	CHEBI:41423	celebrex		
eb_b034a_med3_name_CHILDQ	CHEBI:41423	celebrex		
eb_b035a_med4_name_CHILDQ	CHEBI:41423	celebrex		
eb_b036a_med5_name_CHILDQ	CHEBI:41423	celebrex		
eb_b040a_med9_name_CHILDQ	CHEBI:41423	celebrex		
eb_b032a_med1_name_CHILDQ	CHEBI:41423	celecoxib		
eb_b033a_med2_name_CHILDQ	CHEBI:41423	celecoxib		
eb_b036a_med5_name_CHILDQ	CHEBI:41423	celecoxib		
eb_b038a_med7_name_CHILDQ	CHEBI:41423	celecoxib		
eb_b039a_med8_name_CHILDQ	CHEBI:41423	celecoxib		
eb_b032a_med1_name_CHILDQ	CHEBI:3724	celexa		
eb_b033a_med2_name_CHILDQ	CHEBI:3724	celexa		
eb_b034a_med3_name_CHILDQ	CHEBI:3724	celexa		
eb_b035a_med4_name_CHILDQ	CHEBI:3724	celexa		
eb_b036a_med5_name_CHILDQ	CHEBI:3724	celexa		
eb_b040a_med9_name_CHILDQ	CHEBI:3724	celexa		
eb_b033a_med2_name_CHILDQ	CHEBI:8764	cellcept		
eb_b034a_med3_name_CHILDQ	CHEBI:8764	cellcept		
eb_b032a_med1_name_CHILDQ	CHEBI:3534	cephalexin		
eb_b041a_med10_name_CHILDQ	CHEBI:3534	cephalexin		
eb_b032a_med1_name_CHILDQ	CHEBI:3561	cetirizine		
eb_b033a_med2_name_CHILDQ	CHEBI:3561	cetirizine		
eb_b034a_med3_name_CHILDQ	CHEBI:3561	cetirizine		
eb_b035a_med4_name_CHILDQ	CHEBI:3561	cetirizine		
eb_b036a_med5_name_CHILDQ	CHEBI:3561	cetirizine		
eb_b037a_med6_name_CHILDQ	CHEBI:3561	cetirizine		
eb_b038a_med7_name_CHILDQ	CHEBI:3561	cetirizine		
eb_b040a_med9_name_CHILDQ	CHEBI:3561	cetirizine		
eb_b032a_med1_name_CHILDQ	CHEBI:3562	cetirizine hydrochloride		
eb_b033a_med2_name_CHILDQ	CHEBI:3562	cetirizine hydrochloride		
eb_b037a_med6_name_CHILDQ	CHEBI:3562	cetirizine hydrochloride		
eb_b033a_med2_name_CHILDQ	CHEBI:3568	cevimeline		
eb_b034a_med3_name_CHILDQ	CHEBI:52010	chlorpheniramine		
eb_b037a_med6_name_CHILDQ	CHEBI:52010	chlorpheniramine		
eb_b038a_med7_name_CHILDQ	CHEBI:52010	chlorpheniramine		
eb_b038a_med7_name_CHILDQ	CHEBI:3645	chlorpheniramine maleate		
eb_b033a_med2_name_CHILDQ	CHEBI:3654	chlorthalidone		
eb_b035a_med4_name_CHILDQ	CHEBI:3654	chlorthalidone		
eb_b037a_med6_name_CHILDQ	CHEBI:3654	chlorthalidone		
eb_b039a_med8_name_CHILDQ	CHEBI:3654	chlorthalidone		
eb_b036a_med5_name_CHILDQ	CHEBI:28940	cholecalciferol		
eb_b032a_med1_name_CHILDQ	CHEBI:16113	cholesterol		
eb_b032a_med1_name_CHILDQ	CHEBI:16137	chondroitin		
eb_b035a_med4_name_CHILDQ	CHEBI:16137	chondroitin		
eb_b036a_med5_name_CHILDQ	CHEBI:16137	chondroitin		
eb_b037a_med6_name_CHILDQ	CHEBI:16137	chondroitin		
eb_b038a_med7_name_CHILDQ	CHEBI:16137	chondroitin		
eb_b037a_med6_name_CHILDQ	CHEBI:37397	chondroitin sulfate		
eb_b032a_med1_name_CHILDQ	CHEBI:71940	cialis		
eb_b033a_med2_name_CHILDQ	CHEBI:71940	cialis		
eb_b034a_med3_name_CHILDQ	CHEBI:71940	cialis		
eb_b037a_med6_name_CHILDQ	CHEBI:71940	cialis		
eb_b040a_med9_name_CHILDQ	CHEBI:71940	cialis		
eb_b035a_med4_name_CHILDQ	CHEBI:31401	cilostazol		
eb_b032a_med1_name_CHILDQ	CHEBI:3723	citalopram		
eb_b033a_med2_name_CHILDQ	CHEBI:3723	citalopram		
eb_b034a_med3_name_CHILDQ	CHEBI:3723	citalopram		
eb_b035a_med4_name_CHILDQ	CHEBI:3723	citalopram		
eb_b036a_med5_name_CHILDQ	CHEBI:3723	citalopram		
eb_b037a_med6_name_CHILDQ	CHEBI:3723	citalopram		
eb_b038a_med7_name_CHILDQ	CHEBI:3723	citalopram		
eb_b039a_med8_name_CHILDQ	CHEBI:3723	citalopram		
eb_b033a_med2_name_CHILDQ	CHEBI:3724	citalopram hydrobromide		
eb_b034a_med3_name_CHILDQ	CHEBI:3724	citalopram hydrobromide		
eb_b036a_med5_name_CHILDQ	CHEBI:3724	citalopram hydrobromide		
eb_b032a_med1_name_CHILDQ	CHEBI:6538	claritin		
eb_b033a_med2_name_CHILDQ	CHEBI:6538	claritin		
eb_b034a_med3_name_CHILDQ	CHEBI:6538	claritin		
eb_b035a_med4_name_CHILDQ	CHEBI:6538	claritin		
eb_b036a_med5_name_CHILDQ	CHEBI:6538	claritin		
eb_b037a_med6_name_CHILDQ	CHEBI:6538	claritin		
eb_b040a_med9_name_CHILDQ	CHEBI:6538	claritin		
eb_b041a_med10_name_CHILDQ	CHEBI:6538	claritin		
eb_b032a_med1_name_CHILDQ	CHEBI:3745	clindamycin		
eb_b035a_med4_name_CHILDQ	CHEBI:3745	clindamycin		
eb_b036a_med5_name_CHILDQ	CHEBI:3745	clindamycin		
eb_b037a_med6_name_CHILDQ	CHEBI:3745	clindamycin		
eb_b036a_med5_name_CHILDQ	CHEBI:3746	clindamycin phosphate		
eb_b032a_med1_name_CHILDQ	CHEBI:205919	clobetasol		
eb_b033a_med2_name_CHILDQ	CHEBI:205919	clobetasol		
eb_b035a_med4_name_CHILDQ	CHEBI:205919	clobetasol		
eb_b036a_med5_name_CHILDQ	CHEBI:205919	clobetasol		
eb_b032a_med1_name_CHILDQ	CHEBI:31414	clobetasol propionate		
eb_b033a_med2_name_CHILDQ	CHEBI:31414	clobetasol propionate		
eb_b035a_med4_name_CHILDQ	CHEBI:31414	clobetasol propionate		
eb_b036a_med5_name_CHILDQ	CHEBI:31414	clobetasol propionate		
eb_b032a_med1_name_CHILDQ	CHEBI:3756	clonazepam		
eb_b033a_med2_name_CHILDQ	CHEBI:3756	clonazepam		
eb_b034a_med3_name_CHILDQ	CHEBI:3756	clonazepam		
eb_b035a_med4_name_CHILDQ	CHEBI:3756	clonazepam		
eb_b036a_med5_name_CHILDQ	CHEBI:3756	clonazepam		
eb_b037a_med6_name_CHILDQ	CHEBI:3756	clonazepam		
eb_b038a_med7_name_CHILDQ	CHEBI:3756	clonazepam		
eb_b039a_med8_name_CHILDQ	CHEBI:3756	clonazepam		
eb_b033a_med2_name_CHILDQ	CHEBI:46631	clonidine		
eb_b035a_med4_name_CHILDQ	CHEBI:46631	clonidine		
eb_b036a_med5_name_CHILDQ	CHEBI:46631	clonidine		
eb_b037a_med6_name_CHILDQ	CHEBI:46631	clonidine		
eb_b032a_med1_name_CHILDQ	CHEBI:37941	clopidogrel		
eb_b033a_med2_name_CHILDQ	CHEBI:37941	clopidogrel		
eb_b034a_med3_name_CHILDQ	CHEBI:37941	clopidogrel		
eb_b035a_med4_name_CHILDQ	CHEBI:37941	clopidogrel		
eb_b036a_med5_name_CHILDQ	CHEBI:37941	clopidogrel		
eb_b037a_med6_name_CHILDQ	CHEBI:37941	clopidogrel		
eb_b036a_med5_name_CHILDQ	CHEBI:3759	clopidogrel bisulfate		
eb_b033a_med2_name_CHILDQ	CHEBI:3764	clotrimazole		
eb_b038a_med7_name_CHILDQ	CHEBI:3764	clotrimazole		
eb_b032a_med1_name_CHILDQ	CHEBI:16714	codeine		
eb_b032a_med1_name_CHILDQ	CHEBI:57871	codeine		
eb_b038a_med7_name_CHILDQ	CHEBI:16714	codeine		
eb_b038a_med7_name_CHILDQ	CHEBI:57871	codeine		
eb_b033a_med2_name_CHILDQ	CHEBI:23359	colchicine		
eb_b034a_med3_name_CHILDQ	CHEBI:23359	colchicine		
eb_b039a_med8_name_CHILDQ	CHEBI:23359	colchicine		
eb_b035a_med4_name_CHILDQ	CHEBI:3814	colestipol		
eb_b035a_med4_name_CHILDQ	CHEBI:59662	colistimethate		
eb_b035a_med4_name_CHILDQ	CHEBI:34650	colistimethate		
eb_b032a_med1_name_CHILDQ	CHEBI:31836	concerta		
eb_b033a_med2_name_CHILDQ	CHEBI:31836	concerta		
eb_b034a_med3_name_CHILDQ	CHEBI:31836	concerta		
eb_b038a_med7_name_CHILDQ	CHEBI:31836	concerta		
eb_b034a_med3_name_CHILDQ	CHEBI:46245	coq10		
eb_b035a_med4_name_CHILDQ	CHEBI:46245	coq10		
eb_b038a_med7_name_CHILDQ	CHEBI:46245	coq10		
eb_b033a_med2_name_CHILDQ	CHEBI:10034	coumadin		
eb_b035a_med4_name_CHILDQ	CHEBI:10034	coumadin		
eb_b036a_med5_name_CHILDQ	CHEBI:10034	coumadin		
eb_b034a_med3_name_CHILDQ	CHEBI:16737	creatinine		
eb_b032a_med1_name_CHILDQ	CHEBI:77249	crestor		
eb_b033a_med2_name_CHILDQ	CHEBI:77249	crestor		
eb_b034a_med3_name_CHILDQ	CHEBI:77249	crestor		
eb_b035a_med4_name_CHILDQ	CHEBI:77249	crestor		
eb_b036a_med5_name_CHILDQ	CHEBI:77249	crestor		
eb_b037a_med6_name_CHILDQ	CHEBI:77249	crestor		
eb_b038a_med7_name_CHILDQ	CHEBI:77249	crestor		
eb_b039a_med8_name_CHILDQ	CHEBI:77249	crestor		
eb_b040a_med9_name_CHILDQ	CHEBI:77249	crestor		
eb_b033a_med2_name_CHILDQ	CHEBI:3962	curcumin		
eb_b035a_med4_name_CHILDQ	CHEBI:3962	curcumin		
eb_b039a_med8_name_CHILDQ	CHEBI:3962	curcumin		
eb_b034a_med3_name_CHILDQ	CHEBI:17439	cyanocobalamin		
eb_b035a_med4_name_CHILDQ	CHEBI:17439	cyanocobalamin		
eb_b036a_med5_name_CHILDQ	CHEBI:17439	cyanocobalamin		
eb_b041a_med10_name_CHILDQ	CHEBI:17439	cyanocobalamin		
eb_b032a_med1_name_CHILDQ	CHEBI:37391	cyclen		
eb_b033a_med2_name_CHILDQ	CHEBI:3996	cyclobenzaprine		
eb_b034a_med3_name_CHILDQ	CHEBI:3996	cyclobenzaprine		
eb_b035a_med4_name_CHILDQ	CHEBI:3996	cyclobenzaprine		
eb_b036a_med5_name_CHILDQ	CHEBI:3996	cyclobenzaprine		
eb_b037a_med6_name_CHILDQ	CHEBI:3996	cyclobenzaprine		
eb_b038a_med7_name_CHILDQ	CHEBI:3996	cyclobenzaprine		
eb_b041a_med10_name_CHILDQ	CHEBI:3996	cyclobenzaprine		
eb_b039a_med8_name_CHILDQ	CHEBI:4031	cyclosporine		
eb_b032a_med1_name_CHILDQ	CHEBI:31526	cymbalta		
eb_b033a_med2_name_CHILDQ	CHEBI:31526	cymbalta		
eb_b034a_med3_name_CHILDQ	CHEBI:31526	cymbalta		
eb_b035a_med4_name_CHILDQ	CHEBI:31526	cymbalta		
eb_b036a_med5_name_CHILDQ	CHEBI:31526	cymbalta		
eb_b037a_med6_name_CHILDQ	CHEBI:31526	cymbalta		
eb_b038a_med7_name_CHILDQ	CHEBI:15356	cysteine		
eb_b033a_med2_name_CHILDQ	CHEBI:6484	cytomel		
eb_b034a_med3_name_CHILDQ	CHEBI:6484	cytomel		
eb_b034a_med3_name_CHILDQ	CHEBI:4450	ddavp		
eb_b032a_med1_name_CHILDQ	CHEBI:77715	decongestant		
eb_b035a_med4_name_CHILDQ	CHEBI:28689	dehydroepiandrosterone		
eb_b032a_med1_name_CHILDQ	CHEBI:6716	depo-provera		
eb_b032a_med1_name_CHILDQ	CHEBI:133007	descovy		
eb_b033a_med2_name_CHILDQ	CHEBI:291342	desloratadine		
eb_b032a_med1_name_CHILDQ	CHEBI:4450	desmopressin		
eb_b032a_med1_name_CHILDQ	CHEBI:204734	desonide		
eb_b033a_med2_name_CHILDQ	CHEBI:41879	dexamethasone		
eb_b032a_med1_name_CHILDQ	CHEBI:135931	dexilant		
eb_b033a_med2_name_CHILDQ	CHEBI:135931	dexilant		
eb_b035a_med4_name_CHILDQ	CHEBI:135931	dexilant		
eb_b036a_med5_name_CHILDQ	CHEBI:135931	dexilant		
eb_b037a_med6_name_CHILDQ	CHEBI:135931	dexilant		
eb_b038a_med7_name_CHILDQ	CHEBI:135931	dexilant		
eb_b041a_med10_name_CHILDQ	CHEBI:135931	dexilant		
eb_b033a_med2_name_CHILDQ	CHEBI:51860	dexmethylphenidate		
eb_b032a_med1_name_CHILDQ	CHEBI:49575	diazepam		
eb_b033a_med2_name_CHILDQ	CHEBI:49575	diazepam		
eb_b034a_med3_name_CHILDQ	CHEBI:49575	diazepam		
eb_b036a_med5_name_CHILDQ	CHEBI:49575	diazepam		
eb_b032a_med1_name_CHILDQ	CHEBI:47381	diclofenac		
eb_b033a_med2_name_CHILDQ	CHEBI:47381	diclofenac		
eb_b034a_med3_name_CHILDQ	CHEBI:47381	diclofenac		
eb_b036a_med5_name_CHILDQ	CHEBI:47381	diclofenac		
eb_b040a_med9_name_CHILDQ	CHEBI:47381	diclofenac		
eb_b032a_med1_name_CHILDQ	CHEBI:4509	diclofenac sodium		
eb_b034a_med3_name_CHILDQ	CHEBI:4509	diclofenac sodium		
eb_b040a_med9_name_CHILDQ	CHEBI:4509	diclofenac sodium		
eb_b032a_med1_name_CHILDQ	CHEBI:4514	dicyclomine		
eb_b034a_med3_name_CHILDQ	CHEBI:4514	dicyclomine		
eb_b036a_med5_name_CHILDQ	CHEBI:4514	dicyclomine		
eb_b039a_med8_name_CHILDQ	CHEBI:4514	dicyclomine		
eb_b036a_med5_name_CHILDQ	CHEBI:46081	diflucan		
eb_b032a_med1_name_CHILDQ	CHEBI:4551	digoxin		
eb_b034a_med3_name_CHILDQ	CHEBI:4551	digoxin		
eb_b037a_med6_name_CHILDQ	CHEBI:4551	digoxin		
eb_b032a_med1_name_CHILDQ	CHEBI:8107	dilantin		
eb_b032a_med1_name_CHILDQ	CHEBI:101278	diltiazem		
eb_b033a_med2_name_CHILDQ	CHEBI:101278	diltiazem		
eb_b034a_med3_name_CHILDQ	CHEBI:101278	diltiazem		
eb_b035a_med4_name_CHILDQ	CHEBI:101278	diltiazem		
eb_b036a_med5_name_CHILDQ	CHEBI:101278	diltiazem		
eb_b037a_med6_name_CHILDQ	CHEBI:101278	diltiazem		
eb_b038a_med7_name_CHILDQ	CHEBI:101278	diltiazem		
eb_b039a_med8_name_CHILDQ	CHEBI:101278	diltiazem		
eb_b038a_med7_name_CHILDQ	CHEBI:645509	diltiazem hydrochloride		
eb_b032a_med1_name_CHILDQ	CHEBI:9927	diovan		
eb_b033a_med2_name_CHILDQ	CHEBI:9927	diovan		
eb_b034a_med3_name_CHILDQ	CHEBI:9927	diovan		
eb_b035a_med4_name_CHILDQ	CHEBI:9927	diovan		
eb_b032a_med1_name_CHILDQ	CHEBI:4636	diphenhydramine		
eb_b035a_med4_name_CHILDQ	CHEBI:4636	diphenhydramine		
eb_b036a_med5_name_CHILDQ	CHEBI:4636	diphenhydramine		
eb_b037a_med6_name_CHILDQ	CHEBI:4636	diphenhydramine		
eb_b035a_med4_name_CHILDQ	CHEBI:4637	diphenhydramine hcl		
eb_b036a_med5_name_CHILDQ	CHEBI:4637	diphenhydramine hcl		
eb_b035a_med4_name_CHILDQ	CHEBI:4659	disulfiram		
eb_b032a_med1_name_CHILDQ	CHEBI:4674	docusate		
eb_b033a_med2_name_CHILDQ	CHEBI:4674	docusate		
eb_b036a_med5_name_CHILDQ	CHEBI:4674	docusate		
eb_b037a_med6_name_CHILDQ	CHEBI:4674	docusate		
eb_b038a_med7_name_CHILDQ	CHEBI:4674	docusate		
eb_b041a_med10_name_CHILDQ	CHEBI:4674	docusate		
eb_b032a_med1_name_CHILDQ	CHEBI:4674	docusate sodium		
eb_b033a_med2_name_CHILDQ	CHEBI:4674	docusate sodium		
eb_b036a_med5_name_CHILDQ	CHEBI:4674	docusate sodium		
eb_b037a_med6_name_CHILDQ	CHEBI:4674	docusate sodium		
eb_b038a_med7_name_CHILDQ	CHEBI:4674	docusate sodium		
eb_b034a_med3_name_CHILDQ	CHEBI:53289	donepezil		
eb_b032a_med1_name_CHILDQ	CHEBI:49168	dopa		
eb_b032a_med1_name_CHILDQ	CHEBI:4702	dorzolamide		
eb_b034a_med3_name_CHILDQ	CHEBI:4702	dorzolamide		
eb_b032a_med1_name_CHILDQ	CHEBI:4708	doxazosin		
eb_b034a_med3_name_CHILDQ	CHEBI:4708	doxazosin		
eb_b035a_med4_name_CHILDQ	CHEBI:4708	doxazosin		
eb_b036a_med5_name_CHILDQ	CHEBI:4708	doxazosin		
eb_b032a_med1_name_CHILDQ	CHEBI:4710	doxepin		
eb_b035a_med4_name_CHILDQ	CHEBI:4710	doxepin		
eb_b037a_med6_name_CHILDQ	CHEBI:4710	doxepin		
eb_b032a_med1_name_CHILDQ	CHEBI:50845	doxycycline		
eb_b033a_med2_name_CHILDQ	CHEBI:50845	doxycycline		
eb_b035a_med4_name_CHILDQ	CHEBI:50845	doxycycline		
eb_b040a_med9_name_CHILDQ	CHEBI:50845	doxycycline		
eb_b032a_med1_name_CHILDQ	CHEBI:34730	doxycycline hyclate		
eb_b035a_med4_name_CHILDQ	CHEBI:50838	drospirenone		
eb_b038a_med7_name_CHILDQ	CHEBI:23888	drug		
eb_b032a_med1_name_CHILDQ	CHEBI:36796	duloxetine		
eb_b033a_med2_name_CHILDQ	CHEBI:36796	duloxetine		
eb_b034a_med3_name_CHILDQ	CHEBI:36796	duloxetine		
eb_b035a_med4_name_CHILDQ	CHEBI:36796	duloxetine		
eb_b036a_med5_name_CHILDQ	CHEBI:36796	duloxetine		
eb_b037a_med6_name_CHILDQ	CHEBI:36796	duloxetine		
eb_b038a_med7_name_CHILDQ	CHEBI:36796	duloxetine		
eb_b039a_med8_name_CHILDQ	CHEBI:119915	duragesic		
eb_b032a_med1_name_CHILDQ	CHEBI:521033	dutasteride		
eb_b034a_med3_name_CHILDQ	CHEBI:521033	dutasteride		
eb_b035a_med4_name_CHILDQ	CHEBI:521033	dutasteride		
eb_b036a_med5_name_CHILDQ	CHEBI:521033	dutasteride		
eb_b032a_med1_name_CHILDQ	CHEBI:87697	effient		
eb_b033a_med2_name_CHILDQ	CHEBI:87697	effient		
eb_b034a_med3_name_CHILDQ	CHEBI:87697	effient		
eb_b039a_med8_name_CHILDQ	CHEBI:87697	effient		
eb_b040a_med9_name_CHILDQ	CHEBI:87697	effient		
eb_b038a_med7_name_CHILDQ	CHEBI:2667	elavil		
eb_b032a_med1_name_CHILDQ	CHEBI:72296	eliquis		
eb_b033a_med2_name_CHILDQ	CHEBI:72296	eliquis		
eb_b034a_med3_name_CHILDQ	CHEBI:72296	eliquis		
eb_b035a_med4_name_CHILDQ	CHEBI:72296	eliquis		
eb_b038a_med7_name_CHILDQ	CHEBI:72296	eliquis		
eb_b032a_med1_name_CHILDQ	CHEBI:4784	enalapril		
eb_b033a_med2_name_CHILDQ	CHEBI:4784	enalapril		
eb_b034a_med3_name_CHILDQ	CHEBI:4784	enalapril		
eb_b035a_med4_name_CHILDQ	CHEBI:4784	enalapril		
eb_b036a_med5_name_CHILDQ	CHEBI:4784	enalapril		
eb_b038a_med7_name_CHILDQ	CHEBI:4784	enalapril		
eb_b033a_med2_name_CHILDQ	CHEBI:4785	enalapril maleate		
eb_b034a_med3_name_CHILDQ	CHEBI:4785	enalapril maleate		
eb_b038a_med7_name_CHILDQ	CHEBI:4785	enalapril maleate		
eb_b037a_med6_name_CHILDQ	CHEBI:28364	epa		
eb_b035a_med4_name_CHILDQ	CHEBI:28918	epipen		
eb_b032a_med1_name_CHILDQ	CHEBI:4814	eprosartan		
eb_b032a_med1_name_CHILDQ	CHEBI:48409	eprosartan mesylate		
eb_b032a_med1_name_CHILDQ	CHEBI:28934	ergocalciferol		
eb_b041a_med10_name_CHILDQ	CHEBI:28934	ergocalciferol		
eb_b032a_med1_name_CHILDQ	CHEBI:36791	escitalopram		
eb_b033a_med2_name_CHILDQ	CHEBI:36791	escitalopram		
eb_b034a_med3_name_CHILDQ	CHEBI:36791	escitalopram		
eb_b035a_med4_name_CHILDQ	CHEBI:36791	escitalopram		
eb_b036a_med5_name_CHILDQ	CHEBI:36791	escitalopram		
eb_b037a_med6_name_CHILDQ	CHEBI:36791	escitalopram		
eb_b032a_med1_name_CHILDQ	CHEBI:50275	esomeprazol		
eb_b032a_med1_name_CHILDQ	CHEBI:50275	esomeprazole		
eb_b033a_med2_name_CHILDQ	CHEBI:50275	esomeprazole		
eb_b034a_med3_name_CHILDQ	CHEBI:50275	esomeprazole		
eb_b035a_med4_name_CHILDQ	CHEBI:50275	esomeprazole		
eb_b032a_med1_name_CHILDQ	CHEBI:50309	esomeprazole magnesium		
eb_b032a_med1_name_CHILDQ	CHEBI:23965	estradiol		
eb_b033a_med2_name_CHILDQ	CHEBI:23965	estradiol		
eb_b034a_med3_name_CHILDQ	CHEBI:23965	estradiol		
eb_b035a_med4_name_CHILDQ	CHEBI:23965	estradiol		
eb_b036a_med5_name_CHILDQ	CHEBI:23965	estradiol		
eb_b037a_med6_name_CHILDQ	CHEBI:23965	estradiol		
eb_b038a_med7_name_CHILDQ	CHEBI:23965	estradiol		
eb_b040a_med9_name_CHILDQ	CHEBI:23965	estradiol		
eb_b033a_med2_name_CHILDQ	CHEBI:27974	estriol		
eb_b035a_med4_name_CHILDQ	CHEBI:27974	estriol		
eb_b032a_med1_name_CHILDQ	CHEBI:50114	estrogen		
eb_b033a_med2_name_CHILDQ	CHEBI:50114	estrogen		
eb_b034a_med3_name_CHILDQ	CHEBI:50114	estrogen		
eb_b035a_med4_name_CHILDQ	CHEBI:50114	estrogen		
eb_b032a_med1_name_CHILDQ	CHEBI:4873	estropipate		
eb_b034a_med3_name_CHILDQ	CHEBI:4877	ethambutol		
eb_b032a_med1_name_CHILDQ	CHEBI:4903	ethinyl estradiol		
eb_b035a_med4_name_CHILDQ	CHEBI:4903	ethinyl estradiol		
eb_b034a_med3_name_CHILDQ	CHEBI:4909	etodolac		
eb_b036a_med5_name_CHILDQ	CHEBI:4909	etodolac		
eb_b032a_med1_name_CHILDQ	CHEBI:50740	evista		
eb_b033a_med2_name_CHILDQ	CHEBI:50740	evista		
eb_b032a_med1_name_CHILDQ	CHEBI:4953	exemestane		
eb_b033a_med2_name_CHILDQ	CHEBI:4953	exemestane		
eb_b036a_med5_name_CHILDQ	CHEBI:4953	exemestane		
eb_b033a_med2_name_CHILDQ	CHEBI:49040	ezetimibe		
eb_b036a_med5_name_CHILDQ	CHEBI:49040	ezetimibe		
eb_b032a_med1_name_CHILDQ	CHEBI:4974	famciclovir		
eb_b032a_med1_name_CHILDQ	CHEBI:4975	famotidine		
eb_b033a_med2_name_CHILDQ	CHEBI:4975	famotidine		
eb_b034a_med3_name_CHILDQ	CHEBI:4975	famotidine		
eb_b035a_med4_name_CHILDQ	CHEBI:4975	famotidine		
eb_b036a_med5_name_CHILDQ	CHEBI:4975	famotidine		
eb_b041a_med10_name_CHILDQ	CHEBI:4975	famotidine		
eb_b032a_med1_name_CHILDQ	CHEBI:65173	fanapt		
eb_b033a_med2_name_CHILDQ	CHEBI:85079	farxiga		
eb_b035a_med4_name_CHILDQ	CHEBI:85079	farxiga		
eb_b036a_med5_name_CHILDQ	CHEBI:85079	farxiga		
eb_b037a_med6_name_CHILDQ	CHEBI:85079	farxiga		
eb_b039a_med8_name_CHILDQ	CHEBI:35366	fatty acids		
eb_b032a_med1_name_CHILDQ	CHEBI:585948	felodipine		
eb_b033a_med2_name_CHILDQ	CHEBI:585948	felodipine		
eb_b032a_med1_name_CHILDQ	CHEBI:6413	femara		
eb_b032a_med1_name_CHILDQ	CHEBI:5001	fenofibrate		
eb_b033a_med2_name_CHILDQ	CHEBI:5001	fenofibrate		
eb_b034a_med3_name_CHILDQ	CHEBI:5001	fenofibrate		
eb_b035a_med4_name_CHILDQ	CHEBI:5001	fenofibrate		
eb_b036a_med5_name_CHILDQ	CHEBI:5001	fenofibrate		
eb_b037a_med6_name_CHILDQ	CHEBI:5001	fenofibrate		
eb_b035a_med4_name_CHILDQ	CHEBI:83469	fenofibric acid		
eb_b035a_med4_name_CHILDQ	CHEBI:31608	ferrous gluconate		
eb_b038a_med7_name_CHILDQ	CHEBI:75832	ferrous sulfate		
eb_b040a_med9_name_CHILDQ	CHEBI:75832	ferrous sulfate		
eb_b035a_med4_name_CHILDQ	CHEBI:136040	fetzima		
eb_b032a_med1_name_CHILDQ	CHEBI:5050	fexofenadine		
eb_b033a_med2_name_CHILDQ	CHEBI:5050	fexofenadine		
eb_b034a_med3_name_CHILDQ	CHEBI:5050	fexofenadine		
eb_b036a_med5_name_CHILDQ	CHEBI:5050	fexofenadine		
eb_b037a_med6_name_CHILDQ	CHEBI:5050	fexofenadine		
eb_b039a_med8_name_CHILDQ	CHEBI:5050	fexofenadine		
eb_b041a_med10_name_CHILDQ	CHEBI:5050	fexofenadine		
eb_b034a_med3_name_CHILDQ	CHEBI:5051	fexofenadine hydrochloride		
eb_b039a_med8_name_CHILDQ	CHEBI:5051	fexofenadine hydrochloride		
eb_b032a_med1_name_CHILDQ	CHEBI:5062	finasteride		
eb_b033a_med2_name_CHILDQ	CHEBI:5062	finasteride		
eb_b034a_med3_name_CHILDQ	CHEBI:5062	finasteride		
eb_b035a_med4_name_CHILDQ	CHEBI:5062	finasteride		
eb_b039a_med8_name_CHILDQ	CHEBI:5062	finasteride		
eb_b032a_med1_name_CHILDQ	CHEBI:75984	flecainide		
eb_b033a_med2_name_CHILDQ	CHEBI:75984	flecainide		
eb_b034a_med3_name_CHILDQ	CHEBI:75984	flecainide		
eb_b032a_med1_name_CHILDQ	CHEBI:9399	flomax		
eb_b033a_med2_name_CHILDQ	CHEBI:9399	flomax		
eb_b035a_med4_name_CHILDQ	CHEBI:9399	flomax		
eb_b036a_med5_name_CHILDQ	CHEBI:9399	flomax		
eb_b037a_med6_name_CHILDQ	CHEBI:9399	flomax		
eb_b039a_med8_name_CHILDQ	CHEBI:9399	flomax		
eb_b033a_med2_name_CHILDQ	CHEBI:5102	florinef		
eb_b039a_med8_name_CHILDQ	CHEBI:46081	fluconazole		
eb_b041a_med10_name_CHILDQ	CHEBI:46081	fluconazole		
eb_b032a_med1_name_CHILDQ	CHEBI:5109	fluocinonide		
eb_b035a_med4_name_CHILDQ	CHEBI:5109	fluocinonide		
eb_b036a_med5_name_CHILDQ	CHEBI:5109	fluocinonide		
eb_b034a_med3_name_CHILDQ	CHEBI:31625	fluorometholone		
eb_b032a_med1_name_CHILDQ	CHEBI:5118	fluoxetine		
eb_b033a_med2_name_CHILDQ	CHEBI:5118	fluoxetine		
eb_b034a_med3_name_CHILDQ	CHEBI:5118	fluoxetine		
eb_b035a_med4_name_CHILDQ	CHEBI:5118	fluoxetine		
eb_b037a_med6_name_CHILDQ	CHEBI:5118	fluoxetine		
eb_b038a_med7_name_CHILDQ	CHEBI:5118	fluoxetine		
eb_b032a_med1_name_CHILDQ	CHEBI:5119	fluoxetine hcl		
eb_b033a_med2_name_CHILDQ	CHEBI:5119	fluoxetine hcl		
eb_b034a_med3_name_CHILDQ	CHEBI:5119	fluoxetine hcl		
eb_b038a_med7_name_CHILDQ	CHEBI:5119	fluoxetine hcl		
eb_b032a_med1_name_CHILDQ	CHEBI:5134	fluticasone		
eb_b033a_med2_name_CHILDQ	CHEBI:5134	fluticasone		
eb_b034a_med3_name_CHILDQ	CHEBI:5134	fluticasone		
eb_b035a_med4_name_CHILDQ	CHEBI:5134	fluticasone		
eb_b036a_med5_name_CHILDQ	CHEBI:5134	fluticasone		
eb_b037a_med6_name_CHILDQ	CHEBI:5134	fluticasone		
eb_b038a_med7_name_CHILDQ	CHEBI:5134	fluticasone		
eb_b039a_med8_name_CHILDQ	CHEBI:5134	fluticasone		
eb_b040a_med9_name_CHILDQ	CHEBI:5134	fluticasone		
eb_b041a_med10_name_CHILDQ	CHEBI:5134	fluticasone		
eb_b032a_med1_name_CHILDQ	CHEBI:31441	fluticasone propionate		
eb_b033a_med2_name_CHILDQ	CHEBI:31441	fluticasone propionate		
eb_b034a_med3_name_CHILDQ	CHEBI:31441	fluticasone propionate		
eb_b035a_med4_name_CHILDQ	CHEBI:31441	fluticasone propionate		
eb_b036a_med5_name_CHILDQ	CHEBI:31441	fluticasone propionate		
eb_b037a_med6_name_CHILDQ	CHEBI:31441	fluticasone propionate		
eb_b038a_med7_name_CHILDQ	CHEBI:31441	fluticasone propionate		
eb_b040a_med9_name_CHILDQ	CHEBI:31441	fluticasone propionate		
eb_b041a_med10_name_CHILDQ	CHEBI:31441	fluticasone propionate		
eb_b032a_med1_name_CHILDQ	CHEBI:27470	folic acid		
eb_b033a_med2_name_CHILDQ	CHEBI:27470	folic acid		
eb_b034a_med3_name_CHILDQ	CHEBI:27470	folic acid		
eb_b035a_med4_name_CHILDQ	CHEBI:27470	folic acid		
eb_b036a_med5_name_CHILDQ	CHEBI:27470	folic acid		
eb_b037a_med6_name_CHILDQ	CHEBI:27470	folic acid		
eb_b033a_med2_name_CHILDQ	CHEBI:2566	fosamax		
eb_b039a_med8_name_CHILDQ	CHEBI:2566	fosamax		
eb_b035a_med4_name_CHILDQ	CHEBI:5163	fosinopril		
eb_b033a_med2_name_CHILDQ	CHEBI:29806	fumarate		
eb_b034a_med3_name_CHILDQ	CHEBI:29806	fumarate		
eb_b039a_med8_name_CHILDQ	CHEBI:29806	fumarate		
eb_b032a_med1_name_CHILDQ	CHEBI:47426	furosemide		
eb_b033a_med2_name_CHILDQ	CHEBI:47426	furosemide		
eb_b034a_med3_name_CHILDQ	CHEBI:47426	furosemide		
eb_b035a_med4_name_CHILDQ	CHEBI:47426	furosemide		
eb_b036a_med5_name_CHILDQ	CHEBI:47426	furosemide		
eb_b037a_med6_name_CHILDQ	CHEBI:47426	furosemide		
eb_b038a_med7_name_CHILDQ	CHEBI:47426	furosemide		
eb_b039a_med8_name_CHILDQ	CHEBI:47426	furosemide		
eb_b040a_med9_name_CHILDQ	CHEBI:47426	furosemide		
eb_b032a_med1_name_CHILDQ	CHEBI:42797	gabapentin		
eb_b033a_med2_name_CHILDQ	CHEBI:42797	gabapentin		
eb_b034a_med3_name_CHILDQ	CHEBI:42797	gabapentin		
eb_b035a_med4_name_CHILDQ	CHEBI:42797	gabapentin		
eb_b036a_med5_name_CHILDQ	CHEBI:42797	gabapentin		
eb_b037a_med6_name_CHILDQ	CHEBI:42797	gabapentin		
eb_b038a_med7_name_CHILDQ	CHEBI:42797	gabapentin		
eb_b039a_med8_name_CHILDQ	CHEBI:42797	gabapentin		
eb_b040a_med9_name_CHILDQ	CHEBI:42797	gabapentin		
eb_b032a_med1_name_CHILDQ	CHEBI:42797	gabapentine		
eb_b032a_med1_name_CHILDQ	CHEBI:5296	gemfibrozil		
eb_b034a_med3_name_CHILDQ	CHEBI:5296	gemfibrozil		
eb_b036a_med5_name_CHILDQ	CHEBI:5296	gemfibrozil		
eb_b033a_med2_name_CHILDQ	CHEBI:90922	genvoya		
eb_b032a_med1_name_CHILDQ	CHEBI:32314	geodon		
eb_b033a_med2_name_CHILDQ	CHEBI:32314	geodon		
eb_b033a_med2_name_CHILDQ	CHEBI:63112	gilenya		
eb_b032a_med1_name_CHILDQ	CHEBI:5383	glimepiride		
eb_b033a_med2_name_CHILDQ	CHEBI:5383	glimepiride		
eb_b034a_med3_name_CHILDQ	CHEBI:5383	glimepiride		
eb_b035a_med4_name_CHILDQ	CHEBI:5383	glimepiride		
eb_b036a_med5_name_CHILDQ	CHEBI:5383	glimepiride		
eb_b038a_med7_name_CHILDQ	CHEBI:5383	glimepiride		
eb_b032a_med1_name_CHILDQ	CHEBI:5384	glipizide		
eb_b033a_med2_name_CHILDQ	CHEBI:5384	glipizide		
eb_b034a_med3_name_CHILDQ	CHEBI:5384	glipizide		
eb_b035a_med4_name_CHILDQ	CHEBI:5384	glipizide		
eb_b036a_med5_name_CHILDQ	CHEBI:5384	glipizide		
eb_b037a_med6_name_CHILDQ	CHEBI:5384	glipizide		
eb_b041a_med10_name_CHILDQ	CHEBI:5384	glipizide		
eb_b032a_med1_name_CHILDQ	CHEBI:24265	gluconate		
eb_b035a_med4_name_CHILDQ	CHEBI:24265	gluconate		
eb_b033a_med2_name_CHILDQ	CHEBI:6802	glucophage		
eb_b032a_med1_name_CHILDQ	CHEBI:5417	glucosamine		
eb_b033a_med2_name_CHILDQ	CHEBI:5417	glucosamine		
eb_b034a_med3_name_CHILDQ	CHEBI:5417	glucosamine		
eb_b035a_med4_name_CHILDQ	CHEBI:5417	glucosamine		
eb_b036a_med5_name_CHILDQ	CHEBI:5417	glucosamine		
eb_b037a_med6_name_CHILDQ	CHEBI:5417	glucosamine		
eb_b038a_med7_name_CHILDQ	CHEBI:5417	glucosamine		
eb_b037a_med6_name_CHILDQ	CHEBI:28300	glutamine		
eb_b032a_med1_name_CHILDQ	CHEBI:13643	glycol		
eb_b032a_med1_name_CHILDQ	CHEBI:5551	guaifenesin		
eb_b033a_med2_name_CHILDQ	CHEBI:5551	guaifenesin		
eb_b036a_med5_name_CHILDQ	CHEBI:5551	guaifenesin		
eb_b039a_med8_name_CHILDQ	CHEBI:5551	guaifenesin		
eb_b036a_med5_name_CHILDQ	CHEBI:5558	guanfacine		
eb_b036a_med5_name_CHILDQ	CHEBI:9674	halcion		
eb_b033a_med2_name_CHILDQ	CHEBI:132966	hippurate		
eb_b033a_med2_name_CHILDQ	CHEBI:68840	horizant		
eb_b032a_med1_name_CHILDQ	CHEBI:5931	human insulin		
eb_b038a_med7_name_CHILDQ	CHEBI:16336	hyaluronic acid		
eb_b033a_med2_name_CHILDQ	CHEBI:5775	hydralazine		
eb_b032a_med1_name_CHILDQ	CHEBI:5778	hydrochlorothiazide		
eb_b033a_med2_name_CHILDQ	CHEBI:5778	hydrochlorothiazide		
eb_b034a_med3_name_CHILDQ	CHEBI:5778	hydrochlorothiazide		
eb_b035a_med4_name_CHILDQ	CHEBI:5778	hydrochlorothiazide		
eb_b036a_med5_name_CHILDQ	CHEBI:5778	hydrochlorothiazide		
eb_b037a_med6_name_CHILDQ	CHEBI:5778	hydrochlorothiazide		
eb_b038a_med7_name_CHILDQ	CHEBI:5778	hydrochlorothiazide		
eb_b039a_med8_name_CHILDQ	CHEBI:5778	hydrochlorothiazide		
eb_b041a_med10_name_CHILDQ	CHEBI:5778	hydrochlorothiazide		
eb_b034a_med3_name_CHILDQ	CHEBI:5779	hydrocodon		
eb_b037a_med6_name_CHILDQ	CHEBI:5779	hydrocodon		
eb_b032a_med1_name_CHILDQ	CHEBI:5779	hydrocodone		
eb_b033a_med2_name_CHILDQ	CHEBI:5779	hydrocodone		
eb_b035a_med4_name_CHILDQ	CHEBI:5779	hydrocodone		
eb_b036a_med5_name_CHILDQ	CHEBI:5779	hydrocodone		
eb_b040a_med9_name_CHILDQ	CHEBI:5779	hydrocodone		
eb_b032a_med1_name_CHILDQ	CHEBI:17650	hydrocortisone		
eb_b035a_med4_name_CHILDQ	CHEBI:17650	hydrocortisone		
eb_b039a_med8_name_CHILDQ	CHEBI:17650	hydrocortisone		
eb_b039a_med8_name_CHILDQ	CHEBI:5790	hydromorphone		
eb_b034a_med3_name_CHILDQ	CHEBI:17594	hydroquinone		
eb_b032a_med1_name_CHILDQ	CHEBI:5801	hydroxychloroquine		
eb_b033a_med2_name_CHILDQ	CHEBI:5801	hydroxychloroquine		
eb_b034a_med3_name_CHILDQ	CHEBI:5801	hydroxychloroquine		
eb_b036a_med5_name_CHILDQ	CHEBI:5801	hydroxychloroquine		
eb_b039a_med8_name_CHILDQ	CHEBI:5801	hydroxychloroquine		
eb_b040a_med9_name_CHILDQ	CHEBI:5801	hydroxychloroquine		
eb_b034a_med3_name_CHILDQ	CHEBI:27786	hydroxycobalamin		
eb_b032a_med1_name_CHILDQ	CHEBI:5818	hydroxyzine		
eb_b039a_med8_name_CHILDQ	CHEBI:5818	hydroxyzine		
eb_b036a_med5_name_CHILDQ	CHEBI:17486	hyoscyamine		
eb_b033a_med2_name_CHILDQ	CHEBI:41060	ibandronate		
eb_b034a_med3_name_CHILDQ	CHEBI:41060	ibandronate		
eb_b037a_med6_name_CHILDQ	CHEBI:41060	ibandronate		
eb_b032a_med1_name_CHILDQ	CHEBI:5855	ibuprofen		
eb_b033a_med2_name_CHILDQ	CHEBI:5855	ibuprofen		
eb_b034a_med3_name_CHILDQ	CHEBI:5855	ibuprofen		
eb_b035a_med4_name_CHILDQ	CHEBI:5855	ibuprofen		
eb_b036a_med5_name_CHILDQ	CHEBI:5855	ibuprofen		
eb_b037a_med6_name_CHILDQ	CHEBI:5855	ibuprofen		
eb_b038a_med7_name_CHILDQ	CHEBI:5855	ibuprofen		
eb_b039a_med8_name_CHILDQ	CHEBI:5855	ibuprofen		
eb_b041a_med10_name_CHILDQ	CHEBI:5855	ibuprofen		
eb_b033a_med2_name_CHILDQ	CHEBI:6062	imdur		
eb_b034a_med3_name_CHILDQ	CHEBI:6062	imdur		
eb_b036a_med5_name_CHILDQ	CHEBI:6062	imdur		
eb_b037a_med6_name_CHILDQ	CHEBI:6062	imdur		
eb_b032a_med1_name_CHILDQ	CHEBI:10650	imitrex		
eb_b033a_med2_name_CHILDQ	CHEBI:10650	imitrex		
eb_b034a_med3_name_CHILDQ	CHEBI:10650	imitrex		
eb_b035a_med4_name_CHILDQ	CHEBI:10650	imitrex		
eb_b037a_med6_name_CHILDQ	CHEBI:10650	imitrex		
eb_b038a_med7_name_CHILDQ	CHEBI:10650	imitrex		
eb_b034a_med3_name_CHILDQ	CHEBI:6533	imodium		
eb_b035a_med4_name_CHILDQ	CHEBI:6533	imodium		
eb_b039a_med8_name_CHILDQ	CHEBI:6533	imodium		
eb_b032a_med1_name_CHILDQ	CHEBI:5893	indapamide		
eb_b033a_med2_name_CHILDQ	CHEBI:5893	indapamide		
eb_b036a_med5_name_CHILDQ	CHEBI:5893	indapamide		
eb_b034a_med3_name_CHILDQ	CHEBI:49662	indomethacin		
eb_b040a_med9_name_CHILDQ	CHEBI:49662	indomethacin		
eb_b032a_med1_name_CHILDQ	CHEBI:145810	insulin		
eb_b033a_med2_name_CHILDQ	CHEBI:145810	insulin		
eb_b034a_med3_name_CHILDQ	CHEBI:145810	insulin		
eb_b036a_med5_name_CHILDQ	CHEBI:145810	insulin		
eb_b037a_med6_name_CHILDQ	CHEBI:145810	insulin		
eb_b038a_med7_name_CHILDQ	CHEBI:145810	insulin		
eb_b039a_med8_name_CHILDQ	CHEBI:145810	insulin		
eb_b040a_med9_name_CHILDQ	CHEBI:145810	insulin		
eb_b041a_med10_name_CHILDQ	CHEBI:145810	insulin		
eb_b035a_med4_name_CHILDQ	CHEBI:73272	invokana		
eb_b036a_med5_name_CHILDQ	CHEBI:73272	invokana		
eb_b037a_med6_name_CHILDQ	CHEBI:73272	invokana		
eb_b034a_med3_name_CHILDQ	CHEBI:24859	iodine		
eb_b032a_med1_name_CHILDQ	CHEBI:5956	ipratropium		
eb_b036a_med5_name_CHILDQ	CHEBI:5956	ipratropium		
eb_b039a_med8_name_CHILDQ	CHEBI:5956	ipratropium		
eb_b036a_med5_name_CHILDQ	CHEBI:46659	ipratropium bromide		
eb_b039a_med8_name_CHILDQ	CHEBI:46659	ipratropium bromide		
eb_b032a_med1_name_CHILDQ	CHEBI:5959	irbesartan		
eb_b033a_med2_name_CHILDQ	CHEBI:5959	irbesartan		
eb_b034a_med3_name_CHILDQ	CHEBI:5959	irbesartan		
eb_b032a_med1_name_CHILDQ	CHEBI:18248	iron		
eb_b033a_med2_name_CHILDQ	CHEBI:18248	iron		
eb_b034a_med3_name_CHILDQ	CHEBI:18248	iron		
eb_b038a_med7_name_CHILDQ	CHEBI:134765	isometheptene		
eb_b033a_med2_name_CHILDQ	CHEBI:6060	isosorbide		
eb_b035a_med4_name_CHILDQ	CHEBI:6060	isosorbide		
eb_b038a_med7_name_CHILDQ	CHEBI:6060	isosorbide		
eb_b040a_med9_name_CHILDQ	CHEBI:6060	isosorbide		
eb_b035a_med4_name_CHILDQ	CHEBI:6062	isosorbide mononitrate		
eb_b040a_med9_name_CHILDQ	CHEBI:6062	isosorbide mononitrate		
eb_b032a_med1_name_CHILDQ	CHEBI:82720	jardiance		
eb_b038a_med7_name_CHILDQ	CHEBI:82720	jardiance		
eb_b035a_med4_name_CHILDQ	CHEBI:82718	jublia		
eb_b037a_med6_name_CHILDQ	CHEBI:32588	kcl		
eb_b032a_med1_name_CHILDQ	CHEBI:6437	keppra		
eb_b038a_med7_name_CHILDQ	CHEBI:47519	ketoconazole		
eb_b039a_med8_name_CHILDQ	CHEBI:47519	ketoconazole		
eb_b034a_med3_name_CHILDQ	CHEBI:32588	klor-con		
eb_b035a_med4_name_CHILDQ	CHEBI:32588	klor-con		
eb_b036a_med5_name_CHILDQ	CHEBI:32588	klor-con		
eb_b039a_med8_name_CHILDQ	CHEBI:16347	l-carnitine		
eb_b037a_med6_name_CHILDQ	CHEBI:18050	l-glutamine		
eb_b033a_med2_name_CHILDQ	CHEBI:18332	l-thyroxine		
eb_b034a_med3_name_CHILDQ	CHEBI:18332	l-thyroxine		
eb_b035a_med4_name_CHILDQ	CHEBI:18332	l-thyroxine		
eb_b032a_med1_name_CHILDQ	CHEBI:6343	labetalol		
eb_b033a_med2_name_CHILDQ	CHEBI:24996	lactate		
eb_b032a_med1_name_CHILDQ	CHEBI:6367	lamictal		
eb_b033a_med2_name_CHILDQ	CHEBI:6367	lamictal		
eb_b034a_med3_name_CHILDQ	CHEBI:6367	lamictal		
eb_b035a_med4_name_CHILDQ	CHEBI:6367	lamictal		
eb_b032a_med1_name_CHILDQ	CHEBI:6367	lamotrigine		
eb_b033a_med2_name_CHILDQ	CHEBI:6367	lamotrigine		
eb_b034a_med3_name_CHILDQ	CHEBI:6367	lamotrigine		
eb_b037a_med6_name_CHILDQ	CHEBI:6367	lamotrigine		
eb_b032a_med1_name_CHILDQ	CHEBI:6375	lansoprazole		
eb_b033a_med2_name_CHILDQ	CHEBI:6375	lansoprazole		
eb_b034a_med3_name_CHILDQ	CHEBI:6375	lansoprazole		
eb_b035a_med4_name_CHILDQ	CHEBI:6375	lansoprazole		
eb_b039a_med8_name_CHILDQ	CHEBI:6375	lansoprazole		
eb_b040a_med9_name_CHILDQ	CHEBI:6375	lansoprazole		
eb_b032a_med1_name_CHILDQ	CHEBI:6384	latanoprost		
eb_b033a_med2_name_CHILDQ	CHEBI:6384	latanoprost		
eb_b034a_med3_name_CHILDQ	CHEBI:6384	latanoprost		
eb_b036a_med5_name_CHILDQ	CHEBI:6384	latanoprost		
eb_b037a_med6_name_CHILDQ	CHEBI:6384	latanoprost		
eb_b039a_med8_name_CHILDQ	CHEBI:6384	latanoprost		
eb_b040a_med9_name_CHILDQ	CHEBI:6384	latanoprost		
eb_b032a_med1_name_CHILDQ	CHEBI:70732	latuda		
eb_b033a_med2_name_CHILDQ	CHEBI:70732	latuda		
eb_b035a_med4_name_CHILDQ	CHEBI:70732	latuda		
eb_b041a_med10_name_CHILDQ	CHEBI:50503	laxative		
eb_b033a_med2_name_CHILDQ	CHEBI:6402	leflunomide		
eb_b035a_med4_name_CHILDQ	CHEBI:6402	leflunomide		
eb_b033a_med2_name_CHILDQ	CHEBI:6413	letrozol		
eb_b032a_med1_name_CHILDQ	CHEBI:6413	letrozole		
eb_b035a_med4_name_CHILDQ	CHEBI:6413	letrozole		
eb_b034a_med3_name_CHILDQ	CHEBI:15640	leucovorin		
eb_b033a_med2_name_CHILDQ	CHEBI:6437	levetiracetam		
eb_b032a_med1_name_CHILDQ	CHEBI:46295	levitra		
eb_b033a_med2_name_CHILDQ	CHEBI:15765	levodopa		
eb_b032a_med1_name_CHILDQ	CHEBI:63598	levofloxacin		
eb_b032a_med1_name_CHILDQ	CHEBI:6443	levonorgestrel		
eb_b034a_med3_name_CHILDQ	CHEBI:8746	levosalbutamol		
eb_b032a_med1_name_CHILDQ	CHEBI:6446	levothroid		
eb_b032a_med1_name_CHILDQ	CHEBI:18332	levothyroxin		
eb_b033a_med2_name_CHILDQ	CHEBI:18332	levothyroxin		
eb_b034a_med3_name_CHILDQ	CHEBI:18332	levothyroxin		
eb_b035a_med4_name_CHILDQ	CHEBI:18332	levothyroxin		
eb_b036a_med5_name_CHILDQ	CHEBI:18332	levothyroxin		
eb_b038a_med7_name_CHILDQ	CHEBI:18332	levothyroxin		
eb_b032a_med1_name_CHILDQ	CHEBI:18332	levothyroxine		
eb_b033a_med2_name_CHILDQ	CHEBI:18332	levothyroxine		
eb_b034a_med3_name_CHILDQ	CHEBI:18332	levothyroxine		
eb_b035a_med4_name_CHILDQ	CHEBI:18332	levothyroxine		
eb_b036a_med5_name_CHILDQ	CHEBI:18332	levothyroxine		
eb_b037a_med6_name_CHILDQ	CHEBI:18332	levothyroxine		
eb_b038a_med7_name_CHILDQ	CHEBI:18332	levothyroxine		
eb_b039a_med8_name_CHILDQ	CHEBI:18332	levothyroxine		
eb_b040a_med9_name_CHILDQ	CHEBI:18332	levothyroxine		
eb_b032a_med1_name_CHILDQ	CHEBI:6446	levothyroxine sodium		
eb_b035a_med4_name_CHILDQ	CHEBI:6446	levothyroxine sodium		
eb_b036a_med5_name_CHILDQ	CHEBI:6446	levothyroxine sodium		
eb_b032a_med1_name_CHILDQ	CHEBI:6446	levoxyl		
eb_b033a_med2_name_CHILDQ	CHEBI:6446	levoxyl		
eb_b034a_med3_name_CHILDQ	CHEBI:6446	levoxyl		
eb_b041a_med10_name_CHILDQ	CHEBI:6456	lidocaine		
eb_b032a_med1_name_CHILDQ	CHEBI:68551	linzess		
eb_b032a_med1_name_CHILDQ	CHEBI:18258	liothyronine		
eb_b033a_med2_name_CHILDQ	CHEBI:18258	liothyronine		
eb_b034a_med3_name_CHILDQ	CHEBI:18258	liothyronine		
eb_b032a_med1_name_CHILDQ	CHEBI:50686	lipitor		
eb_b033a_med2_name_CHILDQ	CHEBI:50686	lipitor		
eb_b034a_med3_name_CHILDQ	CHEBI:50686	lipitor		
eb_b035a_med4_name_CHILDQ	CHEBI:50686	lipitor		
eb_b036a_med5_name_CHILDQ	CHEBI:50686	lipitor		
eb_b037a_med6_name_CHILDQ	CHEBI:50686	lipitor		
eb_b039a_med8_name_CHILDQ	CHEBI:50686	lipitor		
eb_b040a_med9_name_CHILDQ	CHEBI:50686	lipitor		
eb_b041a_med10_name_CHILDQ	CHEBI:50686	lipitor		
eb_b034a_med3_name_CHILDQ	CHEBI:5001	lipofen		
eb_b034a_med3_name_CHILDQ	CHEBI:16494	lipoic acid		
eb_b039a_med8_name_CHILDQ	CHEBI:16494	lipoic acid		
eb_b032a_med1_name_CHILDQ	CHEBI:43755	lisinopril		
eb_b033a_med2_name_CHILDQ	CHEBI:43755	lisinopril		
eb_b034a_med3_name_CHILDQ	CHEBI:43755	lisinopril		
eb_b035a_med4_name_CHILDQ	CHEBI:43755	lisinopril		
eb_b036a_med5_name_CHILDQ	CHEBI:43755	lisinopril		
eb_b037a_med6_name_CHILDQ	CHEBI:43755	lisinopril		
eb_b038a_med7_name_CHILDQ	CHEBI:43755	lisinopril		
eb_b040a_med9_name_CHILDQ	CHEBI:43755	lisinopril		
eb_b041a_med10_name_CHILDQ	CHEBI:43755	lisinopril		
eb_b032a_med1_name_CHILDQ	CHEBI:30145	lithium		
eb_b033a_med2_name_CHILDQ	CHEBI:30145	lithium		
eb_b036a_med5_name_CHILDQ	CHEBI:30145	lithium		
eb_b037a_med6_name_CHILDQ	CHEBI:30145	lithium		
eb_b041a_med10_name_CHILDQ	CHEBI:30145	lithium		
eb_b032a_med1_name_CHILDQ	CHEBI:6504	lithium carbonate		
eb_b036a_med5_name_CHILDQ	CHEBI:6504	lithium carbonate		
eb_b037a_med6_name_CHILDQ	CHEBI:6504	lithium carbonate		
eb_b037a_med6_name_CHILDQ	CHEBI:6519	lomotil		
eb_b040a_med9_name_CHILDQ	CHEBI:6519	lomotil		
eb_b037a_med6_name_CHILDQ	CHEBI:6532	loperamide		
eb_b039a_med8_name_CHILDQ	CHEBI:6532	loperamide		
eb_b041a_med10_name_CHILDQ	CHEBI:6532	loperamide		
eb_b039a_med8_name_CHILDQ	CHEBI:6533	loperamide hcl		
eb_b041a_med10_name_CHILDQ	CHEBI:6533	loperamide hydrochloride		
eb_b032a_med1_name_CHILDQ	CHEBI:6538	loratadine		
eb_b033a_med2_name_CHILDQ	CHEBI:6538	loratadine		
eb_b034a_med3_name_CHILDQ	CHEBI:6538	loratadine		
eb_b035a_med4_name_CHILDQ	CHEBI:6538	loratadine		
eb_b036a_med5_name_CHILDQ	CHEBI:6538	loratadine		
eb_b037a_med6_name_CHILDQ	CHEBI:6538	loratadine		
eb_b038a_med7_name_CHILDQ	CHEBI:6538	loratadine		
eb_b039a_med8_name_CHILDQ	CHEBI:6538	loratadine		
eb_b041a_med10_name_CHILDQ	CHEBI:6538	loratadine		
eb_b033a_med2_name_CHILDQ	CHEBI:6539	lorazepam		
eb_b035a_med4_name_CHILDQ	CHEBI:6539	lorazepam		
eb_b040a_med9_name_CHILDQ	CHEBI:6539	lorazepam		
eb_b041a_med10_name_CHILDQ	CHEBI:6539	lorazepam		
eb_b032a_med1_name_CHILDQ	CHEBI:6541	losartan		
eb_b033a_med2_name_CHILDQ	CHEBI:6541	losartan		
eb_b034a_med3_name_CHILDQ	CHEBI:6541	losartan		
eb_b035a_med4_name_CHILDQ	CHEBI:6541	losartan		
eb_b036a_med5_name_CHILDQ	CHEBI:6541	losartan		
eb_b037a_med6_name_CHILDQ	CHEBI:6541	losartan		
eb_b038a_med7_name_CHILDQ	CHEBI:6541	losartan		
eb_b039a_med8_name_CHILDQ	CHEBI:6541	losartan		
eb_b040a_med9_name_CHILDQ	CHEBI:6541	losartan		
eb_b041a_med10_name_CHILDQ	CHEBI:6541	losartan		
eb_b032a_med1_name_CHILDQ	CHEBI:3012	lotensin		
eb_b033a_med2_name_CHILDQ	CHEBI:3012	lotensin		
eb_b032a_med1_name_CHILDQ	CHEBI:40303	lovastatin		
eb_b033a_med2_name_CHILDQ	CHEBI:40303	lovastatin		
eb_b034a_med3_name_CHILDQ	CHEBI:40303	lovastatin		
eb_b035a_med4_name_CHILDQ	CHEBI:40303	lovastatin		
eb_b036a_med5_name_CHILDQ	CHEBI:40303	lovastatin		
eb_b037a_med6_name_CHILDQ	CHEBI:40303	lovastatin		
eb_b033a_med2_name_CHILDQ	CHEBI:63597	lupron		
eb_b039a_med8_name_CHILDQ	CHEBI:63597	lupron		
eb_b035a_med4_name_CHILDQ	CHEBI:28838	lutein		
eb_b036a_med5_name_CHILDQ	CHEBI:28838	lutein		
eb_b037a_med6_name_CHILDQ	CHEBI:28838	lutein		
eb_b040a_med9_name_CHILDQ	CHEBI:28838	lutein		
eb_b034a_med3_name_CHILDQ	CHEBI:15948	lycopene		
eb_b033a_med2_name_CHILDQ	CHEBI:83766	lynparza		
eb_b032a_med1_name_CHILDQ	CHEBI:64356	lyrica		
eb_b034a_med3_name_CHILDQ	CHEBI:64356	lyrica		
eb_b039a_med8_name_CHILDQ	CHEBI:64356	lyrica		
eb_b041a_med10_name_CHILDQ	CHEBI:64356	lyrica		
eb_b033a_med2_name_CHILDQ	CHEBI:25094	lysine		
eb_b039a_med8_name_CHILDQ	CHEBI:31794	magnesia		
eb_b032a_med1_name_CHILDQ	CHEBI:25107	magnesium		
eb_b033a_med2_name_CHILDQ	CHEBI:25107	magnesium		
eb_b035a_med4_name_CHILDQ	CHEBI:25107	magnesium		
eb_b036a_med5_name_CHILDQ	CHEBI:25107	magnesium		
eb_b038a_med7_name_CHILDQ	CHEBI:25107	magnesium		
eb_b039a_med8_name_CHILDQ	CHEBI:25107	magnesium		
eb_b040a_med9_name_CHILDQ	CHEBI:25107	magnesium		
eb_b038a_med7_name_CHILDQ	CHEBI:131389	magnesium citrate		
eb_b039a_med8_name_CHILDQ	CHEBI:131389	magnesium citrate		
eb_b032a_med1_name_CHILDQ	CHEBI:31794	magnesium oxide		
eb_b038a_med7_name_CHILDQ	CHEBI:31794	magnesium oxide		
eb_b040a_med9_name_CHILDQ	CHEBI:31794	magnesium oxide		
eb_b032a_med1_name_CHILDQ	CHEBI:132951	maleate		
eb_b033a_med2_name_CHILDQ	CHEBI:132951	maleate		
eb_b034a_med3_name_CHILDQ	CHEBI:132951	maleate		
eb_b035a_med4_name_CHILDQ	CHEBI:132951	maleate		
eb_b038a_med7_name_CHILDQ	CHEBI:132951	maleate		
eb_b033a_med2_name_CHILDQ	CHEBI:6709	meclizine		
eb_b037a_med6_name_CHILDQ	CHEBI:6709	meclizine		
eb_b032a_med1_name_CHILDQ	CHEBI:6715	medroxyprogesterone		
eb_b033a_med2_name_CHILDQ	CHEBI:6715	medroxyprogesterone		
eb_b034a_med3_name_CHILDQ	CHEBI:6715	medroxyprogesterone		
eb_b035a_med4_name_CHILDQ	CHEBI:6715	medroxyprogesterone		
eb_b032a_med1_name_CHILDQ	CHEBI:16796	melatonin		
eb_b033a_med2_name_CHILDQ	CHEBI:16796	melatonin		
eb_b035a_med4_name_CHILDQ	CHEBI:16796	melatonin		
eb_b036a_med5_name_CHILDQ	CHEBI:16796	melatonin		
eb_b038a_med7_name_CHILDQ	CHEBI:16796	melatonin		
eb_b032a_med1_name_CHILDQ	CHEBI:6741	meloxicam		
eb_b033a_med2_name_CHILDQ	CHEBI:6741	meloxicam		
eb_b034a_med3_name_CHILDQ	CHEBI:6741	meloxicam		
eb_b035a_med4_name_CHILDQ	CHEBI:6741	meloxicam		
eb_b036a_med5_name_CHILDQ	CHEBI:6741	meloxicam		
eb_b037a_med6_name_CHILDQ	CHEBI:6741	meloxicam		
eb_b038a_med7_name_CHILDQ	CHEBI:6741	meloxicam		
eb_b041a_med10_name_CHILDQ	CHEBI:6741	meloxicam		
eb_b035a_med4_name_CHILDQ	CHEBI:64312	memantine		
eb_b041a_med10_name_CHILDQ	CHEBI:64312	memantine		
eb_b032a_med1_name_CHILDQ	CHEBI:50667	mercaptopurine		
eb_b033a_med2_name_CHILDQ	CHEBI:50667	mercaptopurine		
eb_b032a_med1_name_CHILDQ	CHEBI:6775	mesalamine		
eb_b037a_med6_name_CHILDQ	CHEBI:6797	metaxalone		
eb_b038a_med7_name_CHILDQ	CHEBI:6797	metaxalone		
eb_b041a_med10_name_CHILDQ	CHEBI:6797	metaxalone		
eb_b032a_med1_name_CHILDQ	CHEBI:6801	metformin		
eb_b033a_med2_name_CHILDQ	CHEBI:6801	metformin		
eb_b034a_med3_name_CHILDQ	CHEBI:6801	metformin		
eb_b035a_med4_name_CHILDQ	CHEBI:6801	metformin		
eb_b036a_med5_name_CHILDQ	CHEBI:6801	metformin		
eb_b037a_med6_name_CHILDQ	CHEBI:6801	metformin		
eb_b038a_med7_name_CHILDQ	CHEBI:6801	metformin		
eb_b039a_med8_name_CHILDQ	CHEBI:6801	metformin		
eb_b040a_med9_name_CHILDQ	CHEBI:6801	metformin		
eb_b041a_med10_name_CHILDQ	CHEBI:6801	metformin		
eb_b032a_med1_name_CHILDQ	CHEBI:6802	metformin hcl		
eb_b033a_med2_name_CHILDQ	CHEBI:6802	metformin hcl		
eb_b034a_med3_name_CHILDQ	CHEBI:6802	metformin hcl		
eb_b037a_med6_name_CHILDQ	CHEBI:6802	metformin hcl		
eb_b041a_med10_name_CHILDQ	CHEBI:6802	metformin hcl		
eb_b034a_med3_name_CHILDQ	CHEBI:6801	metformina		
eb_b032a_med1_name_CHILDQ	CHEBI:6807	methadone		
eb_b033a_med2_name_CHILDQ	CHEBI:6824	methenamine		
eb_b033a_med2_name_CHILDQ	CHEBI:6825	methenamine hippurate		
eb_b032a_med1_name_CHILDQ	CHEBI:50673	methimazole		
eb_b033a_med2_name_CHILDQ	CHEBI:50673	methimazole		
eb_b035a_med4_name_CHILDQ	CHEBI:50673	methimazole		
eb_b032a_med1_name_CHILDQ	CHEBI:6832	methocarbamol		
eb_b035a_med4_name_CHILDQ	CHEBI:6832	methocarbamol		
eb_b032a_med1_name_CHILDQ	CHEBI:44185	methotrexate		
eb_b033a_med2_name_CHILDQ	CHEBI:44185	methotrexate		
eb_b035a_med4_name_CHILDQ	CHEBI:44185	methotrexate		
eb_b036a_med5_name_CHILDQ	CHEBI:44185	methotrexate		
eb_b037a_med6_name_CHILDQ	CHEBI:44185	methotrexate		
eb_b038a_med7_name_CHILDQ	CHEBI:44185	methotrexate		
eb_b039a_med8_name_CHILDQ	CHEBI:44185	methotrexate		
eb_b035a_med4_name_CHILDQ	CHEBI:28115	methylcobalamin		
eb_b032a_med1_name_CHILDQ	CHEBI:61058	methyldopa		
eb_b032a_med1_name_CHILDQ	CHEBI:6887	methylphenidate		
eb_b033a_med2_name_CHILDQ	CHEBI:6887	methylphenidate		
eb_b034a_med3_name_CHILDQ	CHEBI:6887	methylphenidate		
eb_b040a_med9_name_CHILDQ	CHEBI:6887	methylphenidate		
eb_b034a_med3_name_CHILDQ	CHEBI:31836	methylphenidate hcl		
eb_b033a_med2_name_CHILDQ	CHEBI:27436	methyltestosterone		
eb_b032a_med1_name_CHILDQ	CHEBI:6904	metoprolol		
eb_b033a_med2_name_CHILDQ	CHEBI:6904	metoprolol		
eb_b034a_med3_name_CHILDQ	CHEBI:6904	metoprolol		
eb_b035a_med4_name_CHILDQ	CHEBI:6904	metoprolol		
eb_b036a_med5_name_CHILDQ	CHEBI:6904	metoprolol		
eb_b037a_med6_name_CHILDQ	CHEBI:6904	metoprolol		
eb_b038a_med7_name_CHILDQ	CHEBI:6904	metoprolol		
eb_b040a_med9_name_CHILDQ	CHEBI:6904	metoprolol		
eb_b041a_med10_name_CHILDQ	CHEBI:6904	metoprolol		
eb_b032a_med1_name_CHILDQ	CHEBI:6905	metoprolol succinate		
eb_b033a_med2_name_CHILDQ	CHEBI:6905	metoprolol succinate		
eb_b035a_med4_name_CHILDQ	CHEBI:6905	metoprolol succinate		
eb_b036a_med5_name_CHILDQ	CHEBI:6905	metoprolol succinate		
eb_b040a_med9_name_CHILDQ	CHEBI:6905	metoprolol succinate		
eb_b032a_med1_name_CHILDQ	CHEBI:6906	metoprolol tartrate		
eb_b033a_med2_name_CHILDQ	CHEBI:6906	metoprolol tartrate		
eb_b035a_med4_name_CHILDQ	CHEBI:6906	metoprolol tartrate		
eb_b036a_med5_name_CHILDQ	CHEBI:6906	metoprolol tartrate		
eb_b034a_med3_name_CHILDQ	CHEBI:6909	metronidazole		
eb_b035a_med4_name_CHILDQ	CHEBI:6909	metronidazole		
eb_b032a_med1_name_CHILDQ	CHEBI:9434	micardis		
eb_b033a_med2_name_CHILDQ	CHEBI:9434	micardis		
eb_b036a_med5_name_CHILDQ	CHEBI:9434	micardis		
eb_b034a_med3_name_CHILDQ	CHEBI:7627	micronor		
eb_b039a_med8_name_CHILDQ	CHEBI:6637	milk of magnesia		
eb_b032a_med1_name_CHILDQ	CHEBI:50694	minocycline		
eb_b033a_med2_name_CHILDQ	CHEBI:50694	minocycline		
eb_b039a_med8_name_CHILDQ	CHEBI:50694	minocycline		
eb_b032a_med1_name_CHILDQ	CHEBI:6942	minoxidil		
eb_b034a_med3_name_CHILDQ	CHEBI:6942	minoxidil		
eb_b035a_med4_name_CHILDQ	CHEBI:65349	mirabegron		
eb_b032a_med1_name_CHILDQ	CHEBI:6443	mirena		
eb_b033a_med2_name_CHILDQ	CHEBI:6443	mirena		
eb_b036a_med5_name_CHILDQ	CHEBI:6443	mirena		
eb_b038a_med7_name_CHILDQ	CHEBI:6443	mirena		
eb_b032a_med1_name_CHILDQ	CHEBI:6950	mirtazapine		
eb_b034a_med3_name_CHILDQ	CHEBI:6950	mirtazapine		
eb_b037a_med6_name_CHILDQ	CHEBI:6950	mirtazapine		
eb_b032a_med1_name_CHILDQ	CHEBI:63610	misoprostol		
eb_b034a_med3_name_CHILDQ	CHEBI:60004	mixture		
eb_b032a_med1_name_CHILDQ	CHEBI:6741	mobic		
eb_b033a_med2_name_CHILDQ	CHEBI:6741	mobic		
eb_b034a_med3_name_CHILDQ	CHEBI:6741	mobic		
eb_b036a_med5_name_CHILDQ	CHEBI:6741	mobic		
eb_b033a_med2_name_CHILDQ	CHEBI:31859	modafinil		
eb_b034a_med3_name_CHILDQ	CHEBI:31859	modafinil		
eb_b035a_med4_name_CHILDQ	CHEBI:31859	modafinil		
eb_b036a_med5_name_CHILDQ	CHEBI:31859	modafinil		
eb_b032a_med1_name_CHILDQ	CHEBI:6970	mometasone		
eb_b033a_med2_name_CHILDQ	CHEBI:6970	mometasone		
eb_b032a_med1_name_CHILDQ	CHEBI:50730	montelukast		
eb_b033a_med2_name_CHILDQ	CHEBI:50730	montelukast		
eb_b034a_med3_name_CHILDQ	CHEBI:50730	montelukast		
eb_b035a_med4_name_CHILDQ	CHEBI:50730	montelukast		
eb_b036a_med5_name_CHILDQ	CHEBI:50730	montelukast		
eb_b037a_med6_name_CHILDQ	CHEBI:50730	montelukast		
eb_b038a_med7_name_CHILDQ	CHEBI:50730	montelukast		
eb_b039a_med8_name_CHILDQ	CHEBI:50730	montelukast		
eb_b040a_med9_name_CHILDQ	CHEBI:50730	montelukast		
eb_b041a_med10_name_CHILDQ	CHEBI:50730	montelukast		
eb_b033a_med2_name_CHILDQ	CHEBI:6993	montelukast sodium		
eb_b034a_med3_name_CHILDQ	CHEBI:6993	montelukast sodium		
eb_b035a_med4_name_CHILDQ	CHEBI:6993	montelukast sodium		
eb_b036a_med5_name_CHILDQ	CHEBI:6993	montelukast sodium		
eb_b039a_med8_name_CHILDQ	CHEBI:6993	montelukast sodium		
eb_b041a_med10_name_CHILDQ	CHEBI:6993	montelukast sodium		
eb_b040a_med9_name_CHILDQ	CHEBI:17303	morphine		
eb_b040a_med9_name_CHILDQ	CHEBI:58097	morphine		
eb_b032a_med1_name_CHILDQ	CHEBI:5855	motrin		
eb_b033a_med2_name_CHILDQ	CHEBI:5855	motrin		
eb_b036a_med5_name_CHILDQ	CHEBI:5855	motrin		
eb_b037a_med6_name_CHILDQ	CHEBI:5855	motrin		
eb_b041a_med10_name_CHILDQ	CHEBI:5855	motrin		
eb_b032a_med1_name_CHILDQ	CHEBI:50659	multaq		
eb_b038a_med7_name_CHILDQ	CHEBI:50659	multaq		
eb_b034a_med3_name_CHILDQ	CHEBI:62932	mycophenolate		
eb_b034a_med3_name_CHILDQ	CHEBI:168396	mycophenolate		
eb_b032a_med1_name_CHILDQ	CHEBI:67155	myfortic		
eb_b033a_med2_name_CHILDQ	CHEBI:67155	myfortic		
eb_b032a_med1_name_CHILDQ	CHEBI:65349	myrbetriq		
eb_b035a_med4_name_CHILDQ	CHEBI:65349	myrbetriq		
eb_b038a_med7_name_CHILDQ	CHEBI:65349	myrbetriq		
eb_b032a_med1_name_CHILDQ	CHEBI:7443	nabumetone		
eb_b033a_med2_name_CHILDQ	CHEBI:7443	nabumetone		
eb_b035a_med4_name_CHILDQ	CHEBI:7443	nabumetone		
eb_b035a_med4_name_CHILDQ	CHEBI:7444	nadolol		
eb_b034a_med3_name_CHILDQ	CHEBI:7465	naltrexone		
eb_b032a_med1_name_CHILDQ	CHEBI:7476	naproxen		
eb_b033a_med2_name_CHILDQ	CHEBI:7476	naproxen		
eb_b034a_med3_name_CHILDQ	CHEBI:7476	naproxen		
eb_b035a_med4_name_CHILDQ	CHEBI:7476	naproxen		
eb_b036a_med5_name_CHILDQ	CHEBI:7476	naproxen		
eb_b037a_med6_name_CHILDQ	CHEBI:7476	naproxen		
eb_b038a_med7_name_CHILDQ	CHEBI:7476	naproxen		
eb_b040a_med9_name_CHILDQ	CHEBI:7476	naproxen		
eb_b032a_med1_name_CHILDQ	CHEBI:7477	naproxen sodium		
eb_b033a_med2_name_CHILDQ	CHEBI:7477	naproxen sodium		
eb_b034a_med3_name_CHILDQ	CHEBI:7477	naproxen sodium		
eb_b035a_med4_name_CHILDQ	CHEBI:7477	naproxen sodium		
eb_b037a_med6_name_CHILDQ	CHEBI:7477	naproxen sodium		
eb_b038a_med7_name_CHILDQ	CHEBI:7477	naproxen sodium		
eb_b040a_med9_name_CHILDQ	CHEBI:7477	naproxen sodium		
eb_b032a_med1_name_CHILDQ	CHEBI:77715	nasal decongestant		
eb_b032a_med1_name_CHILDQ	CHEBI:9584	nature-throid		
eb_b033a_med2_name_CHILDQ	CHEBI:9584	nature-throid		
eb_b034a_med3_name_CHILDQ	CHEBI:9584	nature-throid		
eb_b035a_med4_name_CHILDQ	CHEBI:9584	nature-throid		
eb_b039a_med8_name_CHILDQ	CHEBI:7507	neomycin		
eb_b032a_med1_name_CHILDQ	CHEBI:42797	neurontin		
eb_b033a_med2_name_CHILDQ	CHEBI:42797	neurontin		
eb_b034a_med3_name_CHILDQ	CHEBI:42797	neurontin		
eb_b037a_med6_name_CHILDQ	CHEBI:42797	neurontin		
eb_b033a_med2_name_CHILDQ	CHEBI:63613	nevirapine		
eb_b032a_med1_name_CHILDQ	CHEBI:15940	niacin		
eb_b034a_med3_name_CHILDQ	CHEBI:15940	niacin		
eb_b039a_med8_name_CHILDQ	CHEBI:15940	niacin		
eb_b040a_med9_name_CHILDQ	CHEBI:15940	niacin		
eb_b033a_med2_name_CHILDQ	CHEBI:15940	niaspan		
eb_b035a_med4_name_CHILDQ	CHEBI:15940	niaspan		
eb_b032a_med1_name_CHILDQ	CHEBI:7565	nifedipine		
eb_b036a_med5_name_CHILDQ	CHEBI:7565	nifedipine		
eb_b040a_med9_name_CHILDQ	CHEBI:7565	nifedipine		
eb_b036a_med5_name_CHILDQ	CHEBI:71415	nitrofurantoin		
eb_b032a_med1_name_CHILDQ	CHEBI:28787	nitrolingual		
eb_b036a_med5_name_CHILDQ	CHEBI:28787	nitrostat		
eb_b039a_med8_name_CHILDQ	CHEBI:28787	nitrostat		
eb_b032a_med1_name_CHILDQ	CHEBI:7627	norethindrone		
eb_b036a_med5_name_CHILDQ	CHEBI:7627	norethindrone		
eb_b037a_med6_name_CHILDQ	CHEBI:7627	norethindrone		
eb_b038a_med7_name_CHILDQ	CHEBI:7627	norethindrone		
eb_b032a_med1_name_CHILDQ	CHEBI:7640	nortriptyline		
eb_b033a_med2_name_CHILDQ	CHEBI:7640	nortriptyline		
eb_b034a_med3_name_CHILDQ	CHEBI:7640	nortriptyline		
eb_b038a_med7_name_CHILDQ	CHEBI:135935	nucynta		
eb_b035a_med4_name_CHILDQ	CHEBI:77590	nuvigil		
eb_b037a_med6_name_CHILDQ	CHEBI:7660	nystatin		
eb_b037a_med6_name_CHILDQ	CHEBI:59676	nystatin		
eb_b032a_med1_name_CHILDQ	CHEBI:133010	odefsey		
eb_b032a_med1_name_CHILDQ	CHEBI:48416	olmesartan		
eb_b033a_med2_name_CHILDQ	CHEBI:48416	olmesartan		
eb_b034a_med3_name_CHILDQ	CHEBI:48416	olmesartan		
eb_b033a_med2_name_CHILDQ	CHEBI:31932	olmesartan medoxomil		
eb_b034a_med3_name_CHILDQ	CHEBI:31932	olmesartan medoxomil		
eb_b032a_med1_name_CHILDQ	CHEBI:7769	olopatadine		
eb_b035a_med4_name_CHILDQ	CHEBI:7769	olopatadine		
eb_b039a_med8_name_CHILDQ	CHEBI:7769	olopatadine		
eb_b039a_med8_name_CHILDQ	CHEBI:7769	olopatadine hcl		
eb_b039a_med8_name_CHILDQ	CHEBI:25681	omega-3 fatty acids		
eb_b033a_med2_name_CHILDQ	CHEBI:7772	omeprazol		
eb_b032a_med1_name_CHILDQ	CHEBI:7772	omeprazole		
eb_b033a_med2_name_CHILDQ	CHEBI:7772	omeprazole		
eb_b034a_med3_name_CHILDQ	CHEBI:7772	omeprazole		
eb_b035a_med4_name_CHILDQ	CHEBI:7772	omeprazole		
eb_b036a_med5_name_CHILDQ	CHEBI:7772	omeprazole		
eb_b037a_med6_name_CHILDQ	CHEBI:7772	omeprazole		
eb_b038a_med7_name_CHILDQ	CHEBI:7772	omeprazole		
eb_b040a_med9_name_CHILDQ	CHEBI:7772	omeprazole		
eb_b041a_med10_name_CHILDQ	CHEBI:7772	omeprazole		
eb_b035a_med4_name_CHILDQ	CHEBI:7773	ondansetron		
eb_b037a_med6_name_CHILDQ	CHEBI:71271	onglyza		
eb_b032a_med1_name_CHILDQ	CHEBI:66981	ophthalmic		
eb_b033a_med2_name_CHILDQ	CHEBI:66981	ophthalmic		
eb_b034a_med3_name_CHILDQ	CHEBI:66981	ophthalmic		
eb_b035a_med4_name_CHILDQ	CHEBI:66981	ophthalmic		
eb_b039a_med8_name_CHILDQ	CHEBI:66981	ophthalmic		
eb_b032a_med1_name_CHILDQ	CHEBI:49325	oral contraceptive		
eb_b033a_med2_name_CHILDQ	CHEBI:73275	osphena		
eb_b034a_med3_name_CHILDQ	CHEBI:73275	osphena		
eb_b034a_med3_name_CHILDQ	CHEBI:132952	oxalate		
eb_b034a_med3_name_CHILDQ	CHEBI:30623	oxalate		
eb_b035a_med4_name_CHILDQ	CHEBI:7824	oxcarbazepine		
eb_b032a_med1_name_CHILDQ	CHEBI:7856	oxybutynin		
eb_b033a_med2_name_CHILDQ	CHEBI:7856	oxybutynin		
eb_b034a_med3_name_CHILDQ	CHEBI:7856	oxybutynin		
eb_b035a_med4_name_CHILDQ	CHEBI:7856	oxybutynin		
eb_b032a_med1_name_CHILDQ	CHEBI:7857	oxybutynin chloride		
eb_b035a_med4_name_CHILDQ	CHEBI:7857	oxybutynin chloride		
eb_b032a_med1_name_CHILDQ	CHEBI:7852	oxycodone		
eb_b033a_med2_name_CHILDQ	CHEBI:7852	oxycodone		
eb_b034a_med3_name_CHILDQ	CHEBI:7852	oxycodone		
eb_b035a_med4_name_CHILDQ	CHEBI:7852	oxycodone		
eb_b036a_med5_name_CHILDQ	CHEBI:7852	oxycodone		
eb_b037a_med6_name_CHILDQ	CHEBI:7852	oxycodone		
eb_b039a_med8_name_CHILDQ	CHEBI:7852	oxycodone		
eb_b040a_med9_name_CHILDQ	CHEBI:7852	oxycodone		
eb_b041a_med10_name_CHILDQ	CHEBI:7852	oxycodone		
eb_b036a_med5_name_CHILDQ	CHEBI:7859	oxycodone hcl		
eb_b039a_med8_name_CHILDQ	CHEBI:7859	oxycodone hcl		
eb_b041a_med10_name_CHILDQ	CHEBI:7859	oxycodone hcl		
eb_b032a_med1_name_CHILDQ	CHEBI:7641	pamelor		
eb_b032a_med1_name_CHILDQ	CHEBI:7915	pantoprazole		
eb_b033a_med2_name_CHILDQ	CHEBI:7915	pantoprazole		
eb_b034a_med3_name_CHILDQ	CHEBI:7915	pantoprazole		
eb_b035a_med4_name_CHILDQ	CHEBI:7915	pantoprazole		
eb_b036a_med5_name_CHILDQ	CHEBI:7915	pantoprazole		
eb_b037a_med6_name_CHILDQ	CHEBI:7915	pantoprazole		
eb_b038a_med7_name_CHILDQ	CHEBI:7915	pantoprazole		
eb_b039a_med8_name_CHILDQ	CHEBI:7915	pantoprazole		
eb_b041a_med10_name_CHILDQ	CHEBI:7915	pantoprazole		
eb_b033a_med2_name_CHILDQ	CHEBI:50270	pantoprazole sodium		
eb_b041a_med10_name_CHILDQ	CHEBI:50270	pantoprazole sodium		
eb_b032a_med1_name_CHILDQ	CHEBI:7936	paroxetine		
eb_b033a_med2_name_CHILDQ	CHEBI:7936	paroxetine		
eb_b034a_med3_name_CHILDQ	CHEBI:7936	paroxetine		
eb_b033a_med2_name_CHILDQ	CHEBI:7944	paroxetine hcl		
eb_b035a_med4_name_CHILDQ	CHEBI:7769	patanol		
eb_b032a_med1_name_CHILDQ	CHEBI:7944	paxil		
eb_b033a_med2_name_CHILDQ	CHEBI:7944	paxil		
eb_b036a_med5_name_CHILDQ	CHEBI:7944	paxil		
eb_b033a_med2_name_CHILDQ	CHEBI:6775	pentasa		
eb_b034a_med3_name_CHILDQ	CHEBI:6775	pentasa		
eb_b034a_med3_name_CHILDQ	CHEBI:7986	pentoxifylline		
eb_b035a_med4_name_CHILDQ	CHEBI:7986	pentoxifylline		
eb_b032a_med1_name_CHILDQ	CHEBI:4975	pepcid		
eb_b033a_med2_name_CHILDQ	CHEBI:4975	pepcid		
eb_b034a_med3_name_CHILDQ	CHEBI:4975	pepcid		
eb_b035a_med4_name_CHILDQ	CHEBI:4975	pepcid		
eb_b036a_med5_name_CHILDQ	CHEBI:4975	pepcid		
eb_b037a_med6_name_CHILDQ	CHEBI:4975	pepcid		
eb_b038a_med7_name_CHILDQ	CHEBI:4975	pepcid		
eb_b039a_med8_name_CHILDQ	CHEBI:4975	pepcid		
eb_b040a_med9_name_CHILDQ	CHEBI:4975	pepcid		
eb_b037a_med6_name_CHILDQ	CHEBI:71416	phenazopyridine		
eb_b032a_med1_name_CHILDQ	CHEBI:8059	phendimetrazine		
eb_b032a_med1_name_CHILDQ	CHEBI:8060	phenelzine		
eb_b032a_med1_name_CHILDQ	CHEBI:8080	phentermine		
eb_b033a_med2_name_CHILDQ	CHEBI:8080	phentermine		
eb_b034a_med3_name_CHILDQ	CHEBI:8080	phentermine		
eb_b041a_med10_name_CHILDQ	CHEBI:8080	phentermine		
eb_b033a_med2_name_CHILDQ	CHEBI:8093	phenylephrine		
eb_b040a_med9_name_CHILDQ	CHEBI:8093	phenylephrine		
eb_b034a_med3_name_CHILDQ	CHEBI:39462	pilocarpine		
eb_b036a_med5_name_CHILDQ	CHEBI:39462	pilocarpine		
eb_b038a_med7_name_CHILDQ	CHEBI:39462	pilocarpine		
eb_b034a_med3_name_CHILDQ	CHEBI:141029	pilocarpine hcl		
eb_b035a_med4_name_CHILDQ	CHEBI:8214	pindolol		
eb_b033a_med2_name_CHILDQ	CHEBI:8228	pioglitazone		
eb_b035a_med4_name_CHILDQ	CHEBI:8228	pioglitazone		
eb_b032a_med1_name_CHILDQ	CHEBI:3759	plavix		
eb_b033a_med2_name_CHILDQ	CHEBI:3759	plavix		
eb_b034a_med3_name_CHILDQ	CHEBI:3759	plavix		
eb_b035a_med4_name_CHILDQ	CHEBI:3759	plavix		
eb_b036a_med5_name_CHILDQ	CHEBI:3759	plavix		
eb_b038a_med7_name_CHILDQ	CHEBI:3759	plavix		
eb_b039a_med8_name_CHILDQ	CHEBI:3759	plavix		
eb_b032a_med1_name_CHILDQ	CHEBI:26216	potassium		
eb_b033a_med2_name_CHILDQ	CHEBI:26216	potassium		
eb_b034a_med3_name_CHILDQ	CHEBI:26216	potassium		
eb_b035a_med4_name_CHILDQ	CHEBI:26216	potassium		
eb_b036a_med5_name_CHILDQ	CHEBI:26216	potassium		
eb_b037a_med6_name_CHILDQ	CHEBI:26216	potassium		
eb_b038a_med7_name_CHILDQ	CHEBI:26216	potassium		
eb_b039a_med8_name_CHILDQ	CHEBI:26216	potassium		
eb_b033a_med2_name_CHILDQ	CHEBI:32588	potassium chloride		
eb_b034a_med3_name_CHILDQ	CHEBI:32588	potassium chloride		
eb_b035a_med4_name_CHILDQ	CHEBI:32588	potassium chloride		
eb_b032a_med1_name_CHILDQ	CHEBI:32032	potassium gluconate		
eb_b033a_med2_name_CHILDQ	CHEBI:70743	pradaxa		
eb_b035a_med4_name_CHILDQ	CHEBI:70743	pradaxa		
eb_b037a_med6_name_CHILDQ	CHEBI:70743	pradaxa		
eb_b033a_med2_name_CHILDQ	CHEBI:8356	pramipexole		
eb_b034a_med3_name_CHILDQ	CHEBI:8356	pramipexole		
eb_b035a_med4_name_CHILDQ	CHEBI:8356	pramipexole		
eb_b037a_med6_name_CHILDQ	CHEBI:8356	pramipexole		
eb_b038a_med7_name_CHILDQ	CHEBI:8356	pramipexole		
eb_b039a_med8_name_CHILDQ	CHEBI:8356	pramipexole		
eb_b033a_med2_name_CHILDQ	CHEBI:51148	pramipexole dihydrochloride		
eb_b035a_med4_name_CHILDQ	CHEBI:51148	pramipexole dihydrochloride		
eb_b032a_med1_name_CHILDQ	CHEBI:63618	pravastatin		
eb_b033a_med2_name_CHILDQ	CHEBI:63618	pravastatin		
eb_b034a_med3_name_CHILDQ	CHEBI:63618	pravastatin		
eb_b035a_med4_name_CHILDQ	CHEBI:63618	pravastatin		
eb_b036a_med5_name_CHILDQ	CHEBI:63618	pravastatin		
eb_b037a_med6_name_CHILDQ	CHEBI:63618	pravastatin		
eb_b038a_med7_name_CHILDQ	CHEBI:63618	pravastatin		
eb_b039a_med8_name_CHILDQ	CHEBI:63618	pravastatin		
eb_b041a_med10_name_CHILDQ	CHEBI:63618	pravastatin		
eb_b033a_med2_name_CHILDQ	CHEBI:8361	pravastatin sodium		
eb_b034a_med3_name_CHILDQ	CHEBI:8361	pravastatin sodium		
eb_b035a_med4_name_CHILDQ	CHEBI:8361	pravastatin sodium		
eb_b038a_med7_name_CHILDQ	CHEBI:8361	pravastatin sodium		
eb_b040a_med9_name_CHILDQ	CHEBI:8364	prazosin		
eb_b032a_med1_name_CHILDQ	CHEBI:8378	prednisolone		
eb_b036a_med5_name_CHILDQ	CHEBI:8378	prednisolone		
eb_b032a_med1_name_CHILDQ	CHEBI:8380	prednisolone acetate		
eb_b032a_med1_name_CHILDQ	CHEBI:8382	prednisone		
eb_b033a_med2_name_CHILDQ	CHEBI:8382	prednisone		
eb_b034a_med3_name_CHILDQ	CHEBI:8382	prednisone		
eb_b036a_med5_name_CHILDQ	CHEBI:8382	prednisone		
eb_b037a_med6_name_CHILDQ	CHEBI:8382	prednisone		
eb_b038a_med7_name_CHILDQ	CHEBI:8382	prednisone		
eb_b039a_med8_name_CHILDQ	CHEBI:8382	prednisone		
eb_b032a_med1_name_CHILDQ	CHEBI:8389	premarin		
eb_b033a_med2_name_CHILDQ	CHEBI:8389	premarin		
eb_b037a_med6_name_CHILDQ	CHEBI:8389	premarin		
eb_b038a_med7_name_CHILDQ	CHEBI:8389	premarin		
eb_b041a_med10_name_CHILDQ	CHEBI:8389	premarin		
eb_b032a_med1_name_CHILDQ	CHEBI:6375	prevacid		
eb_b033a_med2_name_CHILDQ	CHEBI:6375	prevacid		
eb_b034a_med3_name_CHILDQ	CHEBI:6375	prevacid		
eb_b036a_med5_name_CHILDQ	CHEBI:6375	prevacid		
eb_b032a_med1_name_CHILDQ	CHEBI:8412	primidone		
eb_b038a_med7_name_CHILDQ	CHEBI:8426	probenecid		
eb_b032a_med1_name_CHILDQ	CHEBI:17026	progesterone		
eb_b033a_med2_name_CHILDQ	CHEBI:17026	progesterone		
eb_b034a_med3_name_CHILDQ	CHEBI:17026	progesterone		
eb_b037a_med6_name_CHILDQ	CHEBI:17026	progesterone		
eb_b038a_med7_name_CHILDQ	CHEBI:17026	progesterone		
eb_b032a_med1_name_CHILDQ	CHEBI:59826	progestin		
eb_b032a_med1_name_CHILDQ	CHEBI:61049	prograf		
eb_b036a_med5_name_CHILDQ	CHEBI:61049	prograf		
eb_b033a_med2_name_CHILDQ	CHEBI:8461	promethazine		
eb_b038a_med7_name_CHILDQ	CHEBI:8461	promethazine		
eb_b033a_med2_name_CHILDQ	CHEBI:8462	promethazine hcl		
eb_b033a_med2_name_CHILDQ	CHEBI:63619	propafenone		
eb_b032a_med1_name_CHILDQ	CHEBI:8499	propanolol		
eb_b032a_med1_name_CHILDQ	CHEBI:17272	propionate		
eb_b033a_med2_name_CHILDQ	CHEBI:17272	propionate		
eb_b034a_med3_name_CHILDQ	CHEBI:17272	propionate		
eb_b035a_med4_name_CHILDQ	CHEBI:17272	propionate		
eb_b036a_med5_name_CHILDQ	CHEBI:17272	propionate		
eb_b037a_med6_name_CHILDQ	CHEBI:17272	propionate		
eb_b038a_med7_name_CHILDQ	CHEBI:17272	propionate		
eb_b040a_med9_name_CHILDQ	CHEBI:17272	propionate		
eb_b041a_med10_name_CHILDQ	CHEBI:17272	propionate		
eb_b032a_med1_name_CHILDQ	CHEBI:8499	propranolol		
eb_b033a_med2_name_CHILDQ	CHEBI:8499	propranolol		
eb_b034a_med3_name_CHILDQ	CHEBI:8499	propranolol		
eb_b035a_med4_name_CHILDQ	CHEBI:8499	propranolol		
eb_b036a_med5_name_CHILDQ	CHEBI:8499	propranolol		
eb_b041a_med10_name_CHILDQ	CHEBI:8499	propranolol		
eb_b032a_med1_name_CHILDQ	CHEBI:50270	protonix		
eb_b033a_med2_name_CHILDQ	CHEBI:50270	protonix		
eb_b034a_med3_name_CHILDQ	CHEBI:50270	protonix		
eb_b035a_med4_name_CHILDQ	CHEBI:50270	protonix		
eb_b037a_med6_name_CHILDQ	CHEBI:50270	protonix		
eb_b032a_med1_name_CHILDQ	CHEBI:2549	proventil		
eb_b033a_med2_name_CHILDQ	CHEBI:2549	proventil		
eb_b037a_med6_name_CHILDQ	CHEBI:2549	proventil		
eb_b032a_med1_name_CHILDQ	CHEBI:31859	provigil		
eb_b041a_med10_name_CHILDQ	CHEBI:31859	provigil		
eb_b032a_med1_name_CHILDQ	CHEBI:5118	prozac		
eb_b033a_med2_name_CHILDQ	CHEBI:5118	prozac		
eb_b034a_med3_name_CHILDQ	CHEBI:5118	prozac		
eb_b035a_med4_name_CHILDQ	CHEBI:5118	prozac		
eb_b036a_med5_name_CHILDQ	CHEBI:5118	prozac		
eb_b034a_med3_name_CHILDQ	CHEBI:8707	quetiapine		
eb_b036a_med5_name_CHILDQ	CHEBI:8707	quetiapine		
eb_b039a_med8_name_CHILDQ	CHEBI:8707	quetiapine		
eb_b034a_med3_name_CHILDQ	CHEBI:8708	quetiapine fumarate		
eb_b039a_med8_name_CHILDQ	CHEBI:8708	quetiapine fumarate		
eb_b032a_med1_name_CHILDQ	CHEBI:8713	quinapril		
eb_b034a_med3_name_CHILDQ	CHEBI:8713	quinapril		
eb_b033a_med2_name_CHILDQ	CHEBI:8768	rabeprazole		
eb_b033a_med2_name_CHILDQ	CHEBI:8772	raloxifene		
eb_b035a_med4_name_CHILDQ	CHEBI:8772	raloxifene		
eb_b036a_med5_name_CHILDQ	CHEBI:8772	raloxifene		
eb_b032a_med1_name_CHILDQ	CHEBI:8774	ramipril		
eb_b033a_med2_name_CHILDQ	CHEBI:8774	ramipril		
eb_b034a_med3_name_CHILDQ	CHEBI:8774	ramipril		
eb_b035a_med4_name_CHILDQ	CHEBI:8774	ramipril		
eb_b038a_med7_name_CHILDQ	CHEBI:8774	ramipril		
eb_b032a_med1_name_CHILDQ	CHEBI:87681	ranexa		
eb_b033a_med2_name_CHILDQ	CHEBI:87681	ranexa		
eb_b032a_med1_name_CHILDQ	CHEBI:8776	ranitidine		
eb_b033a_med2_name_CHILDQ	CHEBI:8776	ranitidine		
eb_b034a_med3_name_CHILDQ	CHEBI:8776	ranitidine		
eb_b035a_med4_name_CHILDQ	CHEBI:8776	ranitidine		
eb_b036a_med5_name_CHILDQ	CHEBI:8776	ranitidine		
eb_b037a_med6_name_CHILDQ	CHEBI:8776	ranitidine		
eb_b038a_med7_name_CHILDQ	CHEBI:8776	ranitidine		
eb_b039a_med8_name_CHILDQ	CHEBI:8776	ranitidine		
eb_b040a_med9_name_CHILDQ	CHEBI:8776	ranitidine		
eb_b035a_med4_name_CHILDQ	CHEBI:8777	ranitidine hcl		
eb_b038a_med7_name_CHILDQ	CHEBI:8777	ranitidine hcl		
eb_b032a_med1_name_CHILDQ	CHEBI:87681	ranolazine		
eb_b033a_med2_name_CHILDQ	CHEBI:135929	rapaflo		
eb_b038a_med7_name_CHILDQ	CHEBI:135929	rapaflo		
eb_b032a_med1_name_CHILDQ	CHEBI:7443	relafen		
eb_b032a_med1_name_CHILDQ	CHEBI:61176	relpax		
eb_b033a_med2_name_CHILDQ	CHEBI:61176	relpax		
eb_b034a_med3_name_CHILDQ	CHEBI:61176	relpax		
eb_b038a_med7_name_CHILDQ	CHEBI:61176	relpax		
eb_b041a_med10_name_CHILDQ	CHEBI:61176	relpax		
eb_b032a_med1_name_CHILDQ	CHEBI:63791	revlimid		
eb_b039a_med8_name_CHILDQ	CHEBI:63791	revlimid		
eb_b032a_med1_name_CHILDQ	CHEBI:134716	rexulti		
eb_b033a_med2_name_CHILDQ	CHEBI:31243	reyataz		
eb_b037a_med6_name_CHILDQ	CHEBI:28077	rifampin		
eb_b032a_med1_name_CHILDQ	CHEBI:8869	risedronate		
eb_b036a_med5_name_CHILDQ	CHEBI:8869	risedronate		
eb_b033a_med2_name_CHILDQ	CHEBI:8871	risperdal		
eb_b032a_med1_name_CHILDQ	CHEBI:31836	ritalin		
eb_b034a_med3_name_CHILDQ	CHEBI:31836	ritalin		
eb_b035a_med4_name_CHILDQ	CHEBI:31836	ritalin		
eb_b037a_med6_name_CHILDQ	CHEBI:31836	ritalin		
eb_b033a_med2_name_CHILDQ	CHEBI:68579	rivaroxaban		
eb_b035a_med4_name_CHILDQ	CHEBI:8874	rivastigmine		
eb_b032a_med1_name_CHILDQ	CHEBI:48273	rizatriptan		
eb_b034a_med3_name_CHILDQ	CHEBI:48273	rizatriptan		
eb_b035a_med4_name_CHILDQ	CHEBI:48273	rizatriptan		
eb_b032a_med1_name_CHILDQ	CHEBI:8888	ropinirole		
eb_b034a_med3_name_CHILDQ	CHEBI:8888	ropinirole		
eb_b037a_med6_name_CHILDQ	CHEBI:8888	ropinirole		
eb_b032a_med1_name_CHILDQ	CHEBI:38545	rosuvastatin		
eb_b033a_med2_name_CHILDQ	CHEBI:38545	rosuvastatin		
eb_b034a_med3_name_CHILDQ	CHEBI:38545	rosuvastatin		
eb_b035a_med4_name_CHILDQ	CHEBI:38545	rosuvastatin		
eb_b036a_med5_name_CHILDQ	CHEBI:38545	rosuvastatin		
eb_b032a_med1_name_CHILDQ	CHEBI:77249	rosuvastatin calcium		
eb_b033a_med2_name_CHILDQ	CHEBI:77249	rosuvastatin calcium		
eb_b034a_med3_name_CHILDQ	CHEBI:77249	rosuvastatin calcium		
eb_b035a_med4_name_CHILDQ	CHEBI:77249	rosuvastatin calcium		
eb_b037a_med6_name_CHILDQ	CHEBI:15414	s-adenosylmethionine		
eb_b034a_med3_name_CHILDQ	CHEBI:2380	sectral		
eb_b036a_med5_name_CHILDQ	CHEBI:9012	serevent		
eb_b032a_med1_name_CHILDQ	CHEBI:8708	seroquel		
eb_b034a_med3_name_CHILDQ	CHEBI:8708	seroquel		
eb_b032a_med1_name_CHILDQ	CHEBI:9123	sertraline		
eb_b033a_med2_name_CHILDQ	CHEBI:9123	sertraline		
eb_b034a_med3_name_CHILDQ	CHEBI:9123	sertraline		
eb_b035a_med4_name_CHILDQ	CHEBI:9123	sertraline		
eb_b036a_med5_name_CHILDQ	CHEBI:9123	sertraline		
eb_b037a_med6_name_CHILDQ	CHEBI:9123	sertraline		
eb_b038a_med7_name_CHILDQ	CHEBI:9123	sertraline		
eb_b039a_med8_name_CHILDQ	CHEBI:9123	sertraline		
eb_b032a_med1_name_CHILDQ	CHEBI:9124	sertraline hcl		
eb_b033a_med2_name_CHILDQ	CHEBI:9124	sertraline hcl		
eb_b034a_med3_name_CHILDQ	CHEBI:9124	sertraline hcl		
eb_b035a_med4_name_CHILDQ	CHEBI:9124	sertraline hcl		
eb_b034a_med3_name_CHILDQ	CHEBI:9139	sildenafil		
eb_b036a_med5_name_CHILDQ	CHEBI:9139	sildenafil		
eb_b038a_med7_name_CHILDQ	CHEBI:9139	sildenafil		
eb_b038a_med7_name_CHILDQ	CHEBI:58987	sildenafil citrate		
eb_b037a_med6_name_CHILDQ	CHEBI:9142	silver sulfadiazine		
eb_b032a_med1_name_CHILDQ	CHEBI:9150	simvastatin		
eb_b033a_med2_name_CHILDQ	CHEBI:9150	simvastatin		
eb_b034a_med3_name_CHILDQ	CHEBI:9150	simvastatin		
eb_b035a_med4_name_CHILDQ	CHEBI:9150	simvastatin		
eb_b036a_med5_name_CHILDQ	CHEBI:9150	simvastatin		
eb_b037a_med6_name_CHILDQ	CHEBI:9150	simvastatin		
eb_b038a_med7_name_CHILDQ	CHEBI:9150	simvastatin		
eb_b041a_med10_name_CHILDQ	CHEBI:9150	simvastatin		
eb_b032a_med1_name_CHILDQ	CHEBI:9150	simvastatine		
eb_b032a_med1_name_CHILDQ	CHEBI:6993	singulair		
eb_b033a_med2_name_CHILDQ	CHEBI:6993	singulair		
eb_b034a_med3_name_CHILDQ	CHEBI:6993	singulair		
eb_b037a_med6_name_CHILDQ	CHEBI:6993	singulair		
eb_b032a_med1_name_CHILDQ	CHEBI:6993	singular		
eb_b033a_med2_name_CHILDQ	CHEBI:6993	singular		
eb_b034a_med3_name_CHILDQ	CHEBI:6993	singular		
eb_b037a_med6_name_CHILDQ	CHEBI:6993	singular		
eb_b038a_med7_name_CHILDQ	CHEBI:6993	singular		
eb_b032a_med1_name_CHILDQ	CHEBI:27693	sitosterol		
eb_b036a_med5_name_CHILDQ	CHEBI:32139	sodium bicarbonate		
eb_b033a_med2_name_CHILDQ	CHEBI:26710	sodium chloride		
eb_b038a_med7_name_CHILDQ	CHEBI:26710	sodium chloride		
eb_b036a_med5_name_CHILDQ	CHEBI:63858	sodium sulfacetamide		
eb_b038a_med7_name_CHILDQ	CHEBI:135530	solifenacin		
eb_b032a_med1_name_CHILDQ	CHEBI:63622	sotalol		
eb_b033a_med2_name_CHILDQ	CHEBI:63622	sotalol		
eb_b035a_med4_name_CHILDQ	CHEBI:63622	sotalol		
eb_b036a_med5_name_CHILDQ	CHEBI:63622	sotalol		
eb_b033a_med2_name_CHILDQ	CHEBI:9207	sotalol hcl		
eb_b035a_med4_name_CHILDQ	CHEBI:9207	sotalol hcl		
eb_b032a_med1_name_CHILDQ	CHEBI:9241	spironolactone		
eb_b033a_med2_name_CHILDQ	CHEBI:9241	spironolactone		
eb_b034a_med3_name_CHILDQ	CHEBI:9241	spironolactone		
eb_b035a_med4_name_CHILDQ	CHEBI:9241	spironolactone		
eb_b037a_med6_name_CHILDQ	CHEBI:9241	spironolactone		
eb_b038a_med7_name_CHILDQ	CHEBI:9241	spironolactone		
eb_b039a_med8_name_CHILDQ	CHEBI:9241	spironolactone		
eb_b040a_med9_name_CHILDQ	CHEBI:9241	spironolactone		
eb_b032a_med1_name_CHILDQ	CHEBI:87631	statin		
eb_b033a_med2_name_CHILDQ	CHEBI:87631	statin		
eb_b034a_med3_name_CHILDQ	CHEBI:87631	statin		
eb_b034a_med3_name_CHILDQ	CHEBI:9313	sucralfate		
eb_b035a_med4_name_CHILDQ	CHEBI:9313	sucralfate		
eb_b036a_med5_name_CHILDQ	CHEBI:63845	sulfacetamide		
eb_b037a_med6_name_CHILDQ	CHEBI:9328	sulfadiazine		
eb_b032a_med1_name_CHILDQ	CHEBI:9334	sulfasalazine		
eb_b032a_med1_name_CHILDQ	CHEBI:10650	sumatriptan		
eb_b033a_med2_name_CHILDQ	CHEBI:10650	sumatriptan		
eb_b034a_med3_name_CHILDQ	CHEBI:10650	sumatriptan		
eb_b035a_med4_name_CHILDQ	CHEBI:10650	sumatriptan		
eb_b037a_med6_name_CHILDQ	CHEBI:10650	sumatriptan		
eb_b039a_med8_name_CHILDQ	CHEBI:135922	symlin		
eb_b032a_med1_name_CHILDQ	CHEBI:6446	synthroid		
eb_b033a_med2_name_CHILDQ	CHEBI:6446	synthroid		
eb_b034a_med3_name_CHILDQ	CHEBI:6446	synthroid		
eb_b035a_med4_name_CHILDQ	CHEBI:6446	synthroid		
eb_b036a_med5_name_CHILDQ	CHEBI:6446	synthroid		
eb_b037a_med6_name_CHILDQ	CHEBI:6446	synthroid		
eb_b039a_med8_name_CHILDQ	CHEBI:6446	synthroid		
eb_b040a_med9_name_CHILDQ	CHEBI:6446	synthroid		
eb_b033a_med2_name_CHILDQ	CHEBI:61049	tacrolimus		
eb_b034a_med3_name_CHILDQ	CHEBI:71940	tadalafil		
eb_b037a_med6_name_CHILDQ	CHEBI:71940	tadalafil		
eb_b039a_med8_name_CHILDQ	CHEBI:71940	tadalafil		
eb_b035a_med4_name_CHILDQ	CHEBI:50362	tagamet		
eb_b032a_med1_name_CHILDQ	CHEBI:41774	tamoxifen		
eb_b033a_med2_name_CHILDQ	CHEBI:41774	tamoxifen		
eb_b034a_med3_name_CHILDQ	CHEBI:41774	tamoxifen		
eb_b032a_med1_name_CHILDQ	CHEBI:9398	tamsulosin		
eb_b033a_med2_name_CHILDQ	CHEBI:9398	tamsulosin		
eb_b034a_med3_name_CHILDQ	CHEBI:9398	tamsulosin		
eb_b035a_med4_name_CHILDQ	CHEBI:9398	tamsulosin		
eb_b037a_med6_name_CHILDQ	CHEBI:9398	tamsulosin		
eb_b038a_med7_name_CHILDQ	CHEBI:9398	tamsulosin		
eb_b041a_med10_name_CHILDQ	CHEBI:9398	tamsulosin		
eb_b034a_med3_name_CHILDQ	CHEBI:78425	tanzeum		
eb_b035a_med4_name_CHILDQ	CHEBI:78425	tanzeum		
eb_b032a_med1_name_CHILDQ	CHEBI:132950	tartrate		
eb_b033a_med2_name_CHILDQ	CHEBI:132950	tartrate		
eb_b034a_med3_name_CHILDQ	CHEBI:132950	tartrate		
eb_b035a_med4_name_CHILDQ	CHEBI:132950	tartrate		
eb_b036a_med5_name_CHILDQ	CHEBI:132950	tartrate		
eb_b038a_med7_name_CHILDQ	CHEBI:132950	tartrate		
eb_b032a_med1_name_CHILDQ	CHEBI:76004	tecfidera		
eb_b032a_med1_name_CHILDQ	CHEBI:9434	telmisartan		
eb_b034a_med3_name_CHILDQ	CHEBI:9434	telmisartan		
eb_b035a_med4_name_CHILDQ	CHEBI:9434	telmisartan		
eb_b034a_med3_name_CHILDQ	CHEBI:9435	temazepam		
eb_b032a_med1_name_CHILDQ	CHEBI:9445	terazosin		
eb_b032a_med1_name_CHILDQ	CHEBI:9448	terbinafine		
eb_b032a_med1_name_CHILDQ	CHEBI:77614	terbinafine hcl		
eb_b032a_med1_name_CHILDQ	CHEBI:17347	testosteron		
eb_b032a_med1_name_CHILDQ	CHEBI:17347	testosterone		
eb_b033a_med2_name_CHILDQ	CHEBI:17347	testosterone		
eb_b035a_med4_name_CHILDQ	CHEBI:17347	testosterone		
eb_b036a_med5_name_CHILDQ	CHEBI:17347	testosterone		
eb_b037a_med6_name_CHILDQ	CHEBI:17347	testosterone		
eb_b038a_med7_name_CHILDQ	CHEBI:17347	testosterone		
eb_b039a_med8_name_CHILDQ	CHEBI:17347	testosterone		
eb_b035a_med4_name_CHILDQ	CHEBI:9463	testosterone cypionate		
eb_b038a_med7_name_CHILDQ	CHEBI:9463	testosterone cypionate		
eb_b032a_med1_name_CHILDQ	CHEBI:58128	theanine		
eb_b032a_med1_name_CHILDQ	CHEBI:28177	theophylline		
eb_b032a_med1_name_CHILDQ	CHEBI:60311	thyroid hormone		
eb_b032a_med1_name_CHILDQ	CHEBI:30660	thyroxine		
eb_b033a_med2_name_CHILDQ	CHEBI:30660	thyroxine		
eb_b034a_med3_name_CHILDQ	CHEBI:30660	thyroxine		
eb_b035a_med4_name_CHILDQ	CHEBI:30660	thyroxine		
eb_b036a_med5_name_CHILDQ	CHEBI:30660	thyroxine		
eb_b036a_med5_name_CHILDQ	CHEBI:68558	ticagrelor		
eb_b032a_med1_name_CHILDQ	CHEBI:4681	tikosyn		
eb_b033a_med2_name_CHILDQ	CHEBI:39465	timolol		
eb_b035a_med4_name_CHILDQ	CHEBI:39465	timolol		
eb_b036a_med5_name_CHILDQ	CHEBI:39465	timolol		
eb_b033a_med2_name_CHILDQ	CHEBI:9600	timolol maleate		
eb_b035a_med4_name_CHILDQ	CHEBI:9600	timolol maleate		
eb_b033a_med2_name_CHILDQ	CHEBI:63629	tizanidine		
eb_b035a_med4_name_CHILDQ	CHEBI:63629	tizanidine		
eb_b036a_med5_name_CHILDQ	CHEBI:63629	tizanidine		
eb_b037a_med6_name_CHILDQ	CHEBI:63629	tizanidine		
eb_b034a_med3_name_CHILDQ	CHEBI:9622	tolterodine		
eb_b036a_med5_name_CHILDQ	CHEBI:9622	tolterodine		
eb_b032a_med1_name_CHILDQ	CHEBI:63631	topamax		
eb_b033a_med2_name_CHILDQ	CHEBI:63631	topamax		
eb_b037a_med6_name_CHILDQ	CHEBI:63631	topamax		
eb_b032a_med1_name_CHILDQ	CHEBI:63631	topiramate		
eb_b033a_med2_name_CHILDQ	CHEBI:63631	topiramate		
eb_b035a_med4_name_CHILDQ	CHEBI:63631	topiramate		
eb_b036a_med5_name_CHILDQ	CHEBI:63631	topiramate		
eb_b037a_med6_name_CHILDQ	CHEBI:63631	topiramate		
eb_b038a_med7_name_CHILDQ	CHEBI:63631	topiramate		
eb_b032a_med1_name_CHILDQ	CHEBI:9637	torsemide		
eb_b037a_med6_name_CHILDQ	CHEBI:9637	torsemide		
eb_b036a_med5_name_CHILDQ	CHEBI:135920	toviaz		
eb_b040a_med9_name_CHILDQ	CHEBI:135920	toviaz		
eb_b032a_med1_name_CHILDQ	CHEBI:68610	tradjenta		
eb_b032a_med1_name_CHILDQ	CHEBI:9648	tramadol		
eb_b033a_med2_name_CHILDQ	CHEBI:9648	tramadol		
eb_b034a_med3_name_CHILDQ	CHEBI:9648	tramadol		
eb_b035a_med4_name_CHILDQ	CHEBI:9648	tramadol		
eb_b036a_med5_name_CHILDQ	CHEBI:9648	tramadol		
eb_b037a_med6_name_CHILDQ	CHEBI:9648	tramadol		
eb_b038a_med7_name_CHILDQ	CHEBI:9648	tramadol		
eb_b039a_med8_name_CHILDQ	CHEBI:9648	tramadol		
eb_b040a_med9_name_CHILDQ	CHEBI:9648	tramadol		
eb_b032a_med1_name_CHILDQ	CHEBI:32250	tramadol hcl		
eb_b033a_med2_name_CHILDQ	CHEBI:32250	tramadol hcl		
eb_b034a_med3_name_CHILDQ	CHEBI:32250	tramadol hcl		
eb_b036a_med5_name_CHILDQ	CHEBI:32250	tramadol hcl		
eb_b038a_med7_name_CHILDQ	CHEBI:32250	tramadol hcl		
eb_b035a_med4_name_CHILDQ	CHEBI:48669	tranexamic acid		
eb_b032a_med1_name_CHILDQ	CHEBI:746859	travatan		
eb_b041a_med10_name_CHILDQ	CHEBI:746859	travatan		
eb_b032a_med1_name_CHILDQ	CHEBI:746859	travatan z		
eb_b034a_med3_name_CHILDQ	CHEBI:746859	travoprost		
eb_b032a_med1_name_CHILDQ	CHEBI:9654	trazodone		
eb_b033a_med2_name_CHILDQ	CHEBI:9654	trazodone		
eb_b034a_med3_name_CHILDQ	CHEBI:9654	trazodone		
eb_b035a_med4_name_CHILDQ	CHEBI:9654	trazodone		
eb_b036a_med5_name_CHILDQ	CHEBI:9654	trazodone		
eb_b037a_med6_name_CHILDQ	CHEBI:9654	trazodone		
eb_b038a_med7_name_CHILDQ	CHEBI:9654	trazodone		
eb_b039a_med8_name_CHILDQ	CHEBI:9654	trazodone		
eb_b040a_med9_name_CHILDQ	CHEBI:9654	trazodone		
eb_b041a_med10_name_CHILDQ	CHEBI:9654	trazodone		
eb_b032a_med1_name_CHILDQ	CHEBI:15367	tretinoin		
eb_b033a_med2_name_CHILDQ	CHEBI:15367	tretinoin		
eb_b037a_med6_name_CHILDQ	CHEBI:15367	tretinoin		
eb_b039a_med8_name_CHILDQ	CHEBI:15367	tretinoin		
eb_b033a_med2_name_CHILDQ	CHEBI:9667	triamcinolone		
eb_b036a_med5_name_CHILDQ	CHEBI:9667	triamcinolone		
eb_b039a_med8_name_CHILDQ	CHEBI:9667	triamcinolone		
eb_b040a_med9_name_CHILDQ	CHEBI:9667	triamcinolone		
eb_b033a_med2_name_CHILDQ	CHEBI:71418	triamcinolone acetonide		
eb_b036a_med5_name_CHILDQ	CHEBI:71418	triamcinolone acetonide		
eb_b032a_med1_name_CHILDQ	CHEBI:9671	triamterene		
eb_b033a_med2_name_CHILDQ	CHEBI:9671	triamterene		
eb_b034a_med3_name_CHILDQ	CHEBI:9671	triamterene		
eb_b035a_med4_name_CHILDQ	CHEBI:9671	triamterene		
eb_b038a_med7_name_CHILDQ	CHEBI:9671	triamterene		
eb_b041a_med10_name_CHILDQ	CHEBI:9671	triamterene		
eb_b032a_med1_name_CHILDQ	CHEBI:5001	tricor		
eb_b035a_med4_name_CHILDQ	CHEBI:5001	tricor		
eb_b036a_med5_name_CHILDQ	CHEBI:5001	tricor		
eb_b032a_med1_name_CHILDQ	CHEBI:145791	trospium		
eb_b032a_med1_name_CHILDQ	CHEBI:46195	tylenol		
eb_b033a_med2_name_CHILDQ	CHEBI:46195	tylenol		
eb_b034a_med3_name_CHILDQ	CHEBI:46195	tylenol		
eb_b035a_med4_name_CHILDQ	CHEBI:46195	tylenol		
eb_b036a_med5_name_CHILDQ	CHEBI:46195	tylenol		
eb_b037a_med6_name_CHILDQ	CHEBI:46195	tylenol		
eb_b038a_med7_name_CHILDQ	CHEBI:46195	tylenol		
eb_b039a_med8_name_CHILDQ	CHEBI:46195	tylenol		
eb_b040a_med9_name_CHILDQ	CHEBI:46195	tylenol		
eb_b041a_med10_name_CHILDQ	CHEBI:46195	tylenol		
eb_b032a_med1_name_CHILDQ	CHEBI:17976	ubiquinol		
eb_b032a_med1_name_CHILDQ	CHEBI:31596	uloric		
eb_b033a_med2_name_CHILDQ	CHEBI:31596	uloric		
eb_b034a_med3_name_CHILDQ	CHEBI:31596	uloric		
eb_b035a_med4_name_CHILDQ	CHEBI:31596	uloric		
eb_b032a_med1_name_CHILDQ	CHEBI:35854	valacyclovir		
eb_b033a_med2_name_CHILDQ	CHEBI:35854	valacyclovir		
eb_b034a_med3_name_CHILDQ	CHEBI:35854	valacyclovir		
eb_b035a_med4_name_CHILDQ	CHEBI:35854	valacyclovir		
eb_b037a_med6_name_CHILDQ	CHEBI:35854	valacyclovir		
eb_b041a_med10_name_CHILDQ	CHEBI:35854	valacyclovir		
eb_b038a_med7_name_CHILDQ	CHEBI:63635	valganciclovir		
eb_b032a_med1_name_CHILDQ	CHEBI:49575	valium		
eb_b035a_med4_name_CHILDQ	CHEBI:49575	valium		
eb_b032a_med1_name_CHILDQ	CHEBI:39867	valproic acid		
eb_b033a_med2_name_CHILDQ	CHEBI:39867	valproic acid		
eb_b032a_med1_name_CHILDQ	CHEBI:9927	valsartan		
eb_b033a_med2_name_CHILDQ	CHEBI:9927	valsartan		
eb_b034a_med3_name_CHILDQ	CHEBI:9927	valsartan		
eb_b035a_med4_name_CHILDQ	CHEBI:9927	valsartan		
eb_b036a_med5_name_CHILDQ	CHEBI:9927	valsartan		
eb_b038a_med7_name_CHILDQ	CHEBI:9927	valsartan		
eb_b040a_med9_name_CHILDQ	CHEBI:9927	valsartan		
eb_b035a_med4_name_CHILDQ	CHEBI:28001	vancomycin		
eb_b037a_med6_name_CHILDQ	CHEBI:84883	vascepa		
eb_b032a_med1_name_CHILDQ	CHEBI:9943	venlafaxine		
eb_b033a_med2_name_CHILDQ	CHEBI:9943	venlafaxine		
eb_b034a_med3_name_CHILDQ	CHEBI:9943	venlafaxine		
eb_b035a_med4_name_CHILDQ	CHEBI:9943	venlafaxine		
eb_b038a_med7_name_CHILDQ	CHEBI:9943	venlafaxine		
eb_b032a_med1_name_CHILDQ	CHEBI:9944	venlafaxine hcl		
eb_b032a_med1_name_CHILDQ	CHEBI:2550	ventolin		
eb_b034a_med3_name_CHILDQ	CHEBI:2550	ventolin		
eb_b035a_med4_name_CHILDQ	CHEBI:2550	ventolin		
eb_b036a_med5_name_CHILDQ	CHEBI:2550	ventolin		
eb_b037a_med6_name_CHILDQ	CHEBI:2550	ventolin		
eb_b038a_med7_name_CHILDQ	CHEBI:2550	ventolin		
eb_b039a_med8_name_CHILDQ	CHEBI:2550	ventolin		
eb_b040a_med9_name_CHILDQ	CHEBI:2550	ventolin		
eb_b041a_med10_name_CHILDQ	CHEBI:2550	ventolin		
eb_b035a_med4_name_CHILDQ	CHEBI:74899	veramyst		
eb_b032a_med1_name_CHILDQ	CHEBI:9948	verapamil		
eb_b033a_med2_name_CHILDQ	CHEBI:9948	verapamil		
eb_b035a_med4_name_CHILDQ	CHEBI:9948	verapamil		
eb_b037a_med6_name_CHILDQ	CHEBI:9948	verapamil		
eb_b033a_med2_name_CHILDQ	CHEBI:135530	vesicare		
eb_b034a_med3_name_CHILDQ	CHEBI:135530	vesicare		
eb_b035a_med4_name_CHILDQ	CHEBI:135530	vesicare		
eb_b032a_med1_name_CHILDQ	CHEBI:58987	viagra		
eb_b038a_med7_name_CHILDQ	CHEBI:58987	viagra		
eb_b032a_med1_name_CHILDQ	CHEBI:71193	victoza		
eb_b033a_med2_name_CHILDQ	CHEBI:71193	victoza		
eb_b034a_med3_name_CHILDQ	CHEBI:71193	victoza		
eb_b037a_med6_name_CHILDQ	CHEBI:71193	victoza		
eb_b038a_med7_name_CHILDQ	CHEBI:71193	victoza		
eb_b040a_med9_name_CHILDQ	CHEBI:71193	victoza		
eb_b032a_med1_name_CHILDQ	CHEBI:70705	viibryd		
eb_b033a_med2_name_CHILDQ	CHEBI:70705	viibryd		
eb_b036a_med5_name_CHILDQ	CHEBI:75037	vilanterol		
eb_b032a_med1_name_CHILDQ	CHEBI:135939	vimpat		
eb_b034a_med3_name_CHILDQ	CHEBI:31680	vistaril		
eb_b032a_med1_name_CHILDQ	CHEBI:75769	vitamin b		
eb_b035a_med4_name_CHILDQ	CHEBI:75769	vitamin b		
eb_b036a_med5_name_CHILDQ	CHEBI:75769	vitamin b		
eb_b040a_med9_name_CHILDQ	CHEBI:75769	vitamin b		
eb_b041a_med10_name_CHILDQ	CHEBI:75769	vitamin b		
eb_b032a_med1_name_CHILDQ	CHEBI:176843	vitamin b12		
eb_b035a_med4_name_CHILDQ	CHEBI:176843	vitamin b12		
eb_b036a_med5_name_CHILDQ	CHEBI:176843	vitamin b12		
eb_b041a_med10_name_CHILDQ	CHEBI:176843	vitamin b12		
eb_b034a_med3_name_CHILDQ	CHEBI:176783	vitamin c		
eb_b035a_med4_name_CHILDQ	CHEBI:176783	vitamin c		
eb_b037a_med6_name_CHILDQ	CHEBI:176783	vitamin c		
eb_b038a_med7_name_CHILDQ	CHEBI:176783	vitamin c		
eb_b039a_med8_name_CHILDQ	CHEBI:176783	vitamin c		
eb_b040a_med9_name_CHILDQ	CHEBI:176783	vitamin c		
eb_b032a_med1_name_CHILDQ	CHEBI:27300	vitamin d		
eb_b033a_med2_name_CHILDQ	CHEBI:27300	vitamin d		
eb_b034a_med3_name_CHILDQ	CHEBI:27300	vitamin d		
eb_b035a_med4_name_CHILDQ	CHEBI:27300	vitamin d		
eb_b036a_med5_name_CHILDQ	CHEBI:27300	vitamin d		
eb_b037a_med6_name_CHILDQ	CHEBI:27300	vitamin d		
eb_b038a_med7_name_CHILDQ	CHEBI:27300	vitamin d		
eb_b039a_med8_name_CHILDQ	CHEBI:27300	vitamin d		
eb_b040a_med9_name_CHILDQ	CHEBI:27300	vitamin d		
eb_b041a_med10_name_CHILDQ	CHEBI:27300	vitamin d		
eb_b032a_med1_name_CHILDQ	CHEBI:28934	vitamin d2		
eb_b035a_med4_name_CHILDQ	CHEBI:28934	vitamin d2		
eb_b037a_med6_name_CHILDQ	CHEBI:28934	vitamin d2		
eb_b039a_med8_name_CHILDQ	CHEBI:28934	vitamin d2		
eb_b040a_med9_name_CHILDQ	CHEBI:28934	vitamin d2		
eb_b032a_med1_name_CHILDQ	CHEBI:28940	vitamin d3		
eb_b033a_med2_name_CHILDQ	CHEBI:28940	vitamin d3		
eb_b034a_med3_name_CHILDQ	CHEBI:28940	vitamin d3		
eb_b035a_med4_name_CHILDQ	CHEBI:28940	vitamin d3		
eb_b036a_med5_name_CHILDQ	CHEBI:28940	vitamin d3		
eb_b037a_med6_name_CHILDQ	CHEBI:28940	vitamin d3		
eb_b038a_med7_name_CHILDQ	CHEBI:28940	vitamin d3		
eb_b041a_med10_name_CHILDQ	CHEBI:28940	vitamin d3		
eb_b032a_med1_name_CHILDQ	CHEBI:33234	vitamin e		
eb_b035a_med4_name_CHILDQ	CHEBI:33234	vitamin e		
eb_b041a_med10_name_CHILDQ	CHEBI:33234	vitamin e		
eb_b032a_med1_name_CHILDQ	CHEBI:135925	vyvanse		
eb_b033a_med2_name_CHILDQ	CHEBI:135925	vyvanse		
eb_b036a_med5_name_CHILDQ	CHEBI:135925	vyvanse		
eb_b041a_med10_name_CHILDQ	CHEBI:135925	vyvanse		
eb_b032a_med1_name_CHILDQ	CHEBI:10033	warfarin		
eb_b033a_med2_name_CHILDQ	CHEBI:10033	warfarin		
eb_b032a_med1_name_CHILDQ	CHEBI:3220	wellbutrin		
eb_b033a_med2_name_CHILDQ	CHEBI:3220	wellbutrin		
eb_b034a_med3_name_CHILDQ	CHEBI:3220	wellbutrin		
eb_b035a_med4_name_CHILDQ	CHEBI:3220	wellbutrin		
eb_b036a_med5_name_CHILDQ	CHEBI:3220	wellbutrin		
eb_b037a_med6_name_CHILDQ	CHEBI:3220	wellbutrin		
eb_b038a_med7_name_CHILDQ	CHEBI:3220	wellbutrin		
eb_b032a_med1_name_CHILDQ	CHEBI:6384	xalatan		
eb_b032a_med1_name_CHILDQ	CHEBI:2611	xanax		
eb_b033a_med2_name_CHILDQ	CHEBI:2611	xanax		
eb_b034a_med3_name_CHILDQ	CHEBI:2611	xanax		
eb_b037a_med6_name_CHILDQ	CHEBI:2611	xanax		
eb_b032a_med1_name_CHILDQ	CHEBI:68579	xarelto		
eb_b033a_med2_name_CHILDQ	CHEBI:68579	xarelto		
eb_b034a_med3_name_CHILDQ	CHEBI:68579	xarelto		
eb_b032a_med1_name_CHILDQ	CHEBI:71197	xeljanz		
eb_b037a_med6_name_CHILDQ	CHEBI:71197	xeljanz		
eb_b039a_med8_name_CHILDQ	CHEBI:71197	xeljanz		
eb_b034a_med3_name_CHILDQ	CHEBI:31348	xeloda		
eb_b033a_med2_name_CHILDQ	CHEBI:133023	xiidra		
eb_b040a_med9_name_CHILDQ	CHEBI:30830	xyrem		
eb_b033a_med2_name_CHILDQ	CHEBI:94559	xyzal		
eb_b036a_med5_name_CHILDQ	CHEBI:10100	zafirlukast		
eb_b034a_med3_name_CHILDQ	CHEBI:10102	zaleplon		
eb_b036a_med5_name_CHILDQ	CHEBI:10102	zaleplon		
eb_b032a_med1_name_CHILDQ	CHEBI:8777	zantac		
eb_b033a_med2_name_CHILDQ	CHEBI:8777	zantac		
eb_b034a_med3_name_CHILDQ	CHEBI:8777	zantac		
eb_b035a_med4_name_CHILDQ	CHEBI:8777	zantac		
eb_b036a_med5_name_CHILDQ	CHEBI:8777	zantac		
eb_b037a_med6_name_CHILDQ	CHEBI:8777	zantac		
eb_b038a_med7_name_CHILDQ	CHEBI:8777	zantac		
eb_b039a_med8_name_CHILDQ	CHEBI:8777	zantac		
eb_b036a_med5_name_CHILDQ	CHEBI:27547	zeaxanthin		
eb_b037a_med6_name_CHILDQ	CHEBI:27547	zeaxanthin		
eb_b032a_med1_name_CHILDQ	CHEBI:49040	zetia		
eb_b033a_med2_name_CHILDQ	CHEBI:49040	zetia		
eb_b036a_med5_name_CHILDQ	CHEBI:49040	zetia		
eb_b037a_med6_name_CHILDQ	CHEBI:49040	zetia		
eb_b038a_med7_name_CHILDQ	CHEBI:49040	zetia		
eb_b033a_med2_name_CHILDQ	CHEBI:27363	zinc		
eb_b032a_med1_name_CHILDQ	CHEBI:9150	zocor		
eb_b033a_med2_name_CHILDQ	CHEBI:9150	zocor		
eb_b034a_med3_name_CHILDQ	CHEBI:9150	zocor		
eb_b035a_med4_name_CHILDQ	CHEBI:9150	zocor		
eb_b036a_med5_name_CHILDQ	CHEBI:9150	zocor		
eb_b037a_med6_name_CHILDQ	CHEBI:9150	zocor		
eb_b033a_med2_name_CHILDQ	CHEBI:10124	zolmitriptan		
eb_b036a_med5_name_CHILDQ	CHEBI:10124	zolmitriptan		
eb_b032a_med1_name_CHILDQ	CHEBI:9124	zoloft		
eb_b033a_med2_name_CHILDQ	CHEBI:9124	zoloft		
eb_b035a_med4_name_CHILDQ	CHEBI:9124	zoloft		
eb_b038a_med7_name_CHILDQ	CHEBI:9124	zoloft		
eb_b032a_med1_name_CHILDQ	CHEBI:10125	zolpidem		
eb_b033a_med2_name_CHILDQ	CHEBI:10125	zolpidem		
eb_b034a_med3_name_CHILDQ	CHEBI:10125	zolpidem		
eb_b035a_med4_name_CHILDQ	CHEBI:10125	zolpidem		
eb_b036a_med5_name_CHILDQ	CHEBI:10125	zolpidem		
eb_b038a_med7_name_CHILDQ	CHEBI:10125	zolpidem		
eb_b032a_med1_name_CHILDQ	CHEBI:10126	zolpidem tartrate		
eb_b033a_med2_name_CHILDQ	CHEBI:10126	zolpidem tartrate		
eb_b034a_med3_name_CHILDQ	CHEBI:10126	zolpidem tartrate		
eb_b036a_med5_name_CHILDQ	CHEBI:10126	zolpidem tartrate		
eb_b038a_med7_name_CHILDQ	CHEBI:10126	zolpidem tartrate		
eb_b034a_med3_name_CHILDQ	CHEBI:10124	zomig		
eb_b036a_med5_name_CHILDQ	CHEBI:10127	zonisamide		
eb_b032a_med1_name_CHILDQ	CHEBI:7735	zyprexa		